averagemwh,year,index
17.312415051546385,2015,0
16.9990462886598,2015,1
16.11141195876288,2015,2
16.49473845360825,2015,3
17.242925257731958,2015,4
16.915263917525778,2015,5
16.949041752577333,2015,6
17.10578896907217,2015,7
17.57132680412372,2015,8
16.957916082474238,2015,9
16.30064690721649,2015,10
16.7061225773196,2015,11
18.01690546391753,2015,12
17.836836185567016,2015,13
18.967002989690712,2015,14
20.02690969072165,2015,15
17.880951237113393,2015,16
17.954111030927844,2015,17
19.736915257731955,2015,18
18.278330618556694,2015,19
17.6041443298969,2015,20
17.65543216494846,2015,21
18.24437350515465,2015,22
19.829659484536087,2015,23
19.063035257731958,2015,24
19.74805865979381,2015,25
19.417244742268043,2015,26
17.99934597938144,2015,27
16.733659175257728,2015,28
16.76528175257732,2015,29
21.221263195876297,2015,30
20.032498350515464,2015,31
19.2086856701031,2015,32
19.2739918556701,2015,33
20.019369175257733,2015,34
19.921685463917527,2015,35
20.32741855670104,2015,36
20.25995639175257,2015,37
20.370685051546392,2015,38
18.70852134020617,2015,39
19.37229010309279,2015,40
20.37745783505155,2015,41
19.04892505154638,2015,42
18.18900072164948,2015,43
18.30116144329897,2015,44
19.59986865979381,2015,45
18.047120618556704,2015,46
17.303368762886596,2015,47
16.897866907216486,2015,48
16.370713505154633,2015,49
16.35601793814434,2015,50
16.96622804123711,2015,51
17.136518659793825,2015,52
16.67544010309278,2015,53
16.82034690721651,2015,54
16.873311443298984,2015,55
17.036441030927826,2015,56
16.917129896907202,2015,57
18.954672164948427,2015,58
19.764767835051547,2015,59
20.057890412371133,2015,60
20.76889463917525,2015,61
15.234491443298984,2015,62
15.203623298969084,2015,63
15.381766185567018,2015,64
17.890027525773185,2015,65
17.47887340206185,2015,66
18.292893505154638,2015,67
18.68149422680413,2015,68
19.19809474226805,2015,69
17.00240999999999,2015,70
16.6307875257732,2015,71
18.77503185567012,2015,72
20.092182783505155,2015,73
20.981686288659787,2015,74
20.107525154639177,2015,75
20.54952402061857,2015,76
17.6054494845361,2015,77
14.503555360824729,2015,78
13.74448278350516,2015,79
13.874788247422694,2015,80
14.666064329896908,2015,81
15.213809587628864,2015,82
16.004521340206196,2015,83
16.460470412371144,2015,84
16.771979587628874,2015,85
17.264367216494847,2015,86
16.927020824742268,2015,87
15.883135154639175,2015,88
16.795286185567022,2015,89
17.348574639175272,2015,90
16.726738350515472,2015,91
17.05456536082473,2015,92
16.34784577319588,2015,93
15.168658762886585,2015,94
14.80093608247422,2015,95
13.367720000000022,2015,96
12.877125979381434,2015,97
13.749086907216489,2015,98
15.407957731958756,2015,99
15.01357453608246,2015,100
14.60086721649484,2015,101
15.176772783505156,2015,102
14.636086494845337,2015,103
14.00962536082476,2015,104
14.385458247422678,2015,105
15.205663608247432,2015,106
15.126645670103088,2015,107
14.928727628865968,2015,108
15.053283917525768,2015,109
10.310910412371133,2015,110
9.755126804123714,2015,111
9.828322474226804,2015,112
11.133252371134022,2015,113
11.093103505154644,2015,114
11.288849484536074,2015,115
12.123588659793814,2015,116
12.385765670103092,2015,117
12.584307835051534,2015,118
13.280732371134022,2015,119
13.441985876288658,2015,120
15.920630206185566,2015,121
14.241148556701042,2015,122
14.11555731958762,2015,123
14.41357546391751,2015,124
15.523185154639162,2015,125
7.3638413402061795,2015,126
8.081016494845363,2015,127
8.402578041237115,2015,128
8.40178288659793,2015,129
8.21804896907216,2015,130
8.309423298969076,2015,131
9.10893082474226,2015,132
8.388669278350505,2015,133
8.389628041237119,2015,134
8.227417628865977,2015,135
8.340466907216497,2015,136
9.360525463917533,2015,137
9.682294742268056,2015,138
10.951423917525767,2015,139
9.85169268041238,2015,140
10.404457319587628,2015,141
5.4170192783505176,2015,142
5.551585463917526,2015,143
5.558336701030928,2015,144
5.561502371134024,2015,145
5.548209793814442,2015,146
5.544420206185566,2015,147
5.73721639175258,2015,148
5.735755670103099,2015,149
5.867188969072163,2015,150
6.594244432989688,2015,151
6.488354329896908,2015,152
6.595207628865977,2015,153
6.551834948453607,2015,154
6.67283113402062,2015,155
6.789016907216491,2015,156
7.4543053608247485,2015,157
2.3677228865979387,2015,158
2.3780321649484546,2015,159
5.602474536082468,2015,160
2.7521545360824744,2015,161
3.640729175257731,2015,162
3.526594639175257,2015,163
3.5369039175257724,2015,164
3.547213195876288,2015,165
3.557522474226804,2015,166
3.57642412371134,2015,167
4.169466804123712,2015,168
3.477144948453608,2015,169
16.724875567010308,2015,170
16.55414175257732,2015,171
16.995904948453614,2015,172
16.82316731958763,2015,173
17.192858041237113,2015,174
17.316555876288657,2015,175
17.20851546391753,2015,176
17.563590618556695,2015,177
18.50512103092785,2015,178
19.439304432989697,2015,179
19.276894432989696,2015,180
17.639900206185565,2015,181
17.767069587628864,2015,182
19.111596907216512,2015,183
19.319845463917527,2015,184
17.581249381443293,2015,185
17.718484432989694,2015,186
17.361947216494844,2015,187
16.90550948453609,2015,188
19.485333814433,2015,189
22.073138969072154,2015,190
21.44965391752577,2015,191
19.38088979381444,2015,192
18.514275360824737,2015,193
18.073454536082465,2015,194
19.996150927835053,2015,195
19.536016494845352,2015,196
19.817795051546405,2015,197
19.87196999999999,2015,198
20.50290804123712,2015,199
18.21814680412371,2015,200
18.27151917525773,2015,201
21.260686597938147,2016,202
21.1364886597938,2016,203
20.568618969072165,2016,204
20.685079793814424,2016,205
20.557487422680406,2016,206
20.020529690721645,2016,207
20.05796618556702,2016,208
21.29683618556701,2016,209
23.1846686597938,2016,210
21.706740206185565,2016,211
17.7182350515464,2016,212
19.878107319587635,2016,213
21.5466256701031,2016,214
21.05840402061855,2016,215
20.456666391752584,2016,216
21.499945154639164,2016,217
20.51198175257732,2016,218
19.86193556701032,2016,219
19.668767422680407,2016,220
19.918786494845367,2016,221
20.92143886597939,2016,222
21.159882474226805,2016,223
20.994987422680406,2016,224
20.764354226804127,2016,225
19.8403713402062,2016,226
19.54588690721649,2016,227
18.633874639175257,2016,228
19.12156845360824,2016,229
19.5684113402062,2016,230
20.25175773195876,2016,231
19.345565876288664,2016,232
18.47168474226805,2016,233
18.291231340206185,2016,234
17.99393855670101,2016,235
16.945035670103103,2016,236
17.98727505154641,2016,237
21.292503402061868,2016,238
21.37632412371135,2016,239
20.506990824742267,2016,240
21.095127731958783,2016,241
21.55307175257732,2016,242
18.47285536082476,2016,243
14.88092639175257,2016,244
15.557153917525776,2016,245
20.00260886597939,2016,246
17.677530103092796,2016,247
18.13602515463916,2016,248
17.45154752577319,2016,249
16.017834639175256,2016,250
15.497267938144336,2016,251
15.370896185567016,2016,252
15.592682474226809,2016,253
18.3367892783505,2016,254
17.407160824742267,2016,255
17.13872123711341,2016,256
17.84714536082474,2016,257
19.45000288659793,2016,258
17.960146597938145,2016,259
18.048978350515466,2016,260
15.61057938144329,2016,261
15.409169587628869,2016,262
14.897843195876284,2016,263
14.85787030927835,2016,264
15.77224824742266,2016,265
15.426235257731944,2016,266
15.887412061855668,2016,267
15.06330092783505,2016,268
16.274430103092776,2016,269
20.48135639175259,2016,270
21.960239793814434,2016,271
20.891057010309268,2016,272
18.000236288659796,2016,273
16.87691587628866,2016,274
15.302976804123707,2016,275
17.69513948453608,2016,276
17.177636185567003,2016,277
15.456505979381452,2016,278
16.01443010309279,2016,279
19.57889969072165,2016,280
17.723105360824743,2016,281
18.225961855670107,2016,282
16.938310103092775,2016,283
16.97708639175258,2016,284
15.9941849484536,2016,285
16.55516298969072,2016,286
15.873496288659805,2016,287
16.08522350515464,2016,288
15.468364845360838,2016,289
15.74201783505156,2016,290
16.29241185567011,2016,291
16.239816494845368,2016,292
15.742057731958758,2016,293
16.525591958762874,2016,294
20.164544639175254,2016,295
17.082741546391738,2016,296
16.20921659793815,2016,297
16.075007525773213,2016,298
15.193318247422676,2016,299
16.159420618556698,2016,300
21.687472577319596,2016,301
17.256865463917535,2016,302
16.818829072164938,2016,303
17.21363773195875,2016,304
17.1397192783505,2016,305
17.058092886597954,2016,306
16.835085463917526,2016,307
17.360580412371135,2016,308
16.706661237113394,2016,309
16.905787525773206,2016,310
16.466701546391736,2016,311
16.173554432989693,2016,312
14.776069484536087,2016,313
15.323306494845369,2016,314
16.064814226804128,2016,315
15.95650597938145,2016,316
15.723057731958765,2016,317
15.61333649484536,2016,318
16.020233092783506,2016,319
15.993753917525774,2016,320
16.289067835051544,2016,321
18.473922371134023,2016,322
17.454785154639165,2016,323
15.058276391752562,2016,324
15.352910618556706,2016,325
15.671919381443296,2016,326
14.600749381443292,2016,327
14.2798137113402,2016,328
15.21567804123711,2016,329
15.797155979381444,2016,330
16.57042422680414,2016,331
15.683533195876304,2016,332
15.724381030927844,2016,333
18.428135360824744,2016,334
17.761392268041234,2016,335
15.42668453608248,2016,336
15.846191340206184,2016,337
16.3471187628866,2016,338
16.574165463917524,2016,339
18.09980969072165,2016,340
15.257306804123717,2016,341
15.260144536082471,2016,342
16.19141721649484,2016,343
16.754638144329892,2016,344
16.110025567010304,2016,345
15.448998762886594,2016,346
15.32837979381443,2016,347
15.791329896907229,2016,348
15.66994742268042,2016,349
15.826156701030929,2016,350
16.129996082474232,2016,351
15.14847701030928,2016,352
14.763458556701028,2016,353
15.03732793814434,2016,354
14.950975360824728,2016,355
16.94398608247423,2016,356
18.43952247422681,2016,357
20.290630618556698,2016,358
20.230306701030944,2016,359
21.14190670103092,2016,360
21.50522443298969,2016,361
15.01559556701031,2016,362
14.65436164948454,2016,363
15.475850721649484,2016,364
15.236770515463926,2016,365
15.060850618556712,2016,366
16.6767481443299,2016,367
18.459507938144327,2016,368
18.537430618556694,2016,369
17.82494793814433,2016,370
16.854707113402057,2016,371
19.56310804123711,2016,372
20.79793659793815,2016,373
21.52117319587629,2016,374
19.975125360824745,2016,375
22.428738041237114,2016,376
19.04925917525773,2016,377
15.991862680412364,2016,378
17.655139484536093,2016,379
19.76455752577318,2016,380
17.406832474226807,2016,381
15.45361701030928,2016,382
15.662358762886592,2016,383
18.97361793814433,2016,384
19.10935525773196,2016,385
17.051689690721656,2016,386
16.906942164948447,2016,387
21.67517567010309,2016,388
22.39238731958763,2016,389
23.452108865979373,2016,390
21.874162268041232,2016,391
20.648434639175253,2016,392
21.05072969072165,2016,393
20.100570412371148,2016,394
18.43631742268041,2016,395
16.815600515463924,2016,396
16.627397216494842,2016,397
16.587438762886592,2016,398
17.33880360824742,2016,399
17.470030309278354,2016,400
17.382475567010314,2016,401
17.781074020618558,2016,402
17.674758247422677,2016,403
17.828252474226808,2016,404
19.565511030927837,2016,405
20.804247319587635,2016,406
21.21011804123712,2016,407
21.026685876288656,2016,408
22.484035670103093,2016,409
18.707970206185568,2016,410
18.409165360824733,2016,411
18.98288536082473,2016,412
17.664282371134018,2016,413
16.859242886597936,2016,414
18.007566185567008,2016,415
24.338831340206177,2016,416
22.55370154639174,2016,417
19.89141855670103,2016,418
21.488199072164942,2016,419
19.654731134020626,2016,420
20.341771855670096,2016,421
21.101388762886607,2016,422
22.12678072164948,2016,423
22.766369072164952,2016,424
23.3367749484536,2016,425
20.98135731958763,2016,426
20.22702144329897,2016,427
18.40965711340206,2016,428
18.627758659793816,2016,429
18.562633917525776,2016,430
18.202453608247424,2016,431
21.205728969072165,2016,432
22.14814701030927,2016,433
21.699110824742263,2016,434
18.56259144329896,2016,435
16.970784020618567,2016,436
17.535435979381436,2016,437
17.91523154639175,2016,438
16.198672061855667,2016,439
15.473818144329895,2016,440
17.32698391752577,2016,441
22.943016597938144,2016,442
25.03501092783504,2016,443
27.02273670103093,2016,444
23.75196979381445,2016,445
22.46055824742269,2016,446
22.64112659793815,2016,447
19.509649175257746,2016,448
20.335247319587623,2016,449
20.28709350515463,2016,450
18.771524020618564,2016,451
16.055286701030937,2016,452
16.86641608247424,2016,453
16.970518556701027,2016,454
17.200808247422675,2016,455
16.698993402061863,2016,456
17.068357113402065,2016,457
21.22336515463918,2016,458
18.36794979381444,2016,459
16.39651,2016,460
17.67026474226804,2016,461
18.9902418556701,2016,462
20.23736412371133,2016,463
16.811615463917526,2016,464
16.54035268041236,2016,465
17.36743329896907,2016,466
17.012682061855674,2016,467
17.51424948453607,2016,468
17.015597216494843,2016,469
19.90730185567009,2016,470
19.71325288659793,2016,471
17.639754329896906,2016,472
15.587267628865987,2016,473
17.996285670103088,2016,474
19.017726082474223,2016,475
19.18058896907217,2016,476
19.150066701030934,2016,477
18.13912041237113,2016,478
19.423856907216496,2016,479
15.289187525773205,2016,480
15.260979175257736,2016,481
15.20296886597938,2016,482
15.162014948453612,2016,483
14.928883092783511,2016,484
15.641074020618564,2016,485
15.34402288659794,2016,486
14.655102164948447,2016,487
14.442381649484531,2016,488
14.850467628865976,2016,489
16.28647030927834,2016,490
17.89417886597939,2016,491
17.465452783505143,2016,492
17.864180618556706,2016,493
17.3976606185567,2016,494
16.966384948453612,2016,495
14.947443402061865,2016,496
15.345434845360836,2016,497
15.518184845360835,2016,498
16.51643237113402,2016,499
14.852293298969077,2016,500
15.537454742268032,2016,501
17.381176494845352,2016,502
16.38102742268041,2016,503
14.426107113402056,2016,504
14.86372958762887,2016,505
15.11002474226804,2016,506
15.338841237113405,2016,507
15.083549381443287,2016,508
14.704176185567016,2016,509
15.684700206185566,2016,510
15.177587319587635,2016,511
14.837475979381436,2016,512
15.102079175257716,2016,513
15.60492525773197,2016,514
15.14488288659794,2016,515
18.189769175257737,2016,516
20.067795979381437,2016,517
20.48826731958765,2016,518
20.88521072164947,2016,519
22.91633329896909,2017,520
20.894952886597935,2017,521
15.295843298969094,2017,522
15.702467010309263,2017,523
15.576364123711333,2017,524
16.12432041237113,2017,525
14.79654546391752,2017,526
15.689239072164934,2017,527
17.011848350515468,2017,528
15.774935463917526,2017,529
19.400771855670108,2017,530
20.615353917525773,2017,531
19.42071546391753,2017,532
19.42249020618557,2017,533
19.08017711340205,2017,534
18.909648453608245,2017,535
18.306561855670104,2017,536
18.65890360824742,2017,537
19.98788793814433,2017,538
21.541919175257732,2017,539
20.59474298969073,2017,540
21.165039896907214,2017,541
20.091662680412377,2017,542
19.8316650515464,2017,543
15.642838865979382,2017,544
15.72556515463918,2017,545
15.574251030927847,2017,546
15.33309494845362,2017,547
15.273387938144326,2017,548
15.876768659793807,2017,549
15.810225463917533,2017,550
21.52553814432989,2017,551
19.880287835051547,2017,552
22.88423340206185,2017,553
23.392739484536083,2017,554
23.38150649484536,2017,555
22.413656597938147,2017,556
20.62856979381442,2017,557
19.772363814432985,2017,558
18.07621907216496,2017,559
19.06157525773196,2017,560
15.880605360824738,2017,561
19.25168742268041,2017,562
19.80377938144331,2017,563
19.96255113402062,2017,564
21.06106690721649,2017,565
22.318928247422686,2017,566
23.794313402061853,2017,567
21.65391278350516,2017,568
22.491698041237093,2017,569
21.39241030927834,2017,570
21.55523195876289,2017,571
22.14958463917526,2017,572
23.518291649484546,2017,573
24.658782577319585,2017,574
23.406906494845344,2017,575
23.76204072164948,2017,576
19.65918432989691,2017,577
23.31680628865979,2017,578
22.21498226804124,2017,579
21.872124948453607,2017,580
20.893062061855662,2017,581
19.72671597938144,2017,582
21.240724432989698,2017,583
21.22204824742268,2017,584
20.001525257731952,2017,585
20.224392886597936,2017,586
19.795386391752576,2017,587
19.222223092783512,2017,588
18.631471958762884,2017,589
18.23183257731959,2017,590
19.02831020618556,2017,591
19.381076597938144,2017,592
20.004853092783517,2017,593
18.050375979381435,2017,594
18.15537546391753,2017,595
23.098979793814436,2017,596
23.43223814432989,2017,597
22.75532422680413,2017,598
21.74610463917525,2017,599
21.70548298969072,2017,600
20.27887298969073,2017,601
19.048887216494844,2017,602
18.26451979381443,2017,603
19.943637010309264,2017,604
18.34776927835052,2017,605
18.321966185566996,2017,606
19.292990000000003,2017,607
23.588080824742267,2017,608
23.33926402061855,2017,609
22.68965515463917,2017,610
22.34235896907216,2017,611
22.131115876288646,2017,612
19.494615567010293,2017,613
19.48319752577319,2017,614
21.5762831958763,2017,615
17.095966082474217,2017,616
17.023200412371132,2017,617
17.220472268041224,2017,618
16.567213195876295,2017,619
18.020730927835057,2017,620
17.41276505154639,2017,621
17.912313608247423,2017,622
18.203618969072178,2017,623
19.75056030927835,2017,624
19.29706577319588,2017,625
22.85657381443299,2017,626
25.01642268041238,2017,627
24.000307010309264,2017,628
24.312855463917533,2017,629
21.61853257731959,2017,630
21.550189793814425,2017,631
17.701413505154648,2017,632
16.79925257731958,2017,633
16.169155360824742,2017,634
16.58245144329897,2017,635
16.428747835051542,2017,636
16.26240268041238,2017,637
16.6639881443299,2017,638
16.12390742268042,2017,639
18.26588329896908,2017,640
24.02832525773197,2017,641
17.234308865979393,2017,642
16.960790309278355,2017,643
16.791503608247424,2017,644
16.562123402061854,2017,645
17.188679484536088,2017,646
17.16026958762887,2017,647
17.294036082474236,2017,648
16.33643329896908,2017,649
16.08242278350515,2017,650
16.56754422680413,2017,651
16.9878693814433,2017,652
16.61416474226803,2017,653
16.925388556701026,2017,654
17.057423917525764,2017,655
18.1792924742268,2017,656
23.640118144329904,2017,657
16.318834948453613,2017,658
16.87252670103094,2017,659
17.173889072164943,2017,660
17.134869896907215,2017,661
17.03096422680413,2017,662
17.591874123711342,2017,663
16.444099690721647,2017,664
16.74883762886598,2017,665
17.64644876288661,2017,666
16.75846474226804,2017,667
16.065452371134036,2017,668
17.27620938144329,2017,669
17.48697948453606,2017,670
18.237584329896915,2017,671
15.85192907216494,2017,672
17.858865773195873,2017,673
16.861263608247423,2017,674
16.843391237113394,2017,675
17.762373917525785,2017,676
16.926757525773205,2017,677
15.964364020618554,2017,678
15.978671030927831,2017,679
18.27011082474226,2017,680
17.092751546391746,2017,681
16.95746288659793,2017,682
18.79608103092783,2017,683
19.548029381443303,2017,684
18.33083773195877,2017,685
16.40305587628866,2017,686
16.760022474226812,2017,687
16.63593,2017,688
17.60154886597937,2017,689
16.659066701030927,2017,690
16.965928556701034,2017,691
16.489052577319605,2017,692
17.025298865979373,2017,693
16.8643412371134,2017,694
16.381728969072178,2017,695
18.93976927835053,2017,696
21.203351443298956,2017,697
19.46133350515465,2017,698
18.634747113402064,2017,699
19.729463195876264,2017,700
18.059745979381425,2017,701
17.332224536082478,2017,702
17.926554329896906,2017,703
18.35763051546392,2017,704
17.082704123711338,2017,705
19.11000824742269,2017,706
18.667457628865986,2017,707
18.051783092783506,2017,708
17.5689450515464,2017,709
17.731580824742267,2017,710
17.52434226804124,2017,711
18.203149072164955,2017,712
18.93491958762886,2017,713
18.415027010309288,2017,714
17.95658030927834,2017,715
19.618236185567035,2017,716
17.68821958762887,2017,717
18.0645305154639,2017,718
18.708563505154647,2017,719
16.614821030927853,2017,720
16.613150721649475,2017,721
18.45320597938144,2017,722
17.988389381443287,2017,723
17.974834432989688,2017,724
18.308397216494832,2017,725
20.35071814432989,2017,726
18.85325608247421,2017,727
17.849066185567022,2017,728
18.450054948453595,2017,729
17.99486639175258,2017,730
17.893879896907222,2017,731
19.198699587628862,2017,732
20.419893092783514,2017,733
23.042713298969083,2017,734
21.171359690721644,2017,735
18.709812371134024,2017,736
18.51586443298969,2017,737
23.09916824742269,2017,738
18.24816731958764,2017,739
17.417878969072184,2017,740
18.74635731958763,2017,741
16.474282989690717,2017,742
16.780171030927846,2017,743
17.914105463917526,2017,744
18.669383711340213,2017,745
20.84734000000001,2017,746
23.92965237113402,2017,747
18.972849690721656,2017,748
18.371768247422697,2017,749
20.19552536082476,2017,750
21.34570577319588,2017,751
18.8452649484536,2017,752
16.99266350515465,2017,753
22.471740618556705,2017,754
22.183673298969087,2017,755
20.5831487628866,2017,756
17.96019257731958,2017,757
17.72463597938144,2017,758
17.886454639175238,2017,759
28.539766494845367,2017,760
22.314013092783508,2017,761
21.457262783505143,2017,762
23.4932888659794,2017,763
27.059928350515467,2017,764
28.569580309278347,2017,765
25.250757938144314,2017,766
20.465087628865994,2017,767
21.763783608247405,2017,768
21.658648659793823,2017,769
20.814785773195872,2017,770
20.881899999999987,2017,771
22.852026907216512,2017,772
24.955796082474222,2017,773
18.86196515463917,2017,774
19.59815164948455,2017,775
20.54062144329897,2017,776
20.656781649484525,2017,777
21.077252577319573,2017,778
18.948389381443288,2017,779
18.13347597938143,2017,780
19.32469216494845,2017,781
20.10122969072165,2017,782
20.820016494845373,2017,783
22.83407927835051,2017,784
21.47855989690723,2017,785
25.21678835051548,2017,786
20.29978536082476,2017,787
20.07742835051548,2017,788
21.067115567010312,2017,789
24.13005474226805,2017,790
27.128407731958763,2017,791
18.41229247422679,2017,792
18.08725340206185,2017,793
18.549478041237112,2017,794
20.57961680412372,2017,795
20.77684072164948,2017,796
20.458136907216502,2017,797
20.613177010309283,2017,798
19.51695525773196,2017,799
19.816695463917533,2017,800
23.130468247422677,2017,801
21.54157010309278,2017,802
22.021411752577315,2017,803
20.711234432989706,2017,804
19.2413669072165,2017,805
18.93190051546392,2017,806
19.274685051546395,2017,807
19.458849175257733,2017,808
20.5017943298969,2017,809
20.09392958762887,2017,810
21.72219865979382,2017,811
21.589652474226792,2017,812
21.03212237113404,2017,813
17.77917989690722,2017,814
18.257689484536083,2017,815
20.90157216494845,2017,816
25.251919793814437,2017,817
19.56753989690723,2017,818
18.66426886597938,2017,819
18.734780206185576,2017,820
18.67904690721649,2017,821
18.131769072164943,2017,822
18.17815845360824,2017,823
20.133489793814427,2017,824
19.80418175257732,2017,825
19.327504536082472,2017,826
18.54647216494846,2017,827
18.2526362886598,2017,828
18.126712577319587,2017,829
18.64268226804123,2017,830
19.38131268041237,2017,831
19.454113608247432,2017,832
19.560564329896906,2017,833
22.070978659793816,2017,834
22.307542371134037,2017,835
22.52014381443299,2017,836
19.88335329896908,2017,837
19.44341113402062,2017,838
18.54930907216496,2017,839
19.732453195876275,2017,840
19.683219072164945,2017,841
20.104269690721644,2017,842
20.39967484536082,2017,843
20.748237835051548,2017,844
20.402623505154647,2017,845
20.07367680412372,2017,846
19.1427006185567,2017,847
19.432809587628874,2017,848
21.12487659793814,2017,849
18.613352061855675,2017,850
18.55622958762888,2017,851
18.510436391752577,2017,852
18.469350309278354,2017,853
19.18505649484535,2017,854
20.29208577319588,2017,855
24.709234845360832,2017,856
26.612720103092776,2017,857
25.253203917525767,2017,858
24.162619587628875,2017,859
24.171901443298967,2017,860
23.369901855670097,2017,861
22.41973597938145,2017,862
22.065189896907228,2017,863
19.95507505154639,2017,864
15.19185268041238,2017,865
20.24917195876289,2017,866
21.621764742268024,2017,867
21.22135556701029,2017,868
21.475312577319592,2017,869
20.59799845360825,2017,870
19.36486835051547,2017,871
19.950388969072165,2017,872
20.341470824742277,2017,873
17.82491412371133,2017,874
17.57923350515463,2017,875
17.347511237113398,2017,876
16.52815494845362,2017,877
15.928040206185576,2017,878
15.172110515463933,2017,879
15.733900515463914,2017,880
15.90611051546392,2017,881
15.88928494845361,2017,882
15.161266804123702,2017,883
16.911241546391754,2018,884
16.90108051546393,2018,885
16.27686546391752,2018,886
16.9986494845361,2018,887
16.872476185567027,2018,888
16.02004195876289,2018,889
15.877949793814436,2018,890
15.885512268041234,2018,891
15.986871340206202,2018,892
15.474195257731962,2018,893
17.09136134020619,2018,894
16.375254536082455,2018,895
16.618094226804107,2018,896
18.22303422680412,2018,897
18.64091845360824,2018,898
18.57033453608248,2018,899
18.458094329896905,2018,900
18.905664845360825,2018,901
17.496434226804126,2018,902
17.937278350515452,2018,903
18.848490103092782,2018,904
18.806083505154643,2018,905
18.78445268041237,2018,906
18.322696804123705,2018,907
18.761453092783515,2018,908
17.356079896907218,2018,909
17.56655804123712,2018,910
17.560341649484535,2018,911
17.130679793814437,2018,912
17.890293298969066,2018,913
17.414036907216488,2018,914
17.765063505154636,2018,915
18.123369896907217,2018,916
18.688987835051552,2018,917
17.84880195876288,2018,918
17.76161051546393,2018,919
19.629192371134025,2018,920
21.518475257731957,2018,921
22.645968556701032,2018,922
23.16956072164948,2018,923
23.17414268041239,2018,924
22.13993422680412,2018,925
21.65817804123711,2018,926
21.924038865979387,2018,927
24.05247453608248,2018,928
26.927021546391742,2018,929
22.87881371134021,2018,930
22.206273505154645,2018,931
20.53175824742268,2018,932
19.62113907216495,2018,933
19.76625515463918,2018,934
20.52509670103093,2018,935
20.63877082474227,2018,936
20.045526391752585,2018,937
20.358620515463908,2018,938
19.706981958762885,2018,939
20.799850412371136,2018,940
21.410511030927825,2018,941
20.83084329896908,2018,942
21.474159381443297,2018,943
21.16808288659793,2018,944
21.4877887628866,2018,945
20.3044775257732,2018,946
20.58178597938145,2018,947
21.634684020618558,2018,948
22.05684546391751,2018,949
22.416866804123696,2018,950
22.64819639175257,2018,951
23.039849175257736,2018,952
23.486727628865975,2018,953
22.701725979381447,2018,954
24.161266494845368,2018,955
20.90185721649485,2018,956
20.0315175257732,2018,957
20.736785154639183,2018,958
21.08978154639174,2018,959
20.70505144329898,2018,960
20.93644329896908,2018,961
22.709680824742268,2018,962
22.786121443298963,2018,963
24.214193505154647,2018,964
22.58902443298968,2018,965
21.705991134020625,2018,966
20.834479690721647,2018,967
21.26088958762886,2018,968
22.36200216494845,2018,969
20.35892298969073,2018,970
21.43803453608247,2018,971
22.71107371134022,2018,972
23.568604845360827,2018,973
22.71767113402062,2018,974
21.920577835051542,2018,975
21.086691134020622,2018,976
20.951158659793823,2018,977
20.68097175257734,2018,978
21.805454329896907,2018,979
21.71641298969072,2018,980
21.463764329896915,2018,981
20.19085340206185,2018,982
22.255596701030925,2018,983
22.78798546391753,2018,984
23.349540515463893,2018,985
23.08066721649484,2018,986
22.5598236082474,2018,987
20.47485329896908,2018,988
19.4613487628866,2018,989
20.946257422680414,2018,990
21.89852319587628,2018,991
21.188680721649487,2018,992
19.903175463917524,2018,993
18.36898721649485,2018,994
18.29979824742269,2018,995
18.45758979381444,2018,996
19.392657835051548,2018,997
20.65972907216495,2018,998
19.38671164948453,2018,999
19.204734845360832,2018,1000
21.228453298969075,2018,1001
22.7186930927835,2018,1002
23.88432226804125,2018,1003
24.03900742268041,2018,1004
21.850484639175264,2018,1005
20.61842453608248,2018,1006
20.32559618556701,2018,1007
20.712192474226807,2018,1008
19.785879278350517,2018,1009
21.209967835051547,2018,1010
24.15898999999999,2018,1011
22.46503000000001,2018,1012
21.334298350515468,2018,1013
22.465068865979383,2018,1014
21.384658453608253,2018,1015
19.43147721649485,2018,1016
17.674428969072167,2018,1017
17.88387463917525,2018,1018
18.68088989690721,2018,1019
19.607222577319583,2018,1020
18.897501855670093,2018,1021
18.860203917525777,2018,1022
18.61839237113402,2018,1023
18.299698247422683,2018,1024
18.402432164948465,2018,1025
17.517063505154642,2018,1026
17.270433092783506,2018,1027
17.167448144329907,2018,1028
17.393361752577327,2018,1029
16.989153917525776,2018,1030
17.426379690721642,2018,1031
17.53807948453608,2018,1032
16.70441298969071,2018,1033
17.774150721649477,2018,1034
17.115856185567008,2018,1035
16.563034742268037,2018,1036
16.105539381443297,2018,1037
15.514337113402052,2018,1038
15.529430515463917,2018,1039
15.564524432989684,2018,1040
15.646310824742262,2018,1041
16.436992989690726,2018,1042
15.599369690721655,2018,1043
14.898081134020618,2018,1044
15.109197319587633,2018,1045
15.750968453608255,2018,1046
16.06512886597938,2018,1047
16.131458969072167,2018,1048
16.196648762886603,2018,1049
15.20977701030928,2018,1050
15.835825257731951,2018,1051
16.579884742268046,2018,1052
16.484415463917543,2018,1053
16.495670618556705,2018,1054
16.29318525773198,2018,1055
16.014401546391756,2018,1056
16.106618041237112,2018,1057
15.486502577319586,2018,1058
16.137033092783515,2018,1059
16.07502567010309,2018,1060
16.07992773195877,2018,1061
15.996078762886576,2018,1062
16.996327525773204,2018,1063
15.536087525773183,2018,1064
15.798342886597942,2018,1065
15.76789690721649,2018,1066
15.838617938144331,2018,1067
16.09697927835052,2018,1068
16.298571546391756,2018,1069
18.555539175257724,2018,1070
18.31751577319587,2018,1071
19.071570721649493,2018,1072
18.952778041237124,2018,1073
18.72915391752577,2018,1074
18.930517010309288,2018,1075
19.0419213402062,2018,1076
18.688235773195885,2018,1077
18.90679639175259,2018,1078
20.044663402061865,2018,1079
20.32351835051547,2018,1080
20.68816278350516,2018,1081
20.309157525773205,2018,1082
20.10913659793815,2018,1083
20.93225597938144,2018,1084
19.506525154639167,2018,1085
19.915073711340224,2018,1086
22.16394742268041,2018,1087
22.98679855670103,2018,1088
21.46682680412372,2018,1089
18.978941030927825,2018,1090
19.802855876288653,2018,1091
19.015882577319587,2018,1092
18.559108659793807,2018,1093
18.66871824742268,2018,1094
19.157115463917524,2018,1095
21.523126907216493,2018,1096
19.53664639175257,2018,1097
18.73272938144331,2018,1098
18.797075979381447,2018,1099
18.6445237113402,2018,1100
20.436209484536096,2018,1101
19.205891134020632,2018,1102
18.232885154639163,2018,1103
19.567354639175253,2018,1104
20.321752164948467,2018,1105
20.881975876288667,2018,1106
19.017928762886594,2018,1107
19.30537206185568,2018,1108
20.592121340206187,2018,1109
19.90326226804123,2018,1110
19.86705762886597,2018,1111
19.900164948453607,2018,1112
19.874591340206187,2018,1113
19.015548350515477,2018,1114
18.944938041237112,2018,1115
19.329929999999997,2018,1116
19.61975618556703,2018,1117
20.070512989690744,2018,1118
18.99729546391753,2018,1119
20.147735360824736,2018,1120
19.68978134020619,2018,1121
19.746596185567,2018,1122
21.019084536082477,2018,1123
20.67902608247423,2018,1124
21.915309278350517,2018,1125
25.936245257731947,2018,1126
23.779404432989693,2018,1127
21.661847731958737,2018,1128
20.808054639175246,2018,1129
22.66822948453609,2018,1130
23.018991030927843,2018,1131
18.992358144329906,2018,1132
19.098821030927827,2018,1133
20.129294123711336,2018,1134
21.14268041237114,2018,1135
21.26816793814433,2018,1136
19.8910093814433,2018,1137
18.76469886597938,2018,1138
18.29998536082473,2018,1139
19.52622216494845,2018,1140
19.62567030927836,2018,1141
19.634743814432976,2018,1142
20.161910103092797,2018,1143
19.5180950515464,2018,1144
18.352377525773196,2018,1145
18.663651443298964,2018,1146
18.31324020618557,2018,1147
18.57720886597938,2018,1148
19.39134247422681,2018,1149
19.593839896907216,2018,1150
20.23267762886599,2018,1151
19.70543185567012,2018,1152
21.59829958762889,2018,1153
22.079841649484525,2018,1154
21.03011206185568,2018,1155
21.6043062886598,2018,1156
22.900734123711352,2018,1157
25.01774474226804,2018,1158
22.470278659793827,2018,1159
16.23638515463917,2018,1160
16.022501030927835,2018,1161
16.09985525773195,2018,1162
16.833127422680413,2018,1163
17.99097958762888,2018,1164
17.921657835051555,2018,1165
18.958894020618544,2018,1166
20.0330737113402,2018,1167
19.253229278350517,2018,1168
20.585856082474237,2018,1169
20.924125567010304,2018,1170
21.28290061855671,2018,1171
23.03904474226805,2018,1172
23.266103608247413,2018,1173
23.77053618556701,2018,1174
23.493705670103072,2018,1175
20.286664742268044,2018,1176
18.832355773195868,2018,1177
19.40103463917525,2018,1178
19.067901649484536,2018,1179
17.32704268041237,2018,1180
16.64290226804124,2018,1181
17.09158804123711,2018,1182
18.22561948453608,2018,1183
21.11707814432989,2018,1184
20.053296391752585,2018,1185
19.118844742268045,2018,1186
16.842397731958766,2018,1187
17.51799948453609,2018,1188
19.132490618556687,2018,1189
19.849925567010303,2018,1190
16.027608762886594,2018,1191
19.493428659793818,2018,1192
18.826988969072158,2018,1193
18.554353917525805,2018,1194
18.39592041237113,2018,1195
18.950162989690725,2018,1196
20.085314742268046,2018,1197
21.96716350515463,2018,1198
18.1603806185567,2018,1199
18.864942164948467,2018,1200
18.64096567010308,2018,1201
19.607266288659808,2018,1202
16.5187425773196,2018,1203
16.129378659793794,2018,1204
17.34478649484536,2018,1205
17.819958762886618,2018,1206
19.030669587628875,2018,1207
18.18030391752578,2018,1208
18.67057752577319,2018,1209
19.185321134020604,2018,1210
18.69456082474229,2018,1211
16.907440412371123,2018,1212
16.39959659793814,2018,1213
17.036452268041234,2018,1214
16.276792061855666,2018,1215
16.46867391752578,2018,1216
17.23954783505154,2018,1217
17.222328453608238,2018,1218
16.33857216494846,2018,1219
16.6736287628866,2018,1220
18.090259896907234,2018,1221
18.71184371134023,2018,1222
19.00448144329897,2018,1223
15.460302371134013,2018,1224
16.164879278350515,2018,1225
16.029400103092783,2018,1226
16.251046597938142,2018,1227
16.997962474226814,2018,1228
17.959083917525785,2018,1229
17.41068463917526,2018,1230
17.203557835051548,2018,1231
17.671802989690725,2018,1232
17.523645257731964,2018,1233
17.85277577319589,2018,1234
18.11925824742269,2018,1235
18.41282412371135,2018,1236
18.59751804123711,2018,1237
18.304854639175247,2018,1238
17.973216288659803,2018,1239
16.55932020618556,2018,1240
15.855035051546402,2018,1241
16.213333917525773,2018,1242
18.19760340206186,2018,1243
15.858691649484532,2018,1244
15.830417010309274,2018,1245
16.09325134020619,2018,1246
16.471785876288653,2018,1247
19.28147164948454,2019,1248
19.69386474226804,2019,1249
19.318781958762887,2019,1250
19.67451175257732,2019,1251
19.2200037113402,2019,1252
19.595425154639184,2019,1253
19.90037762886599,2019,1254
18.729754432989694,2019,1255
18.0222981443299,2019,1256
16.599551443298964,2019,1257
16.874891443298967,2019,1258
16.611974948453614,2019,1259
16.490677525773204,2019,1260
15.47935835051546,2019,1261
17.765295773195877,2019,1262
19.25203030927836,2019,1263
17.296981134020616,2019,1264
16.908049072164946,2019,1265
16.817707113402054,2019,1266
16.746765051546397,2019,1267
16.710940103092785,2019,1268
16.662339072164944,2019,1269
16.538646494845363,2019,1270
16.956163505154645,2019,1271
17.155981030927833,2019,1272
16.957501443298963,2019,1273
17.022318350515466,2019,1274
16.792967319587632,2019,1275
18.13547474226805,2019,1276
19.874249175257724,2019,1277
17.950923814432997,2019,1278
19.55718680412372,2019,1279
17.663312371134026,2019,1280
17.416053814432985,2019,1281
19.72454927835051,2019,1282
19.053008350515466,2019,1283
19.91535577319588,2019,1284
19.11126701030928,2019,1285
18.22169092783505,2019,1286
23.066926907216494,2019,1287
23.535854742268032,2019,1288
22.771807010309274,2019,1289
22.94417804123712,2019,1290
20.74830278350516,2019,1291
22.775267835051533,2019,1292
24.31296556701031,2019,1293
22.08489237113403,2019,1294
22.21614979381443,2019,1295
21.327078247422683,2019,1296
20.58415195876289,2019,1297
21.89345061855669,2019,1298
20.675308762886598,2019,1299
20.12404546391753,2019,1300
19.63678618556702,2019,1301
18.91717711340205,2019,1302
20.55149567010308,2019,1303
21.673235670103104,2019,1304
20.744795979381447,2019,1305
19.076495257731967,2019,1306
18.35991030927837,2019,1307
19.83425948453608,2019,1308
19.89897144329896,2019,1309
21.89829670103093,2019,1310
23.781704432989702,2019,1311
24.241612371134,2019,1312
23.767199175257726,2019,1313
22.898172474226797,2019,1314
21.24246546391752,2019,1315
20.01489536082475,2019,1316
21.34943783505156,2019,1317
23.4647237113402,2019,1318
21.216537938144327,2019,1319
21.153868969072168,2019,1320
19.001921443298965,2019,1321
21.007133092783512,2019,1322
21.672872268041232,2019,1323
20.375770103092783,2019,1324
20.54623556701032,2019,1325
19.590217113402066,2019,1326
20.64346391752577,2019,1327
20.045733917525787,2019,1328
22.1139344329897,2019,1329
21.90619298969072,2019,1330
22.04267020618557,2019,1331
20.799115463917524,2019,1332
20.54239453608247,2019,1333
18.421870618556696,2019,1334
22.08936175257733,2019,1335
21.668478453608248,2019,1336
22.43390092783505,2019,1337
22.47990783505155,2019,1338
23.45413855670103,2019,1339
24.52833701030929,2019,1340
22.26327917525773,2019,1341
20.401829690721648,2019,1342
21.177360412371133,2019,1343
21.60867814432989,2019,1344
21.92921917525772,2019,1345
22.932990103092777,2019,1346
23.89212628865979,2019,1347
21.409863505154625,2019,1348
20.21709680412371,2019,1349
20.56056958762886,2019,1350
24.20357484536083,2019,1351
24.111879278350504,2019,1352
23.893838659793804,2019,1353
23.13419412371134,2019,1354
24.355740618556705,2019,1355
22.66758969072164,2019,1356
22.93597164948454,2019,1357
22.901923608247436,2019,1358
22.17242051546392,2019,1359
21.3064875257732,2019,1360
19.9339537113402,2019,1361
18.31881226804125,2019,1362
20.56474649484536,2019,1363
21.71171793814433,2019,1364
22.138708659793817,2019,1365
21.89271546391753,2019,1366
22.31505567010312,2019,1367
22.575372164948448,2019,1368
22.246004020618557,2019,1369
23.551940721649487,2019,1370
22.79863226804124,2019,1371
22.777945154639188,2019,1372
22.9433693814433,2019,1373
21.64842701030928,2019,1374
23.374386288659785,2019,1375
25.694875154639185,2019,1376
26.976518144329905,2019,1377
23.169416804123703,2019,1378
23.13975824742267,2019,1379
22.50277969072165,2019,1380
22.03989298969072,2019,1381
23.343516701030925,2019,1382
21.062926391752576,2019,1383
20.369168350515487,2019,1384
18.18919422680412,2019,1385
18.257260824742268,2019,1386
18.996985154639184,2019,1387
18.33138453608246,2019,1388
16.267180927835035,2019,1389
16.276487422680415,2019,1390
16.21576505154639,2019,1391
16.02551494845361,2019,1392
16.851726494845366,2019,1393
16.982449999999996,2019,1394
17.24225896907216,2019,1395
17.38440103092783,2019,1396
16.82100206185566,2019,1397
16.19430752577318,2019,1398
16.42316298969073,2019,1399
16.663582577319584,2019,1400
17.2040744329897,2019,1401
17.91206546391754,2019,1402
17.35031453608248,2019,1403
16.51509917525775,2019,1404
16.30421164948453,2019,1405
16.142191958762883,2019,1406
16.756424742268045,2019,1407
16.925896288659793,2019,1408
18.67697484536082,2019,1409
17.633349278350526,2019,1410
17.971860721649488,2019,1411
17.31722525773195,2019,1412
19.02108402061856,2019,1413
18.46095701030928,2019,1414
18.25714721649484,2019,1415
17.173583814433012,2019,1416
17.797552268041237,2019,1417
17.806318969072162,2019,1418
17.408458659793816,2019,1419
18.41138278350516,2019,1420
18.5592025773196,2019,1421
17.72043567010309,2019,1422
17.61947092783505,2019,1423
18.310746288659782,2019,1424
18.804944123711323,2019,1425
19.265790721649505,2019,1426
19.33112628865981,2019,1427
20.002247010309294,2019,1428
19.694368453608245,2019,1429
19.2070062886598,2019,1430
20.02118237113401,2019,1431
18.76803721649482,2019,1432
16.964377113402055,2019,1433
16.472537835051543,2019,1434
17.542434639175255,2019,1435
17.48905237113401,2019,1436
18.12305948453608,2019,1437
18.666790103092776,2019,1438
19.23308855670105,2019,1439
18.78898907216495,2019,1440
19.55743319587628,2019,1441
20.90558144329897,2019,1442
20.432238865979397,2019,1443
19.43657567010308,2019,1444
18.72873958762885,2019,1445
18.865469690721635,2019,1446
19.58249587628865,2019,1447
16.41242618556701,2019,1448
16.592290309278344,2019,1449
17.76161020618556,2019,1450
18.555295979381462,2019,1451
17.528840618556693,2019,1452
18.43384041237113,2019,1453
18.477865257731956,2019,1454
18.27242979381445,2019,1455
19.90006412371136,2019,1456
20.32520422680413,2019,1457
21.15615051546392,2019,1458
21.02385030927834,2019,1459
21.00631927835053,2019,1460
19.059835567010293,2019,1461
17.880025979381443,2019,1462
19.452407525773197,2019,1463
21.17995835051545,2019,1464
20.883081134020617,2019,1465
19.618269175257723,2019,1466
22.63310628865978,2019,1467
22.74329463917525,2019,1468
23.00502835051548,2019,1469
22.698646597938144,2019,1470
23.269403814433,2019,1471
21.96086051546392,2019,1472
24.133591649484543,2019,1473
19.07161010309278,2019,1474
19.07844432989691,2019,1475
20.98978309278352,2019,1476
22.089850721649476,2019,1477
22.221892164948446,2019,1478
23.53618670103093,2019,1479
24.05468855670103,2019,1480
23.35425134020619,2019,1481
21.740795876288665,2019,1482
18.78311721649484,2019,1483
20.58686979381442,2019,1484
23.83646402061855,2019,1485
20.218584329896917,2019,1486
19.52109422680412,2019,1487
19.533850824742267,2019,1488
19.86354989690721,2019,1489
20.316096185566995,2019,1490
21.11753123711341,2019,1491
20.423172989690727,2019,1492
18.9769175257732,2019,1493
18.63295793814433,2019,1494
18.75857515463917,2019,1495
19.13341432989692,2019,1496
18.642721649484542,2019,1497
20.216630103092797,2019,1498
20.026988659793812,2019,1499
20.9226206185567,2019,1500
21.635610412371133,2019,1501
22.817482783505163,2019,1502
22.10955721649483,2019,1503
22.852666701030916,2019,1504
23.393528762886596,2019,1505
22.85941845360825,2019,1506
23.38522597938144,2019,1507
19.91662195876288,2019,1508
21.15101886597937,2019,1509
20.604472164948454,2019,1510
21.654402061855684,2019,1511
22.59579329896908,2019,1512
24.2361387628866,2019,1513
21.72004546391752,2019,1514
21.811862886597943,2019,1515
20.39647164948453,2019,1516
20.481305051546396,2019,1517
21.452079793814438,2019,1518
20.210268556701028,2019,1519
20.3261612371134,2019,1520
20.983527216494853,2019,1521
21.528001649484526,2019,1522
21.55652587628865,2019,1523
20.86608597938144,2019,1524
22.38434845360825,2019,1525
21.527455876288663,2019,1526
19.643136082474232,2019,1527
19.523549690721644,2019,1528
20.426827835051554,2019,1529
20.753302886597936,2019,1530
19.90979731958764,2019,1531
19.123804432989687,2019,1532
19.843090927835046,2019,1533
19.75708391752578,2019,1534
19.62734546391753,2019,1535
20.133962577319583,2019,1536
20.08150298969073,2019,1537
19.630879484536088,2019,1538
20.67496628865979,2019,1539
21.396821855670105,2019,1540
20.348577319587623,2019,1541
19.32892,2019,1542
19.929697422680427,2019,1543
19.749306185567026,2019,1544
18.99294979381443,2019,1545
19.01741360824742,2019,1546
19.43906948453608,2019,1547
19.08939154639175,2019,1548
19.59967793814434,2019,1549
19.49162597938144,2019,1550
19.27675422680411,2019,1551
18.88624938144329,2019,1552
18.896995360824747,2019,1553
19.67659835051546,2019,1554
19.858217010309268,2019,1555
19.631205670103093,2019,1556
19.15003340206185,2019,1557
19.831587010309278,2019,1558
18.82915793814433,2019,1559
19.17392659793815,2019,1560
19.987993298969084,2019,1561
19.68348969072165,2019,1562
18.616589896907215,2019,1563
18.41866412371134,2019,1564
17.73110701030928,2019,1565
18.049908969072163,2019,1566
18.33657381443299,2019,1567
20.83004195876289,2019,1568
22.75301329896909,2019,1569
22.941264226804115,2019,1570
20.4457081443299,2019,1571
21.08982134020618,2019,1572
23.8999750515464,2019,1573
24.53303773195876,2019,1574
21.96762453608247,2019,1575
22.579484432989688,2019,1576
16.301538865979378,2019,1577
16.267758659793817,2019,1578
16.614831443298975,2019,1579
18.66532804123711,2019,1580
19.905263298969068,2019,1581
15.71056402061856,2019,1582
16.349444536082483,2019,1583
17.19934958762887,2019,1584
19.284116494845364,2019,1585
19.32725711340206,2019,1586
19.82657494845362,2019,1587
18.239165979381447,2019,1588
17.309414432989698,2019,1589
17.84746525773195,2019,1590
18.3211086597938,2019,1591
17.173125876288655,2019,1592
16.395095773195877,2019,1593
17.553916082474224,2019,1594
18.5722087628866,2019,1595
17.826871855670102,2019,1596
16.839709484536094,2019,1597
18.799967628865986,2019,1598
18.321815463917527,2019,1599
20.421448556701037,2019,1600
17.611135360824747,2019,1601
17.44863432989691,2019,1602
16.967738659793813,2019,1603
17.55032381443298,2019,1604
16.868316907216496,2019,1605
16.530930412371134,2019,1606
16.907507731958763,2019,1607
16.22701804123711,2019,1608
16.077713608247425,2019,1609
17.33997195876288,2019,1610
18.900845876288667,2019,1611
21.27287804123712,2020,1612
21.612851134020623,2020,1613
21.119257731958765,2020,1614
21.701253402061862,2020,1615
21.54384020618557,2020,1616
22.286014536082483,2020,1617
26.20714474226804,2020,1618
23.64316577319587,2020,1619
23.34424670103093,2020,1620
22.54874804123712,2020,1621
21.81497030927836,2020,1622
21.983871546391757,2020,1623
22.100693608247425,2020,1624
21.088288144329898,2020,1625
21.25198917525773,2020,1626
21.45069381443299,2020,1627
21.864566082474237,2020,1628
21.52137381443299,2020,1629
22.009771958762887,2020,1630
21.39127989690722,2020,1631
20.45372309278351,2020,1632
21.058120618556707,2020,1633
19.96972742268041,2020,1634
15.237564329896893,2020,1635
18.996345257731964,2020,1636
19.068536082474232,2020,1637
18.463362680412363,2020,1638
18.75269690721649,2020,1639
17.592554329896906,2020,1640
17.599746804123725,2020,1641
17.291796701030936,2020,1642
17.19974917525773,2020,1643
16.714276288659796,2020,1644
16.389315051546394,2020,1645
16.586168865979385,2020,1646
16.685549072164928,2020,1647
16.214905463917525,2020,1648
16.545064020618565,2020,1649
20.35354896907216,2020,1650
21.239153608247413,2020,1651
20.898381030927823,2020,1652
23.009636185567004,2020,1653
23.648154329896897,2020,1654
21.936365670103104,2020,1655
21.20832886597937,2020,1656
22.23479237113402,2020,1657
17.489511752577325,2020,1658
20.372011546391725,2020,1659
20.38232082474224,2020,1660
20.39263010309276,2020,1661
20.40293938144327,2020,1662
20.541347010309263,2020,1663
20.32802577319588,2020,1664
20.01213432989689,2020,1665
20.0693512371134,2020,1666
19.193889175257727,2020,1667
20.62549505154639,2020,1668
21.79237979381444,2020,1669
24.89507701030928,2020,1670
27.302388350515475,2020,1671
25.02397793814432,2020,1672
26.133664536082478,2020,1673
16.642450206185575,2020,1674
17.111737422680413,2020,1675
17.82795257731959,2020,1676
17.965254948453595,2020,1677
16.51777515463916,2020,1678
26.049335051546382,2020,1679
24.837460412371136,2020,1680
23.882432474226807,2020,1681
22.69361608247421,2020,1682
21.9572075257732,2020,1683
22.46727195876287,2020,1684
25.16463144329897,2020,1685
25.074868865979383,2020,1686
24.892980309278347,2020,1687
24.025957525773208,2020,1688
23.25947948453609,2020,1689
27.8191201030928,2020,1690
28.45286350515465,2020,1691
25.41605164948456,2020,1692
25.501877938144315,2020,1693
23.50357969072165,2020,1694
23.748200721649493,2020,1695
22.623112783505157,2020,1696
25.9050262886598,2020,1697
28.586553608247424,2020,1698
27.92858164948455,2020,1699
26.83891515463919,2020,1700
25.10287381443298,2020,1701
24.7294955670103,2020,1702
25.430343298969067,2020,1703
24.68695536082475,2020,1704
24.070635154639163,2020,1705
27.3476155670103,2020,1706
28.402167731958755,2020,1707
29.792332164948444,2020,1708
29.718848041237106,2020,1709
28.93783247422679,2020,1710
24.043117731958777,2020,1711
24.4098555670103,2020,1712
25.298991546391747,2020,1713
26.820671030927837,2020,1714
27.16840793814433,2020,1715
25.02218546391755,2020,1716
25.63733010309279,2020,1717
24.213869587628857,2020,1718
24.959742577319588,2020,1719
24.02414515463917,2020,1720
24.39667360824742,2020,1721
21.355934948453623,2020,1722
21.53756969072165,2020,1723
21.81761041237112,2020,1724
22.304884226804123,2020,1725
24.505909381443317,2020,1726
27.324553298969075,2020,1727
26.78324494845363,2020,1728
25.54617412371133,2020,1729
25.00565443298969,2020,1730
23.956951443298987,2020,1731
22.37131319587629,2020,1732
22.112021134020623,2020,1733
24.82012072164949,2020,1734
25.27412773195876,2020,1735
23.5340393814433,2020,1736
24.808248144329895,2020,1737
24.07995298969071,2020,1738
23.07148216494845,2020,1739
23.21170979381442,2020,1740
24.437519896907222,2020,1741
25.15354948453609,2020,1742
22.439944226804144,2020,1743
27.22776463917525,2020,1744
28.6442830927835,2020,1745
25.33639680412373,2020,1746
22.00793360824741,2020,1747
21.785885360824743,2020,1748
20.582191546391748,2020,1749
19.720366597938128,2020,1750
19.106937628865985,2020,1751
19.221271134020625,2020,1752
20.266628041237112,2020,1753
23.576649587628864,2020,1754
23.609591855670104,2020,1755
25.41695195876288,2020,1756
27.768343814433003,2020,1757
28.946238762886598,2020,1758
19.88912402061856,2020,1759
19.778152886597947,2020,1760
19.28826814432989,2020,1761
20.20954659793813,2020,1762
25.418378144329907,2020,1763
24.935773814432988,2020,1764
21.199452371134,2020,1765
19.98758268041237,2020,1766
19.688522577319592,2020,1767
19.225232268041225,2020,1768
20.409938041237112,2020,1769
24.74213505154639,2020,1770
22.23681371134022,2020,1771
21.767474536082474,2020,1772
24.324057835051548,2020,1773
23.43191927835051,2020,1774
19.15002680412371,2020,1775
21.387304432989687,2020,1776
19.187402886597944,2020,1777
18.585012268041236,2020,1778
18.2052387628866,2020,1779
18.38342175257731,2020,1780
18.175173505154643,2020,1781
18.003646494845356,2020,1782
18.85891,2020,1783
19.283353505154636,2020,1784
18.933579896907226,2020,1785
21.383588144329902,2020,1786
23.634131855670105,2020,1787
24.326246391752573,2020,1788
22.49301824742269,2020,1789
20.869534020618545,2020,1790
18.93169257731959,2020,1791
18.82965072164947,2020,1792
18.15309443298969,2020,1793
18.11888597938145,2020,1794
18.6389543298969,2020,1795
18.424333195876297,2020,1796
18.20364731958762,2020,1797
18.46716278350516,2020,1798
18.89668402061855,2020,1799
20.31671845360825,2020,1800
20.34064113402061,2020,1801
20.35787288659793,2020,1802
20.454494639175262,2020,1803
20.330898865979385,2020,1804
19.7236824742268,2020,1805
19.04137288659794,2020,1806
19.22277072164948,2020,1807
18.76942453608248,2020,1808
19.10727340206185,2020,1809
17.628661649484528,2020,1810
18.322172886597933,2020,1811
18.27453618556701,2020,1812
18.80381670103093,2020,1813
19.394181752577328,2020,1814
17.85135608247423,2020,1815
17.89301855670102,2020,1816
18.52791505154639,2020,1817
19.39296969072165,2020,1818
19.719491958762877,2020,1819
19.606323402061854,2020,1820
19.29714721649485,2020,1821
18.68508164948453,2020,1822
18.647314742268048,2020,1823
18.689240824742267,2020,1824
19.835500721649485,2020,1825
19.09330463917525,2020,1826
21.32645206185568,2020,1827
21.04423422680412,2020,1828
19.192845979381424,2020,1829
18.886661752577314,2020,1830
20.188722680412354,2020,1831
20.797571649484528,2020,1832
18.481061752577325,2020,1833
18.253587835051544,2020,1834
18.68973824742268,2020,1835
18.391933814432992,2020,1836
18.90320907216494,2020,1837
19.34677422680413,2020,1838
18.81976082474226,2020,1839
19.74034979381443,2020,1840
21.062351443298976,2020,1841
21.548151030927844,2020,1842
20.1250812371134,2020,1843
19.80364608247424,2020,1844
20.602530206185573,2020,1845
21.70183731958761,2020,1846
19.62834742268041,2020,1847
19.39894268041237,2020,1848
19.43217474226805,2020,1849
20.716974123711346,2020,1850
18.21717783505154,2020,1851
18.25713711340206,2020,1852
19.386105463917534,2020,1853
18.94899536082475,2020,1854
22.399951237113388,2020,1855
21.012381030927838,2020,1856
22.054776597938133,2020,1857
19.003285257731964,2020,1858
19.356673917525768,2020,1859
21.614708350515468,2020,1860
20.565977525773203,2020,1861
20.675910206185566,2020,1862
21.294336185567005,2020,1863
20.69308670103092,2020,1864
20.23399154639176,2020,1865
19.364795051546377,2020,1866
21.50231226804123,2020,1867
20.224634742268037,2020,1868
19.879545876288667,2020,1869
19.400080824742275,2020,1870
24.612640618556693,2020,1871
20.768124432989676,2020,1872
20.332919072164945,2020,1873
21.247217319587627,2020,1874
21.19452402061855,2020,1875
20.667946907216518,2020,1876
22.979301237113404,2020,1877
20.00715762886598,2020,1878
19.354129278350506,2020,1879
19.40572979381443,2020,1880
21.145456185567006,2020,1881
20.076262989690733,2020,1882
20.79674237113404,2020,1883
19.888937628865992,2020,1884
19.18755371134021,2020,1885
19.78989432989691,2020,1886
22.123322474226796,2020,1887
22.199693608247436,2020,1888
24.955485463917523,2020,1889
29.74943876288658,2020,1890
27.40278195876289,2020,1891
26.365963298969078,2020,1892
28.205746082474224,2020,1893
27.77329360824741,2020,1894
28.61860773195876,2020,1895
26.163601237113404,2020,1896
26.591327422680425,2020,1897
20.89629742268041,2020,1898
22.20087824742268,2020,1899
20.02035041237113,2020,1900
20.44845,2020,1901
22.87799134020619,2020,1902
22.019940618556703,2020,1903
21.77271938144332,2020,1904
22.07413742268041,2020,1905
21.103243298969087,2020,1906
23.254307216494848,2020,1907
23.043352989690725,2020,1908
22.065215463917514,2020,1909
21.943203814432994,2020,1910
21.980363298969067,2020,1911
21.72849113402061,2020,1912
20.525247628865998,2020,1913
21.98147618556702,2020,1914
21.930946185567,2020,1915
21.098332164948456,2020,1916
19.87330103092784,2020,1917
20.22037865979381,2020,1918
20.3936280412371,2020,1919
20.88352020618557,2020,1920
21.10758855670103,2020,1921
22.700624329896904,2020,1922
23.61025494845359,2020,1923
25.76709855670103,2020,1924
22.60810505154639,2020,1925
21.99081226804125,2020,1926
21.73915639175258,2020,1927
23.4674675257732,2020,1928
25.479462680412368,2020,1929
29.766880618556694,2020,1930
30.674376391752592,2020,1931
27.889503195876287,2020,1932
25.07147103092782,2020,1933
20.697936185567013,2020,1934
20.639329896907224,2020,1935
20.89160103092783,2020,1936
20.458426185567006,2020,1937
20.6112581443299,2020,1938
20.774842577319596,2020,1939
20.97243422680412,2020,1940
21.22835020618557,2020,1941
20.385768556701034,2020,1942
22.25336082474227,2020,1943
21.91434154639175,2020,1944
22.016028659793815,2020,1945
20.66619268041237,2020,1946
21.747408762886597,2020,1947
21.962987216494835,2020,1948
21.031750927835056,2020,1949
19.65419845360825,2020,1950
22.28221948453608,2020,1951
22.4019837113402,2020,1952
22.321656082474224,2020,1953
21.824711546391747,2020,1954
21.319533608247426,2020,1955
21.62921278350515,2020,1956
22.517761237113405,2020,1957
22.374393814432977,2020,1958
22.85101989690721,2020,1959
22.77857288659794,2020,1960
22.305130309278333,2020,1961
21.75132628865979,2020,1962
21.92648278350515,2020,1963
22.76801020618557,2020,1964
22.64575577319587,2020,1965
21.0581913402062,2020,1966
23.12713360824744,2020,1967
21.418785670103095,2020,1968
21.857079278350504,2020,1969
20.835334948453607,2020,1970
21.41126731958764,2020,1971
21.904672268041235,2020,1972
21.11285412371133,2020,1973
21.68779876288659,2020,1974
23.09573092783504,2020,1975
20.797451237113403,2020,1976
25.98901824742269,2021,1977
26.139711546391748,2021,1978
28.41391567010309,2021,1979
21.451925051546382,2021,1980
20.9289518556701,2021,1981
21.436144226804128,2021,1982
24.46487103092784,2021,1983
22.09523195876288,2021,1984
22.481702989690724,2021,1985
24.30924402061856,2021,1986
27.727780206185567,2021,1987
24.601629381443303,2021,1988
24.325318762886607,2021,1989
25.980622268041223,2021,1990
27.0108381443299,2021,1991
23.33850835051548,2021,1992
24.307450412371125,2021,1993
18.715106494845365,2021,1994
18.39711989690721,2021,1995
19.23803340206185,2021,1996
19.524276597938147,2021,1997
20.636271340206186,2021,1998
20.71540288659793,2021,1999
20.54648154639175,2021,2000
21.165077319587624,2021,2001
19.08901360824742,2021,2002
19.35253391752577,2021,2003
20.21468567010308,2021,2004
22.42828969072165,2021,2005
20.401553298969077,2021,2006
18.61124845360825,2021,2007
25.221496185566995,2021,2008
19.845186391752573,2021,2009
19.96929319587629,2021,2010
18.72887072164948,2021,2011
18.560289896907214,2021,2012
18.1833006185567,2021,2013
17.83676082474227,2021,2014
18.395080309278352,2021,2015
18.17914680412371,2021,2016
18.12697855670104,2021,2017
17.985887628865974,2021,2018
18.865559896907214,2021,2019
18.04320298969072,2021,2020
17.84924113402062,2021,2021
18.043550309278352,2021,2022
19.29269226804124,2021,2023
18.856159484536093,2021,2024
18.51112907216495,2021,2025
17.751487525773197,2021,2026
18.4162187628866,2021,2027
19.062996907216498,2021,2028
18.54353855670104,2021,2029
19.47515350515464,2021,2030
20.68825536082474,2021,2031
18.03016742268041,2021,2032
18.109539175257733,2021,2033
18.748538556701032,2021,2034
20.0164406185567,2021,2035
19.044978762886604,2021,2036
18.36365639175257,2021,2037
20.54698793814434,2021,2038
29.599716391752565,2021,2039
26.727967731958767,2021,2040
19.076662371134027,2021,2041
19.58704268041237,2021,2042
18.755175051546395,2021,2043
18.3020550515464,2021,2044
20.171619072164948,2021,2045
19.089523505154634,2021,2046
18.3980512371134,2021,2047
19.54730804123711,2021,2048
19.276472680412372,2021,2049
18.368005773195875,2021,2050
18.82505391752577,2021,2051
20.40842216494845,2021,2052
18.5684206185567,2021,2053
22.043652577319595,2021,2054
20.40220082474228,2021,2055
19.83655680412372,2021,2056
22.269358350515468,2021,2057
21.94521835051546,2021,2058
21.14139597938145,2021,2059
20.19670711340207,2021,2060
18.47672020618557,2021,2061
18.388840309278347,2021,2062
21.05801453608247,2021,2063
20.402160206185563,2021,2064
19.99465422680413,2021,2065
20.57020051546392,2021,2066
19.583240412371133,2021,2067
20.324122577319585,2021,2068
20.99655577319588,2021,2069
18.37073783505155,2021,2070
19.421873298969068,2021,2071
18.69608278350516,2021,2072
21.06923061855669,2021,2073
20.783667113402064,2021,2074
20.3660262886598,2021,2075
22.604057216494844,2021,2076
18.72393618556701,2021,2077
19.52782917525774,2021,2078
18.367766701030924,2021,2079
18.998372061855672,2021,2080
19.46569381443299,2021,2081
18.68939628865979,2021,2082
19.53983381443299,2021,2083
23.892226804123705,2021,2084
22.48903474226804,2021,2085
19.10374505154639,2021,2086
18.835778865979385,2021,2087
21.80443742268041,2021,2088
20.041593092783508,2021,2089
19.543014226804125,2021,2090
21.187094742268048,2021,2091
21.60421443298969,2021,2092
19.26315463917525,2021,2093
18.39026927835052,2021,2094
18.781454329896903,2021,2095
18.754461030927832,2021,2096
19.45872690721649,2021,2097
20.322691958762885,2021,2098
20.11218175257732,2021,2099
19.21369690721649,2021,2100
18.695314845360823,2021,2101
20.21611793814432,2021,2102
21.560025773195868,2021,2103
21.113531546391748,2021,2104
20.41002391752577,2021,2105
22.24155855670103,2021,2106
25.10252340206185,2021,2107
21.510702061855667,2021,2108
25.7062618556701,2021,2109
24.37380608247421,2021,2110
24.02669391752576,2021,2111
23.21132340206186,2021,2112
21.89191597938143,2021,2113
19.21521886597938,2021,2114
18.97803350515465,2021,2115
20.332566391752582,2021,2116
21.424563298969076,2021,2117
20.66340298969072,2021,2118
20.50287154639175,2021,2119
20.74562010309278,2021,2120
20.910311237113405,2021,2121
21.59487690721649,2021,2122
20.32785,2021,2123
20.30892979381444,2021,2124
21.008048350515462,2021,2125
20.19428989690722,2021,2126
20.096875360824747,2021,2127
20.8065462886598,2021,2128
21.28822886597938,2021,2129
21.65428773195876,2021,2130
23.195811134020616,2021,2131
21.39417113402062,2021,2132
19.751404123711332,2021,2133
19.33413329896908,2021,2134
20.596910515463914,2021,2135
20.235774329896905,2021,2136
21.5936250515464,2021,2137
21.985186082474232,2021,2138
22.56686577319589,2021,2139
20.09833484536082,2021,2140
20.978487628865985,2021,2141
21.086416804123704,2021,2142
20.667186391752573,2021,2143
20.350215051546392,2021,2144
20.83326824742268,2021,2145
23.929840824742268,2021,2146
24.20359443298969,2021,2147
23.09610608247423,2021,2148
22.80528505154639,2021,2149
22.210777628865976,2021,2150
22.127316597938147,2021,2151
22.722923814432992,2021,2152
19.010628144329893,2021,2153
19.13233195876289,2021,2154
18.872585154639182,2021,2155
19.96241680412371,2021,2156
17.956661958762886,2021,2157
18.240236082474222,2021,2158
17.499561649484537,2021,2159
17.163322164948454,2021,2160
18.05625814432989,2021,2161
19.395719587628868,2021,2162
19.845324639175256,2021,2163
20.447807731958772,2021,2164
22.63710494845362,2021,2165
22.903167319587624,2021,2166
22.76566453608247,2021,2167
21.81438793814434,2021,2168
17.752221340206187,2021,2169
17.72629237113402,2021,2170
17.836638041237112,2021,2171
18.74665979381443,2021,2172
19.25291030927835,2021,2173
20.639750721649488,2021,2174
20.4249568041237,2021,2175
20.56489927835052,2021,2176
20.99508268041238,2021,2177
21.454269381443297,2021,2178
22.90798804123712,2021,2179
18.66826494845361,2021,2180
20.267657835051548,2021,2181
18.81714402061856,2021,2182
18.70105412371134,2021,2183
18.575144742268044,2021,2184
18.932683092783503,2021,2185
19.15781154639176,2021,2186
18.60744762886598,2021,2187
18.473895051546396,2021,2188
20.0605430927835,2021,2189
19.622876082474228,2021,2190
20.92111298969072,2021,2191
21.68509412371134,2021,2192
21.542607525773192,2021,2193
20.63300443298969,2021,2194
22.056290515463928,2021,2195
23.554431237113413,2021,2196
24.780874123711342,2021,2197
25.62077969072165,2021,2198
20.589497113402057,2021,2199
19.0621787628866,2021,2200
25.456617216494845,2021,2201
24.724151237113407,2021,2202
23.56459391752577,2021,2203
23.32406247422681,2021,2204
22.25633979381444,2021,2205
22.13812278350515,2021,2206
22.60252030927835,2021,2207
21.934200412371126,2021,2208
22.002080721649484,2021,2209
24.276996701030928,2021,2210
23.012957422680408,2021,2211
25.744037422680407,2021,2212
26.50000835051545,2021,2213
28.775968762886613,2021,2214
20.729892886597938,2021,2215
22.09394144329897,2021,2216
29.96839876288661,2021,2217
28.127117113402047,2021,2218
27.420640309278348,2021,2219
24.6559524742268,2021,2220
25.574809278350514,2021,2221
24.24446824742267,2021,2222
24.13464773195876,2021,2223
24.6795212371134,2021,2224
24.530215979381435,2021,2225
24.047588453608235,2021,2226
26.106354845360816,2021,2227
27.777993814432985,2021,2228
27.11263783505156,2021,2229
25.243108865979384,2021,2230
26.419876597938146,2021,2231
25.91249618556701,2021,2232
26.751045463917524,2021,2233
27.04230505154638,2021,2234
26.229996391752582,2021,2235
24.453159484536084,2021,2236
26.11747247422681,2021,2237
28.319780927835065,2021,2238
29.06663824742267,2021,2239
28.705056494845355,2021,2240
28.138432061855667,2021,2241
25.693819587628862,2021,2242
24.431576185567017,2021,2243
24.18591350515464,2021,2244
24.70219319587629,2021,2245
24.804435154639176,2021,2246
30.14628690721649,2021,2247
26.536030309278345,2021,2248
25.822892268041244,2021,2249
25.40804247422681,2021,2250
24.96381206185567,2021,2251
23.420658556701024,2021,2252
22.77889175257732,2021,2253
24.85345092783505,2021,2254
25.68090195876289,2021,2255
26.94828134020619,2021,2256
26.958116494845346,2021,2257
26.0434124742268,2021,2258
26.330727938144328,2021,2259
26.60556577319588,2021,2260
28.203882474226805,2021,2261
27.582740309278343,2021,2262
25.064291855670117,2021,2263
26.175006701030927,2021,2264
22.436710206185577,2021,2265
23.466216804123707,2021,2266
23.467554845360823,2021,2267
25.22373896907216,2021,2268
23.42157546391752,2021,2269
24.340841546391754,2021,2270
22.12544412371134,2021,2271
22.35280927835051,2021,2272
25.687145360824744,2021,2273
23.075995463917533,2021,2274
25.495539896907225,2021,2275
25.425074845360832,2021,2276
25.10672268041236,2021,2277
25.667672783505164,2021,2278
26.25015773195877,2021,2279
25.802186082474226,2021,2280
18.423547319587623,2021,2281
18.2962518556701,2021,2282
18.36340412371134,2021,2283
18.08706824742268,2021,2284
19.705407525773197,2021,2285
20.558734948453605,2021,2286
21.35459680412372,2021,2287
19.982077319587624,2021,2288
19.74572948453609,2021,2289
19.80671278350515,2021,2290
21.001873814432987,2021,2291
19.393031237113405,2021,2292
20.13104752577319,2021,2293
22.366210824742268,2021,2294
21.325221237113404,2021,2295
21.84850896907216,2021,2296
23.68232659793812,2021,2297
19.831886597938144,2021,2298
19.245219484536086,2021,2299
18.434994536082467,2021,2300
17.445027938144328,2021,2301
18.72856216494845,2021,2302
21.516295670103087,2021,2303
21.332404639175262,2021,2304
21.73730793814433,2021,2305
23.767548350515465,2021,2306
18.49036309278351,2021,2307
19.502606248628872,2022,2308
19.532496770298952,2022,2309
19.63588193256701,2022,2310
19.604560509381425,2022,2311
18.64828484941237,2022,2312
23.077335149567027,2022,2313
23.334924221536088,2022,2314
23.62757892190722,2022,2315
21.803970563216502,2022,2316
21.77802173613403,2022,2317
23.578996898701018,2022,2318
25.29938406009276,2022,2319
27.115821148092785,2022,2320
29.349569172309288,2022,2321
30.12154904193815,2022,2322
32.02725448142267,2022,2323
25.94606019652578,2022,2324
26.12714676258762,2022,2325
29.30560629358764,2022,2326
29.332913586195875,2022,2327
24.654005213886595,2022,2328
24.789267266474237,2022,2329
26.885637241938127,2022,2330
24.48731534372164,2022,2331
25.34613736705155,2022,2332
19.45080418125773,2022,2333
20.282307847567026,2022,2334
25.658413729134008,2022,2335
25.57580162319588,2022,2336
19.25501094814434,2022,2337
21.688584891536085,2022,2338
18.82605602215464,2022,2339
20.516235991865983,2022,2340
20.9635418718969,2022,2341
22.470830350505164,2022,2342
20.740193573072165,2022,2343
19.437067058731948,2022,2344
19.18281137485567,2022,2345
19.638037592432987,2022,2346
19.11898337669072,2022,2347
19.51449950659793,2022,2348
19.16860329690721,2022,2349
18.63085531130929,2022,2350
18.380439445969067,2022,2351
20.099260095670104,2022,2352
18.78708366182475,2022,2353
18.819988263835054,2022,2354
19.29309409318557,2022,2355
19.799087304989687,2022,2356
19.70041686903093,2022,2357
19.87037225629897,2022,2358
20.591973245567008,2022,2359
20.18720657157732,2022,2360
19.64539351730928,2022,2361
19.01241901039175,2022,2362
19.49313397772164,2022,2363
20.077641997,2022,2364
21.24798452142268,2022,2365
20.22273511136082,2022,2366
20.287579666845357,2022,2367
20.52528794073196,2022,2368
20.59106705244948,2022,2369
20.820178325051543,2022,2370
20.35337659842268,2022,2371
19.44020614258763,2022,2372
22.61110329160825,2022,2373
22.65058308665979,2022,2374
23.8802633004433,2022,2375
23.29627384808248,2022,2376
20.363409662164948,2022,2377
18.813461712649485,2022,2378
18.940103005092787,2022,2379
18.67755190337113,2022,2380
19.104170140113403,2022,2381
19.46974387686598,2022,2382
19.52332748673196,2022,2383
17.943534219257735,2022,2384
18.67248926683505,2022,2385
19.81354623260825,2022,2386
19.431825568134027,2022,2387
19.016589911412368,2022,2388
22.695027005896907,2022,2389
23.688335070855665,2022,2390
20.265064030134013,2022,2391
20.829426562793827,2022,2392
23.14817296853608,2022,2393
22.50070349976288,2022,2394
22.170781417072163,2022,2395
22.773586691835057,2022,2396
22.28592847011339,2022,2397
20.840529383206203,2022,2398
20.50875625419588,2022,2399
20.489081014000003,2022,2400
19.42047669029897,2022,2401
18.91948357969072,2022,2402
19.35340630568041,2022,2403
22.991654218907215,2022,2404
26.810808966257724,2022,2405
22.271887844886614,2022,2406
18.58994350159793,2022,2407
18.696955788587623,2022,2408
17.87064578782476,2022,2409
18.314446207525783,2022,2410
18.79399275078351,2022,2411
18.82146375798969,2022,2412
20.199340800123707,2022,2413
21.703247839525773,2022,2414
20.98209877500001,2022,2415
20.11038144498969,2022,2416
20.673764552618564,2022,2417
21.808384156371137,2022,2418
19.853337381845364,2022,2419
21.90502958339176,2022,2420
21.350767055917533,2022,2421
23.219761197494844,2022,2422
21.01832180367011,2022,2423
19.500857859474216,2022,2424
18.33070155135052,2022,2425
18.929949921484525,2022,2426
18.03440739428866,2022,2427
18.34096572086598,2022,2428
19.43985997976289,2022,2429
20.09633668518556,2022,2430
19.639309091618564,2022,2431
21.618152067938134,2022,2432
21.872057369659792,2022,2433
21.90069515692784,2022,2434
22.061300342144317,2022,2435
25.560920019494844,2022,2436
18.789135878711345,2022,2437
18.6886441162165,2022,2438
18.931674423113403,2022,2439
19.865146195340213,2022,2440
20.630194791051547,2022,2441
20.950272624134016,2022,2442
21.051626850278367,2022,2443
21.256004432649483,2022,2444
20.77970912573197,2022,2445
19.747641767731952,2022,2446
21.82684528310309,2022,2447
19.167378762577314,2022,2448
19.13053771485567,2022,2449
20.33597385987628,2022,2450
21.332992729041237,2022,2451
20.51261567218557,2022,2452
17.89224380169072,2022,2453
18.415843507608248,2022,2454
18.31377142469073,2022,2455
19.552277359463925,2022,2456
21.8006834077835,2022,2457
21.67567432915464,2022,2458
22.265442544721644,2022,2459
20.984121329659803,2022,2460
20.851548526515455,2022,2461
20.120874988030927,2022,2462
20.39569823548453,2022,2463
21.49511247358762,2022,2464
22.69965311986598,2022,2465
22.30002129659796,2022,2466
23.50322782980412,2022,2467
17.744485016113387,2022,2468
18.59700626276288,2022,2469
19.162341830051545,2022,2470
18.74667159397938,2022,2471
19.352615954711336,2022,2472
19.15977359930928,2022,2473
17.598210621494832,2022,2474
18.051291226546397,2022,2475
18.77685423853608,2022,2476
18.86554906299999,2022,2477
19.39727819486597,2022,2478
18.265546969969076,2022,2479
22.17669116229896,2022,2480
20.594687422639176,2022,2481
20.251592915237115,2022,2482
20.88261652814434,2022,2483
17.424500862113398,2022,2484
16.91148890045361,2022,2485
16.967493837195864,2022,2486
17.183875127969078,2022,2487
17.055695990288662,2022,2488
16.918735828350517,2022,2489
17.014315849432986,2022,2490
18.109738672793814,2022,2491
17.890532888329894,2022,2492
18.66545493673196,2022,2493
17.675308956278354,2022,2494
18.14950503941237,2022,2495
19.12419684236083,2022,2496
17.25460252319588,2022,2497
16.794688202608256,2022,2498
17.19465324912989,2022,2499
18.65231923195876,2022,2500
17.87211853905154,2022,2501
19.03655870223712,2022,2502
17.134289809824736,2022,2503
16.26686757914433,2022,2504
17.409145430412373,2022,2505
17.45739019118557,2022,2506
17.290629719907233,2022,2507
17.767907468309282,2022,2508
17.72494247084535,2022,2509
16.642240215020603,2022,2510
18.19665201495877,2022,2511
18.58971746007216,2022,2512
17.274544428670108,2022,2513
16.994609295587626,2022,2514
17.2682049289897,2022,2515
17.9101408691031,2022,2516
20.9320626430103,2022,2517
20.967912079175264,2022,2518
18.74047544947422,2022,2519
18.22734904977319,2022,2520
17.103674163463918,2022,2521
16.77067531732989,2022,2522
17.398231608886604,2022,2523
17.60911293639175,2022,2524
17.196584492412367,2022,2525
17.077613221938144,2022,2526
17.364889821494856,2022,2527
18.9157281376701,2022,2528
19.775664078,2022,2529
20.26231461772165,2022,2530
19.78130194504124,2022,2531
17.009884118319583,2022,2532
17.765676297134014,2022,2533
20.827999171257733,2022,2534
19.67966457080412,2022,2535
18.82192220995876,2022,2536
19.431830064041232,2022,2537
18.327124373443304,2022,2538
18.462143061206184,2022,2539
17.58663229856701,2022,2540
16.451397505103095,2022,2541
16.868014312618556,2022,2542
16.847470912443296,2022,2543
17.94219489491752,2022,2544
17.45468692987629,2022,2545
18.59142067712371,2022,2546
18.317487392969067,2022,2547
20.5230674576701,2022,2548
17.902376069752577,2022,2549
18.09142988252577,2022,2550
16.918119670350514,2022,2551
16.7056951041237,2022,2552
18.722274611474223,2022,2553
21.132612892268035,2022,2554
21.49142396405154,2022,2555
21.2489141851134,2022,2556
19.276980591134013,2022,2557
19.252334090670107,2022,2558
17.74337604676289,2022,2559
17.22512791387628,2022,2560
16.92299076810309,2022,2561
16.94100957084535,2022,2562
16.856897974608245,2022,2563
17.849765734762883,2022,2564
29.61552258551546,2022,2565
29.80396731363917,2022,2566
25.43525207786597,2022,2567
24.843803835917523,2022,2568
24.214669271123704,2022,2569
24.19589605322681,2022,2570
23.833181455515465,2022,2571
22.182763643360826,2022,2572
18.975591689701037,2022,2573
18.10966605672164,2022,2574
17.741377653134023,2022,2575
17.268170404175258,2022,2576
17.075791430804124,2022,2577
16.330572453113405,2022,2578
17.56779246504124,2022,2579
18.644400929288675,2022,2580
27.03844190656703,2022,2581
24.87386763823712,2022,2582
23.155541835484552,2022,2583
21.03150096384536,2022,2584
21.171266750865986,2022,2585
22.18917961737113,2022,2586
21.844406290422693,2022,2587
21.39730779853608,2022,2588
22.16380898804124,2022,2589
22.54986390582474,2022,2590
22.95815910571133,2022,2591
17.710504000412378,2022,2592
20.109352991659787,2022,2593
19.69818368383504,2022,2594
18.223220528134014,2022,2595
20.116863821412377,2022,2596
30.016700871164943,2022,2597
26.417519344103088,2022,2598
28.32173216047422,2022,2599
27.720805756391755,2022,2600
24.98447224403092,2022,2601
23.77320772645361,2022,2602
24.4360460703402,2022,2603
26.08198578853607,2022,2604
24.15307527125773,2022,2605
22.19806806168041,2022,2606
23.649990767041228,2022,2607
18.538857723350517,2022,2608
18.88816691842269,2022,2609
20.536915877680407,2022,2610
19.38071717906185,2022,2611
23.861651799195887,2022,2612
29.925241362206183,2022,2613
29.960717320989687,2022,2614
33.13293969508247,2022,2615
32.6980948937835,2022,2616
29.03036169572165,2022,2617
28.965261138494835,2022,2618
27.671846177979365,2022,2619
30.389462908525772,2022,2620
24.95723485684536,2022,2621
26.26007550892785,2022,2622
27.649821066731977,2022,2623
22.33056035381443,2022,2624
21.54830433976288,2022,2625
20.90100821107216,2022,2626
19.85512093020619,2022,2627
30.208269200917528,2022,2628
28.873501226546388,2022,2629
27.91298571038144,2022,2630
26.717235400793804,2022,2631
25.2553488206598,2022,2632
23.70019981241238,2022,2633
24.72558842028867,2022,2634
25.20234162809279,2022,2635
28.681782902742256,2022,2636
27.48622816060825,2022,2637
25.751453060979383,2022,2638
25.403799484278355,2022,2639
23.065239516969083,2022,2640
26.163415824432988,2022,2641
25.18613588659796,2022,2642
24.29736512316496,2022,2643
24.53459289305154,2022,2644
26.7094499400928,2022,2645
29.2513707354433,2022,2646
30.37664391600001,2022,2647
24.05835766918558,2022,2648
24.298409074309276,2022,2649
25.22936547138145,2022,2650
26.450288963278343,2022,2651
27.1352048010206,2022,2652
32.47368943356701,2022,2653
30.521330443134023,2022,2654
26.22473100573196,2022,2655
25.204633562030928,2022,2656
26.426412444670085,2022,2657
26.39983719464948,2022,2658
26.043267423041225,2022,2659
20.00811969195877,2022,2660
20.66323149273196,2022,2661
25.82673321939177,2022,2662
23.433991738773173,2022,2663
23.50750326474227,2022,2664
23.706081425628856,2022,2665
24.403328974855672,2022,2666
20.41706890104124,2022,2667
23.38664709859793,2022,2668
20.66324359268042,2022,2669
18.65476406352577,2022,2670
26.669066606948444,2022,2671
17.52537206185567,2023,2672
22.155817216494835,2023,2673
18.64340443298969,2023,2674
17.66763247422681,2023,2675
17.827959484536077,2023,2676
17.76357639175257,2023,2677
18.787734329896907,2023,2678
18.234987319587628,2023,2679
18.069331855670097,2023,2680
18.60945742268041,2023,2681
18.91288391752578,2023,2682
20.79435350515465,2023,2683
19.47463721649484,2023,2684
20.184933195876287,2023,2685
20.027938453608247,2023,2686
19.64792938144331,2023,2687
17.935395154639167,2023,2688
18.32433762886598,2023,2689
18.15302010309277,2023,2690
17.349695257731952,2023,2691
18.40663329896906,2023,2692
19.37289340206186,2023,2693
20.97743092783505,2023,2694
23.85546391752578,2023,2695
21.431419793814428,2023,2696
21.79610793814433,2023,2697
24.338687525773203,2023,2698
23.867194948453616,2023,2699
22.025481340206195,2023,2700
21.261028762886596,2023,2701
20.76654154639176,2023,2702
22.137095051546403,2023,2703
26.305714536082476,2023,2704
23.092014020618542,2023,2705
29.308629484536088,2023,2706
28.095082577319594,2023,2707
28.48689886597938,2023,2708
25.162094123711345,2023,2709
25.780499999999996,2023,2710
27.44183164948453,2023,2711
27.40109175257732,2023,2712
29.186403505154647,2023,2713
29.091316288659797,2023,2714
25.172380927835032,2023,2715
25.11161701030926,2023,2716
25.43271051546391,2023,2717
27.19934443298969,2023,2718
25.97482381443298,2023,2719
23.833049690721666,2023,2720
23.382055670103103,2023,2721
23.112138144329887,2023,2722
24.123178969072157,2023,2723
25.045403092783516,2023,2724
24.01125845360824,2023,2725
24.860357422680394,2023,2726
25.311325463917512,2023,2727
25.436857628865976,2023,2728
21.85884051546392,2023,2729
20.0308974226804,2023,2730
25.60469020618556,2023,2731
27.63087896907217,2023,2732
25.54475237113401,2023,2733
24.9388244329897,2023,2734
27.60929907216494,2023,2735
27.08820814432989,2023,2736
26.71198804123711,2023,2737
24.829433608247417,2023,2738
25.754235773195884,2023,2739
25.423339793814424,2023,2740
23.57622597938145,2023,2741
25.30864082474226,2023,2742
24.74524092783505,2023,2743
25.865744226804125,2023,2744
26.591953298969077,2023,2745
27.473799175257728,2023,2746
27.44304371134021,2023,2747
28.714537731958767,2023,2748
27.537745979381448,2023,2749
28.188364432989687,2023,2750
24.58826577319587,2023,2751
26.480088041237103,2023,2752
30.35646,2023,2753
27.800883608247428,2023,2754
27.49943845360823,2023,2755
26.00380618556701,2023,2756
24.33815515463917,2023,2757
23.51972319587629,2023,2758
24.29297835051548,2023,2759
25.262585567010305,2023,2760
25.837065773195867,2023,2761
22.186494639175244,2023,2762
25.31885402061855,2023,2763
24.943416185566992,2023,2764
25.637791649484527,2023,2765
24.275865979381457,2023,2766
24.221443711340218,2023,2767
22.96224268041237,2023,2768
22.18369742268041,2023,2769
20.44129835051546,2023,2770
19.84295474226805,2023,2771
21.56720103092784,2023,2772
23.82896288659794,2023,2773
25.83728835051545,2023,2774
25.744276082474236,2023,2775
26.10494226804124,2023,2776
26.10121309278352,2023,2777
25.72347762886597,2023,2778
23.464788453608264,2023,2779
26.298448350515468,2023,2780
24.928592061855674,2023,2781
24.31310731958764,2023,2782
24.854783814432995,2023,2783
24.31933412371133,2023,2784
22.68063752577319,2023,2785
21.967679587628865,2023,2786
23.3222530927835,2023,2787
31.483879072164964,2023,2788
25.917710824742272,2023,2789
25.667785154639176,2023,2790
26.053918865979377,2023,2791
23.637960824742255,2023,2792
21.49506206185567,2023,2793
24.84773278350515,2023,2794
20.156460206185564,2023,2795
20.65379793814433,2023,2796
20.37807340206185,2023,2797
22.83734226804124,2023,2798
24.460005670103104,2023,2799
23.41960597938144,2023,2800
24.897644123711338,2023,2801
25.59773567010309,2023,2802
23.104869484536074,2023,2803
22.059971649484545,2023,2804
22.84181041237113,2023,2805
20.38332082474227,2023,2806
20.129743092783503,2023,2807
21.92569051546392,2023,2808
22.78335175257732,2023,2809
22.94254453608248,2023,2810
23.059892783505155,2023,2811
20.99223515463917,2023,2812
19.88846597938144,2023,2813
19.446787113402053,2023,2814
20.40072298969073,2023,2815
20.057961030927824,2023,2816
20.725943814432988,2023,2817
20.817195154639183,2023,2818
20.81043226804124,2023,2819
20.38236742268041,2023,2820
19.579459484536088,2023,2821
20.28148175257732,2023,2822
20.07579278350515,2023,2823
18.910074329896915,2023,2824
20.05460298969072,2023,2825
22.05495907216495,2023,2826
19.053413195876296,2023,2827
18.50053051546392,2023,2828
18.887237113402065,2023,2829
21.60591216494846,2023,2830
22.132732061855663,2023,2831
20.661130206185568,2023,2832
19.971090206185565,2023,2833
21.40473164948454,2023,2834
22.148499690721643,2023,2835
20.90027670103093,2023,2836
20.12485793814433,2023,2837
19.53706309278351,2023,2838
18.962490103092776,2023,2839
17.64225206185567,2023,2840
17.756359072164948,2023,2841
22.29839814432989,2023,2842
19.415031649484536,2023,2843
21.97025020618556,2023,2844
21.980559484536077,2023,2845
20.50168597938144,2023,2846
20.89609587628865,2023,2847
20.183309587628862,2023,2848
20.292425670103096,2023,2849
21.457852474226804,2023,2850
20.72776721649485,2023,2851
21.34925969072166,2023,2852
20.267432577319592,2023,2853
20.835195257731957,2023,2854
20.25355154639176,2023,2855
21.14467226804123,2023,2856
20.59044092783505,2023,2857
20.513099484536088,2023,2858
21.900055154639173,2023,2859
20.767587113402065,2023,2860
21.99086876288659,2023,2861
22.001178041237104,2023,2862
22.01148731958762,2023,2863
22.02179659793813,2023,2864
22.03210587628865,2023,2865
22.04241515463917,2023,2866
22.05272443298968,2023,2867
22.0630337113402,2023,2868
22.073342989690712,2023,2869
22.083652268041227,2023,2870
22.093961546391743,2023,2871
22.104270824742255,2023,2872
22.114580103092774,2023,2873
19.585495979381445,2023,2874
22.135198659793804,2023,2875
22.14550793814432,2023,2876
19.788170824742267,2023,2877
20.09643474226804,2023,2878
21.673240206185564,2023,2879
20.81540288659794,2023,2880
20.772088144329896,2023,2881
21.242013092783512,2023,2882
21.152845979381443,2023,2883
19.972636185567005,2023,2884
18.96573206185567,2023,2885
18.437404845360817,2023,2886
19.73750855670102,2023,2887
20.36278371134021,2023,2888
20.43118587628866,2023,2889
21.152420927835053,2023,2890
21.06708597938144,2023,2891
19.806777010309283,2023,2892
22.27231371134021,2023,2893
22.575028556701028,2023,2894
26.600988144329893,2023,2895
26.38964948453609,2023,2896
25.93317298969072,2023,2897
26.864700927835056,2023,2898
24.051110927835055,2023,2899
21.193826185567016,2023,2900
21.30416597938144,2023,2901
22.072815360824737,2023,2902
21.967768556701035,2023,2903
21.276882164948464,2023,2904
21.984512783505163,2023,2905
22.12488938144329,2023,2906
22.101310103092786,2023,2907
21.64271103092784,2023,2908
22.432906701030923,2023,2909
23.21279742268041,2023,2910
23.51130567010309,2023,2911
23.780641030927843,2023,2912
22.96211618556701,2023,2913
22.712841340206182,2023,2914
22.04783536082475,2023,2915
22.86698268041237,2023,2916
29.33586072164949,2023,2917
28.37533701030927,2023,2918
23.598044123711343,2023,2919
21.568445051546387,2023,2920
22.57624824742268,2023,2921
20.71374979381444,2023,2922
24.148927216494847,2023,2923
22.83185134020619,2023,2924
22.822920103092788,2023,2925
23.64089793814433,2023,2926
23.070365876288665,2023,2927
22.05583731958764,2023,2928
21.96042907216496,2023,2929
20.738091855670103,2023,2930
21.450876082474228,2023,2931
23.54327381443299,2023,2932
23.68847690721649,2023,2933
23.997722268041244,2023,2934
25.722257113402065,2023,2935
25.754348453608248,2023,2936
22.110514536082476,2023,2937
22.655595463917525,2023,2938
20.86685371134021,2023,2939
20.769595154639184,2023,2940
22.506456494845366,2023,2941
23.65140989690722,2023,2942
23.732055360824745,2023,2943
25.513023195876283,2023,2944
27.901015257731963,2023,2945
25.52796412371133,2023,2946
23.074644020618557,2023,2947
22.73693010309279,2023,2948
24.97292907216496,2023,2949
23.43691463917526,2023,2950
20.70372783505154,2023,2951
21.224006185567006,2023,2952
24.759024226804115,2023,2953
23.26957134020618,2023,2954
24.565415463917525,2023,2955
22.925784742268043,2023,2956
18.25191608247422,2023,2957
18.44315164948453,2023,2958
19.664561443298965,2023,2959
19.69881618556701,2023,2960
20.430558556701037,2023,2961
20.026690103092783,2023,2962
20.4375187628866,2023,2963
22.624689072164944,2023,2964
22.40158948453608,2023,2965
22.496992680412376,2023,2966
22.50730195876289,2023,2967
20.546837938144325,2023,2968
19.104526185567007,2023,2969
20.65682731958762,2023,2970
20.04280257731959,2023,2971
21.108961855670103,2023,2972
18.818662164948453,2023,2973
18.82897144329897,2023,2974
18.839280721649484,2023,2975
18.84959,2023,2976
18.859899278350515,2023,2977
18.87020855670103,2023,2978
18.880517835051545,2023,2979
19.51424391752577,2023,2980
19.38043278350516,2023,2981
19.413465154639184,2023,2982
20.598873298969075,2023,2983
20.54038329896907,2023,2984
18.535655876288654,2023,2985
26.255407525773187,2023,2986
17.9583312371134,2023,2987
17.08957484536082,2023,2988
18.65371371134021,2023,2989
18.66402298969072,2023,2990
18.67433226804124,2023,2991
18.684641546391752,2023,2992
18.694950824742268,2023,2993
18.705260103092783,2023,2994
18.7155693814433,2023,2995
18.72587865979381,2023,2996
18.73618793814433,2023,2997
18.746497216494845,2023,2998
18.75680649484536,2023,2999
18.76711577319588,2023,3000
18.77742505154639,2023,3001
19.982960103092783,2023,3002
18.63309515463917,2023,3003
18.499074536082475,2023,3004
18.50938381443299,2023,3005
18.519693092783506,2023,3006
18.53000237113402,2023,3007
18.540311649484536,2023,3008
18.55062092783505,2023,3009
18.560930206185567,2023,3010
18.571239484536083,2023,3011
18.5815487628866,2023,3012
18.591858041237117,2023,3013
18.60216731958763,2023,3014
18.612476597938144,2023,3015
18.88091907216494,2023,3016
18.3017893814433,2023,3017
17.809762061855672,2023,3018
17.729470309278348,2023,3019
18.62278587628866,2023,3020
17.773885670103084,2023,3021
17.784194948453603,2023,3022
17.79450422680412,2023,3023
17.804813505154634,2023,3024
17.81512278350515,2023,3025
17.825432061855665,2023,3026
17.83574134020618,2023,3027
17.846050618556696,2023,3028
17.322894639175257,2023,3029
17.549911340206183,2023,3030
22.16612649484535,2023,3031
18.798043608247426,2023,3032
18.808352886597937,2023,3033
18.143679896907223,2023,3034
