Year,index,Rainfall,Solar_Exposure,Min_Temp,Max_Temp,Average_MWH
2015,0,0.0,31.0,21.0,24.4,17.312415051546385
2015,1,0.0,18.3,21.4,24.4,16.9990462886598
2015,2,0.0,31.4,21.3,25.1,16.11141195876288
2015,3,0.0,24.4,22.4,24.9,16.49473845360825
2015,4,0.0,16.3,20.7,23.4,17.242925257731958
2015,5,0.0,27.9,21.1,25.1,16.915263917525778
2015,6,0.0,31.1,22.4,25.4,16.949041752577333
2015,7,0.0,31.9,21.0,24.3,17.10578896907217
2015,8,0.0,26.4,21.9,25.8,17.57132680412372
2015,9,0.0,15.9,21.7,25.2,16.957916082474238
2015,10,14.4,3.2,20.9,22.3,16.30064690721649
2015,11,10.4,15.7,20.3,22.7,16.7061225773196
2015,12,3.0,22.0,19.1,27.6,18.01690546391753
2015,13,0.0,28.2,20.7,31.8,17.836836185567016
2015,14,0.0,30.8,23.3,25.5,18.967002989690712
2015,15,0.0,28.3,21.5,26.4,20.02690969072165
2015,16,0.0,32.0,22.7,31.7,17.880951237113393
2015,17,0.0,30.2,21.6,24.7,17.954111030927844
2015,18,0.4,6.5,20.9,22.1,19.736915257731955
2015,19,9.8,23.6,18.2,23.6,18.27833061855669
2015,20,2.8,29.2,19.0,25.3,17.6041443298969
2015,21,0.0,29.1,21.9,25.3,17.65543216494846
2015,22,0.0,28.7,22.3,24.9,18.24437350515465
2015,23,0.0,28.2,22.4,25.5,19.829659484536087
2015,24,0.0,26.8,22.1,29.2,19.06303525773196
2015,25,1.0,3.3,20.2,22.2,19.74805865979381
2015,26,41.6,3.3,18.7,20.8,19.417244742268043
2015,27,73.8,4.4,17.6,21.0,17.99934597938144
2015,28,8.2,30.3,16.0,21.0,16.733659175257728
2015,29,0.0,28.0,16.5,23.7,16.76528175257732
2015,30,0.0,29.2,17.8,23.8,21.221263195876297
2015,31,0.0,18.9,20.2,23.4,20.032498350515464
2015,32,16.8,26.0,18.3,21.9,19.2086856701031
2015,33,11.4,24.0,18.1,23.2,19.2739918556701
2015,34,0.0,18.9,18.5,22.3,20.019369175257733
2015,35,18.0,6.5,18.6,22.3,19.921685463917527
2015,36,0.0,17.3,18.8,23.5,20.32741855670104
2015,37,0.0,21.6,19.7,23.7,20.25995639175257
2015,38,0.0,28.2,19.6,27.3,20.370685051546392
2015,39,0.0,9.1,22.2,24.5,18.70852134020617
2015,40,1.4,21.3,22.2,25.7,19.37229010309279
2015,41,0.0,26.3,23.2,25.4,20.37745783505155
2015,42,0.0,25.8,21.8,26.1,19.04892505154638
2015,43,0.8,16.4,21.1,25.4,18.18900072164948
2015,44,0.6,18.2,21.4,24.9,18.30116144329897
2015,45,0.0,25.0,21.3,25.8,19.59986865979381
2015,46,0.4,25.9,22.3,24.9,18.047120618556704
2015,47,0.0,26.6,22.2,24.7,17.303368762886596
2015,48,0.0,26.5,22.1,24.3,16.897866907216486
2015,49,0.0,19.4,21.9,25.1,16.370713505154633
2015,50,0.0,14.5,21.8,25.8,16.35601793814434
2015,51,8.2,11.7,20.5,24.5,16.96622804123711
2015,52,4.6,22.4,21.1,24.7,17.136518659793825
2015,53,0.0,19.2,21.7,24.2,16.67544010309278
2015,54,0.0,15.6,21.9,23.5,16.82034690721651
2015,55,0.6,9.1,20.8,22.5,16.873311443298984
2015,56,11.2,15.2,19.7,23.4,17.036441030927826
2015,57,3.2,20.9,20.4,25.2,16.917129896907202
2015,58,0.0,20.4,20.5,24.1,18.954672164948427
2015,59,0.0,17.9,21.7,29.8,19.764767835051547
2015,60,9.4,14.0,19.1,22.9,20.057890412371133
2015,61,0.0,21.6,18.2,23.3,20.76889463917525
2015,62,0.6,18.8,21.0,26.1,15.234491443298984
2015,63,0.1,22.8,21.2,25.3,15.203623298969084
2015,64,0.0,23.8,17.0,28.6,15.381766185567018
2015,65,8.0,17.1,18.7,23.2,17.890027525773185
2015,66,0.0,18.4,18.7,24.1,17.47887340206185
2015,67,0.0,23.8,20.8,28.8,18.29289350515464
2015,68,0.0,6.8,21.6,24.7,18.68149422680413
2015,69,0.0,19.2,21.7,27.0,19.19809474226805
2015,70,0.7,20.1,20.4,25.2,17.00240999999999
2015,71,1.9,3.5,20.5,21.7,16.6307875257732
2015,72,3.8,20.7,16.8,23.2,18.77503185567012
2015,73,0.0,13.5,18.5,22.6,20.092182783505155
2015,74,10.0,13.7,16.4,22.2,20.981686288659787
2015,75,0.0,12.3,17.0,22.5,20.107525154639177
2015,76,0.0,17.6,19.9,25.4,20.54952402061857
2015,77,1.2,21.5,20.7,26.0,17.6054494845361
2015,78,0.0,15.0,20.4,27.2,14.503555360824729
2015,79,1.4,6.7,18.9,22.6,13.74448278350516
2015,80,2.0,10.2,18.8,23.5,13.874788247422694
2015,81,0.2,17.7,19.5,23.6,14.666064329896908
2015,82,0.0,6.0,21.1,24.5,15.213809587628864
2015,83,22.6,18.2,16.4,21.9,16.004521340206196
2015,84,0.0,20.1,17.6,26.2,16.460470412371144
2015,85,0.0,21.0,16.1,25.0,16.771979587628874
2015,86,0.0,18.4,16.5,21.7,17.264367216494847
2015,87,0.0,16.7,16.9,22.9,16.927020824742268
2015,88,0.0,8.8,17.6,22.2,15.883135154639175
2015,89,7.2,10.1,18.1,23.1,16.795286185567022
2015,90,8.2,17.7,18.0,23.2,17.348574639175272
2015,91,0.0,14.6,19.4,25.3,16.726738350515472
2015,92,2.2,3.7,18.1,21.1,17.05456536082473
2015,93,21.0,3.2,17.8,19.3,16.34784577319588
2015,94,23.4,17.0,16.1,22.3,15.168658762886585
2015,95,1.0,14.1,16.0,23.0,14.80093608247422
2015,96,1.2,15.2,16.2,21.9,13.367720000000022
2015,97,1.4,12.1,15.0,21.3,12.877125979381434
2015,98,0.0,13.1,16.3,20.0,13.749086907216489
2015,99,1.0,14.5,15.1,19.9,15.407957731958756
2015,100,3.8,11.4,16.0,21.5,15.01357453608246
2015,101,0.0,10.9,16.2,20.9,14.60086721649484
2015,102,0.0,15.9,16.2,19.7,15.176772783505156
2015,103,0.0,16.2,16.3,21.6,14.636086494845337
2015,104,0.0,16.2,16.5,23.4,14.00962536082476
2015,105,0.3,14.6,18.1,24.8,14.385458247422678
2015,106,1.2,3.9,19.9,22.4,15.205663608247432
2015,107,0.8,13.2,20.3,25.8,15.126645670103088
2015,108,2.2,10.4,18.5,20.7,14.928727628865968
2015,109,16.4,3.4,14.1,18.3,15.053283917525768
2015,110,86.0,3.2,14.4,19.2,10.310910412371133
2015,111,97.4,3.8,13.5,18.7,9.755126804123714
2015,112,20.0,13.3,14.6,21.3,9.828322474226804
2015,113,0.2,13.2,15.9,25.2,11.133252371134022
2015,114,0.0,14.0,15.4,23.0,11.093103505154644
2015,115,28.0,4.2,12.0,18.1,11.288849484536074
2015,116,7.3,15.1,13.7,18.4,12.123588659793814
2015,117,0.0,14.7,11.9,18.4,12.385765670103092
2015,118,0.0,6.6,12.6,17.9,12.584307835051534
2015,119,19.2,7.6,14.3,19.6,13.280732371134022
2015,120,42.6,7.2,15.1,22.0,13.441985876288658
2015,121,7.8,8.9,16.9,22.2,15.920630206185566
2015,122,38.4,4.7,18.6,20.5,14.241148556701042
2015,123,1.6,5.9,17.5,20.7,14.11555731958762
2015,124,0.2,13.7,14.6,25.9,14.41357546391751
2015,125,0.0,14.0,14.1,19.9,15.523185154639162
2015,126,0.0,13.8,12.5,19.1,7.3638413402061795
2015,127,0.0,13.6,12.7,19.6,8.081016494845363
2015,128,0.0,13.4,13.5,20.0,8.402578041237115
2015,129,0.0,10.4,12.5,20.7,8.40178288659793
2015,130,0.0,12.8,15.0,20.9,8.21804896907216
2015,131,0.0,13.1,13.4,21.7,8.309423298969076
2015,132,0.0,10.9,13.5,15.7,9.10893082474226
2015,133,0.4,12.9,9.7,17.2,8.388669278350505
2015,134,0.0,10.8,11.4,17.9,8.389628041237119
2015,135,1.4,11.9,14.1,18.6,8.227417628865977
2015,136,0.6,9.1,12.2,19.2,8.340466907216497
2015,137,0.2,6.1,13.3,19.3,9.360525463917533
2015,138,0.1,6.4,15.0,19.8,9.682294742268056
2015,139,1.0,10.7,16.8,22.3,10.951423917525767
2015,140,0.0,9.7,16.1,19.3,9.85169268041238
2015,141,14.6,5.6,13.2,17.9,10.404457319587628
2015,142,29.6,11.2,11.7,17.1,5.4170192783505176
2015,143,0.0,11.5,9.8,18.5,5.551585463917526
2015,144,0.0,10.1,10.7,18.2,5.558336701030928
2015,145,0.0,10.8,10.3,17.5,5.561502371134024
2015,146,0.0,10.5,11.4,20.2,5.548209793814442
2015,147,0.0,10.6,13.0,19.8,5.544420206185566
2015,148,0.2,3.9,14.1,19.4,5.73721639175258
2015,149,0.0,6.1,12.9,17.8,5.735755670103099
2015,150,0.0,5.1,12.4,15.4,5.867188969072163
2015,151,0.0,11.0,11.9,14.6,6.594244432989688
2015,152,0.0,11.0,8.1,14.8,6.488354329896908
2015,153,0.0,10.7,7.7,16.1,6.595207628865977
2015,154,0.0,10.9,8.7,17.4,6.551834948453607
2015,155,0.0,10.0,9.4,15.7,6.67283113402062
2015,156,4.0,8.6,10.4,19.3,6.789016907216491
2015,157,4.0,10.7,11.4,20.1,7.4543053608247485
2015,158,0.0,11.0,13.3,22.2,2.3677228865979387
2015,159,0.0,9.8,15.2,21.7,2.3780321649484546
2015,160,4.0,3.6,12.9,16.1,5.602474536082468
2015,161,7.0,5.9,12.4,15.7,2.7521545360824744
2015,162,1.4,7.7,13.5,19.3,3.640729175257731
2015,163,0.0,9.4,13.8,18.3,3.526594639175257
2015,164,0.0,9.6,11.1,19.9,3.5369039175257724
2015,165,0.0,6.4,11.8,18.4,3.547213195876288
2015,166,5.2,3.4,13.8,18.7,3.557522474226804
2015,167,10.5,3.8,15.2,17.3,3.57642412371134
2015,168,12.0,6.4,12.9,16.7,4.169466804123712
2015,169,73.6,4.7,10.0,14.0,3.477144948453608
2015,170,15.2,9.7,9.6,14.7,16.724875567010308
2015,171,4.0,5.1,9.5,14.3,16.55414175257732
2015,172,0.7,10.6,9.6,17.5,16.995904948453614
2015,173,0.0,10.3,9.4,18.7,16.82316731958763
2015,174,0.0,9.2,11.3,19.7,17.192858041237113
2015,175,0.0,6.6,13.9,17.9,17.316555876288657
2015,176,5.6,10.1,12.3,20.9,17.20851546391753
2015,177,0.0,10.5,10.0,19.6,17.563590618556695
2015,178,1.0,10.4,9.2,18.3,18.50512103092785
2015,179,0.0,9.0,10.3,19.3,19.439304432989697
2015,180,0.2,8.0,10.6,17.8,19.276894432989696
2015,181,0.8,10.0,11.3,15.7,17.639900206185565
2015,182,0.0,10.4,8.3,15.8,17.767069587628864
2015,183,0.0,10.6,7.5,14.2,19.111596907216512
2015,184,0.0,10.2,6.8,15.0,19.319845463917527
2015,185,0.0,10.7,7.9,18.5,17.581249381443293
2015,186,0.0,10.9,8.2,16.1,17.718484432989694
2015,187,0.0,7.0,9.6,14.1,17.361947216494844
2015,188,10.2,9.7,8.8,15.5,16.90550948453609
2015,189,0.4,10.7,8.7,18.2,19.485333814433
2015,190,0.0,7.1,8.8,16.9,22.073138969072154
2015,191,0.4,10.8,7.9,18.3,21.44965391752577
2015,192,2.8,9.1,8.1,13.8,19.38088979381444
2015,193,4.4,8.5,8.6,16.5,18.514275360824737
2015,194,0.8,11.3,9.1,16.5,18.073454536082465
2015,195,0.0,11.3,7.3,15.3,19.996150927835053
2015,196,2.4,6.1,9.7,12.8,19.536016494845352
2015,197,17.6,4.2,6.7,14.1,19.817795051546405
2015,198,14.0,8.2,7.3,13.2,19.87196999999999
2015,199,2.6,11.1,9.2,15.0,20.50290804123712
2015,200,0.2,9.8,9.8,15.9,18.21814680412371
2015,201,4.0,11.5,10.3,17.3,18.27151917525773
2016,202,0.0,31.8,19.1,22.1,15.236770515463926
2016,203,0.0,22.9,19.0,22.6,15.060850618556712
2016,204,0.0,11.6,20.5,22.7,16.6767481443299
2016,205,8.2,8.1,18.7,23.1,18.459507938144327
2016,206,24.0,4.1,17.7,20.7,18.53743061855669
2016,207,42.8,2.4,18.3,19.9,17.82494793814433
2016,208,47.8,23.1,16.8,21.4,16.854707113402057
2016,209,0.4,23.9,19.3,23.7,20.79793659793815
2016,210,0.0,30.1,19.2,23.5,21.52117319587629
2016,211,0.0,28.7,20.7,27.2,19.975125360824745
2016,212,0.0,19.7,21.9,27.9,22.428738041237114
2016,213,0.0,29.2,21.5,25.5,19.04925917525773
2016,214,0.0,14.5,22.2,32.9,15.991862680412364
2016,215,31.6,11.7,14.9,20.5,17.655139484536093
2016,216,3.2,21.7,14.8,21.4,19.76455752577318
2016,217,0.0,29.4,17.6,23.1,17.406832474226807
2016,218,0.0,30.3,18.4,24.5,15.45361701030928
2016,219,0.0,31.2,19.8,26.5,15.662358762886592
2016,220,0.0,30.0,21.4,29.2,18.97361793814433
2016,221,0.0,22.1,23.1,30.3,19.10935525773196
2016,222,28.0,8.6,23.0,27.0,17.051689690721656
2016,223,14.6,21.0,22.4,25.1,16.906942164948447
2016,224,2.0,9.8,20.8,23.9,21.67517567010309
2016,225,0.0,4.7,21.5,24.8,22.39238731958763
2016,226,2.2,26.2,21.8,24.7,23.452108865979373
2016,227,2.4,8.9,20.7,23.7,21.874162268041232
2016,228,0.8,20.6,21.8,24.0,20.648434639175253
2016,229,0.0,16.7,22.1,25.4,21.05072969072165
2016,230,8.2,16.0,20.5,26.8,20.100570412371148
2016,231,22.2,28.8,16.9,29.8,18.43631742268041
2016,232,0.0,14.2,21.9,25.4,16.815600515463924
2016,233,4.6,29.2,18.2,24.2,16.627397216494842
2016,234,0.0,26.5,20.1,24.9,16.587438762886592
2016,235,4.2,10.3,19.6,23.1,17.33880360824742
2016,236,2.0,19.0,19.7,23.5,17.470030309278354
2016,237,2.0,22.9,20.5,24.2,17.382475567010314
2016,238,0.0,21.0,20.8,25.0,17.781074020618558
2016,239,0.0,27.7,20.6,25.1,17.674758247422677
2016,240,0.0,25.6,21.9,24.4,17.828252474226808
2016,241,0.0,28.2,20.5,25.3,19.56551103092784
2016,242,0.0,24.8,21.3,25.4,20.804247319587635
2016,243,0.0,26.6,22.1,26.7,21.21011804123712
2016,244,0.0,27.8,21.8,24.9,21.026685876288656
2016,245,0.0,24.3,21.7,26.3,22.484035670103093
2016,246,0.2,19.8,22.4,26.7,18.707970206185568
2016,247,0.0,22.5,22.3,24.3,18.409165360824733
2016,248,0.0,24.4,19.4,22.6,18.98288536082473
2016,249,0.0,24.9,19.4,24.7,17.664282371134018
2016,250,0.0,25.4,21.4,25.7,16.859242886597936
2016,251,0.0,17.5,23.5,25.8,18.007566185567008
2016,252,15.6,15.0,21.6,26.4,24.338831340206177
2016,253,5.6,24.9,21.4,26.4,22.55370154639174
2016,254,0.0,25.5,21.4,25.6,19.89141855670103
2016,255,0.0,23.2,21.6,25.3,21.488199072164942
2016,256,0.0,25.8,22.3,27.1,19.654731134020626
2016,257,0.0,15.6,23.0,25.3,20.341771855670096
2016,258,0.0,21.5,23.3,25.5,21.101388762886607
2016,259,0.0,23.7,21.3,25.4,22.12678072164948
2016,260,0.0,17.9,21.6,24.7,22.766369072164952
2016,261,2.0,19.5,21.8,25.0,23.3367749484536
2016,262,0.0,22.7,21.3,24.9,20.98135731958763
2016,263,0.0,23.3,22.4,24.7,20.22702144329897
2016,264,0.0,22.8,22.6,24.4,18.40965711340206
2016,265,0.0,24.3,20.8,24.5,18.627758659793816
2016,266,0.0,23.2,20.5,24.7,18.562633917525776
2016,267,0.0,23.0,21.4,24.0,18.202453608247424
2016,268,0.0,22.8,22.0,24.6,21.205728969072165
2016,269,0.0,22.2,21.8,24.3,22.14814701030927
2016,270,0.0,19.5,20.8,25.8,21.699110824742263
2016,271,0.0,12.8,21.5,24.6,18.56259144329896
2016,272,0.0,21.9,21.2,24.8,16.970784020618567
2016,273,0.0,18.0,21.9,24.9,17.535435979381436
2016,274,0.0,13.9,21.4,26.8,17.91523154639175
2016,275,26.0,11.4,20.3,24.2,16.198672061855667
2016,276,14.8,15.8,19.3,23.8,15.473818144329895
2016,277,16.6,17.4,19.5,24.3,17.32698391752577
2016,278,7.0,21.7,17.2,21.2,25.03501092783504
2016,279,1.4,10.4,17.0,20.4,27.02273670103093
2016,280,57.8,10.7,15.8,20.1,23.75196979381445
2016,281,26.0,16.0,15.7,20.7,22.46055824742269
2016,282,7.1,19.6,16.4,23.8,22.64112659793815
2016,283,0.0,20.8,17.3,24.3,19.509649175257746
2016,284,0.0,5.9,19.3,23.9,20.335247319587623
2016,285,0.0,18.7,18.4,24.4,20.28709350515463
2016,286,0.0,10.4,19.8,23.7,18.771524020618564
2016,287,8.4,12.6,20.2,25.2,16.055286701030937
2016,288,2.4,5.1,21.3,22.3,16.86641608247424
2016,289,7.5,16.7,19.7,26.0,16.970518556701027
2016,290,1.2,20.0,17.9,22.9,17.200808247422675
2016,291,0.0,19.4,18.4,23.3,16.698993402061863
2016,292,0.0,20.1,19.2,29.9,17.068357113402065
2016,293,4.2,13.4,19.7,23.7,21.22336515463918
2016,294,1.0,19.3,19.3,24.5,16.39651
2016,295,0.0,19.0,20.1,30.3,17.67026474226804
2016,296,0.0,4.0,20.0,20.2,18.9902418556701
2016,297,0.0,3.9,18.0,21.0,20.23736412371133
2016,298,0.3,16.3,17.4,22.4,16.811615463917526
2016,299,0.0,17.9,17.4,25.8,16.54035268041236
2016,300,0.0,18.2,17.7,23.2,17.36743329896907
2016,301,1.4,7.3,18.1,21.0,17.012682061855674
2016,302,0.4,15.9,17.6,22.5,17.51424948453607
2016,303,2.1,8.7,17.1,22.0,17.015597216494843
2016,304,2.5,17.5,17.7,22.6,19.90730185567009
2016,305,0.0,16.0,17.9,24.2,19.71325288659793
2016,306,0.0,9.6,19.5,21.4,17.639754329896906
2016,307,1.9,13.3,16.5,21.3,15.587267628865987
2016,308,16.2,12.0,17.8,22.3,17.996285670103088
2016,309,0.3,16.7,18.0,24.2,19.017726082474223
2016,310,0.0,16.1,18.6,23.0,19.18058896907217
2016,311,0.1,12.6,18.7,23.4,19.150066701030934
2016,312,5.0,5.8,16.7,20.5,18.13912041237113
2016,313,7.8,14.8,16.2,21.1,19.423856907216496
2016,314,0.0,16.1,14.6,21.8,15.289187525773205
2016,315,0.0,14.8,15.8,22.9,15.260979175257736
2016,316,0.0,16.1,16.6,22.4,15.20296886597938
2016,317,0.0,12.9,16.9,22.9,15.162014948453612
2016,318,0.0,12.0,17.9,23.4,14.928883092783511
2016,319,0.0,10.7,19.9,24.3,15.641074020618564
2016,320,3.0,7.3,19.4,25.2,15.34402288659794
2016,321,0.0,13.1,15.6,21.5,14.655102164948447
2016,322,0.0,15.5,15.2,25.2,14.442381649484531
2016,323,0.0,15.2,17.2,23.0,14.850467628865976
2016,324,0.0,15.2,15.4,21.5,16.28647030927834
2016,325,0.0,15.0,15.5,25.2,17.89417886597939
2016,326,0.0,14.7,14.4,22.2,17.465452783505143
2016,327,1.0,5.1,16.2,20.3,17.864180618556706
2016,328,2.1,4.1,18.3,22.1,17.3976606185567
2016,329,0.0,14.6,18.2,23.7,16.966384948453612
2016,330,0.0,13.3,14.1,21.7,14.947443402061865
2016,331,0.0,14.0,14.6,23.3,15.345434845360836
2016,332,0.0,14.3,14.9,24.5,15.518184845360835
2016,333,0.0,14.2,14.1,21.7,16.51643237113402
2016,334,0.0,9.3,14.7,24.1,14.852293298969077
2016,335,0.0,12.1,16.5,22.5,15.537454742268032
2016,336,0.0,12.3,17.3,27.0,17.381176494845352
2016,337,0.0,9.7,14.5,20.7,16.38102742268041
2016,338,0.0,12.0,13.5,22.3,14.426107113402056
2016,339,0.0,12.0,14.8,22.3,14.86372958762887
2016,340,0.0,9.4,15.0,21.6,15.11002474226804
2016,341,0.0,11.7,15.6,22.0,15.338841237113405
2016,342,0.0,11.6,13.7,20.7,14.704176185567016
2016,343,0.0,11.5,12.1,20.2,15.684700206185566
2016,344,0.8,7.0,13.2,20.1,15.177587319587635
2016,345,0.4,11.5,13.7,17.7,14.837475979381436
2016,346,0.0,5.5,11.8,15.7,15.102079175257716
2016,347,2.2,11.4,11.0,18.6,15.60492525773197
2016,348,0.0,11.3,8.9,18.6,15.14488288659794
2016,349,1.0,5.4,10.0,17.2,18.189769175257737
2016,350,16.0,6.8,11.6,16.9,20.06779597938144
2016,351,2.0,10.5,12.5,17.9,20.48826731958765
2016,352,0.0,8.0,13.1,19.7,20.88521072164947
2017,353,0.0,12.7,22.3,24.4,17.893879896907222
2017,354,0.0,12.0,21.1,23.0,19.198699587628862
2017,355,1.2,24.6,18.6,22.7,20.419893092783514
2017,356,0.0,24.9,20.2,23.6,23.042713298969083
2017,357,7.2,16.7,19.1,23.1,21.171359690721644
2017,358,5.8,21.4,19.4,24.0,18.709812371134024
2017,359,0.0,31.2,20.0,24.3,18.51586443298969
2017,360,0.0,30.1,20.2,24.2,23.09916824742269
2017,361,0.0,29.5,21.1,24.4,18.24816731958764
2017,362,0.4,23.7,22.4,27.2,17.417878969072184
2017,363,0.0,26.6,22.8,28.7,18.74635731958763
2017,364,0.0,25.2,22.0,25.8,16.474282989690717
2017,365,0.0,28.2,22.8,29.8,16.780171030927846
2017,366,0.0,22.5,23.0,27.3,17.914105463917526
2017,367,0.0,22.9,22.9,24.8,18.669383711340213
2017,368,0.0,28.7,21.4,24.0,20.84734000000001
2017,369,0.0,30.5,21.1,36.2,23.92965237113402
2017,370,0.0,27.7,22.2,36.9,18.972849690721656
2017,371,0.1,7.2,20.2,22.3,18.371768247422697
2017,372,0.1,8.4,19.1,28.8,20.19552536082476
2017,373,0.0,28.1,21.1,22.7,21.34570577319588
2017,374,0.0,30.3,20.6,23.4,18.8452649484536
2017,375,0.0,30.1,21.1,26.5,16.99266350515465
2017,376,0.0,12.5,21.9,35.9,22.471740618556705
2017,377,8.2,5.4,20.0,22.6,22.183673298969087
2017,378,0.0,10.3,20.7,23.1,20.5831487628866
2017,379,0.0,23.2,20.2,25.0,17.96019257731958
2017,380,0.0,29.9,20.9,24.8,17.72463597938144
2017,381,0.0,22.8,21.9,25.6,17.886454639175238
2017,382,0.0,27.1,22.3,27.1,28.539766494845367
2017,383,0.9,18.9,22.9,37.9,22.314013092783508
2017,384,1.6,5.0,20.3,23.8,21.457262783505143
2017,385,2.2,18.0,20.5,24.1,23.4932888659794
2017,386,0.2,10.7,21.6,24.4,27.059928350515467
2017,387,0.0,22.8,22.0,31.1,28.569580309278347
2017,388,0.0,22.4,24.0,29.4,25.250757938144314
2017,389,0.0,27.6,23.8,28.4,20.465087628865994
2017,390,8.1,4.1,22.2,24.5,21.763783608247405
2017,391,66.2,14.0,20.6,25.1,21.658648659793823
2017,392,7.6,27.9,22.5,25.9,20.814785773195872
2017,393,0.0,28.1,23.0,30.5,20.881899999999987
2017,394,0.0,26.5,23.5,30.0,22.852026907216512
2017,395,0.0,19.4,23.8,28.3,24.955796082474222
2017,396,0.0,27.5,19.2,24.0,18.86196515463917
2017,397,0.0,10.1,20.5,22.9,19.59815164948455
2017,398,10.5,22.1,18.0,24.2,20.54062144329897
2017,399,0.0,27.1,20.3,25.6,20.656781649484525
2017,400,0.0,13.7,22.6,27.0,21.077252577319573
2017,401,12.0,16.0,21.6,26.0,18.948389381443288
2017,402,4.0,20.7,19.0,23.9,18.13347597938143
2017,403,1.8,26.5,18.5,25.9,19.32469216494845
2017,404,0.0,24.3,18.1,25.3,20.10122969072165
2017,405,0.0,26.1,19.9,24.6,20.820016494845373
2017,406,0.0,25.9,21.6,23.6,22.83407927835051
2017,407,0.0,16.9,21.3,25.9,21.47855989690723
2017,408,57.0,4.1,19.1,22.3,25.21678835051548
2017,409,30.0,19.0,18.3,23.2,20.29978536082476
2017,410,20.0,19.8,18.8,24.5,20.07742835051548
2017,411,4.2,20.3,20.9,25.0,21.067115567010312
2017,412,13.4,18.2,19.9,25.0,24.13005474226805
2017,413,14.4,16.9,20.6,25.2,27.128407731958763
2017,414,18.0,9.1,20.2,24.3,18.41229247422679
2017,415,2.8,7.3,20.2,23.0,18.549478041237112
2017,416,3.2,17.4,19.8,22.8,20.57961680412372
2017,417,0.2,11.5,18.9,21.6,20.77684072164948
2017,418,3.0,11.1,17.6,21.9,20.458136907216502
2017,419,2.0,11.8,18.1,22.6,20.613177010309283
2017,420,0.2,16.1,18.9,22.8,19.51695525773196
2017,421,0.0,21.5,17.8,23.5,19.816695463917533
2017,422,0.0,22.5,18.9,24.1,23.13046824742268
2017,423,0.0,15.1,21.0,24.9,21.54157010309278
2017,424,0.0,2.5,22.9,24.7,22.021411752577315
2017,425,35.2,16.4,19.3,24.3,20.711234432989706
2017,426,6.8,5.6,21.5,24.5,19.2413669072165
2017,427,16.2,8.1,20.5,23.2,18.93190051546392
2017,428,25.4,12.7,19.5,24.3,19.274685051546395
2017,429,5.0,13.5,21.6,24.6,19.458849175257733
2017,430,0.2,13.1,23.5,24.4,20.5017943298969
2017,431,0.0,13.6,23.2,25.0,20.09392958762887
2017,432,20.2,13.2,23.0,28.6,21.72219865979382
2017,433,12.5,5.7,20.6,22.1,21.589652474226792
2017,434,14.5,13.2,19.0,23.2,21.03212237113404
2017,435,0.0,12.1,19.6,22.9,17.77917989690722
2017,436,0.0,19.8,19.9,25.7,18.257689484536083
2017,437,0.0,19.9,19.8,23.9,20.90157216494845
2017,438,0.2,6.3,21.4,22.6,25.25191979381444
2017,439,0.0,18.0,21.1,26.4,19.56753989690723
2017,440,0.4,1.6,22.2,26.6,18.66426886597938
2017,441,33.0,18.0,16.6,20.5,18.734780206185576
2017,442,4.6,18.4,15.6,23.9,18.67904690721649
2017,443,0.0,8.1,16.6,21.3,18.131769072164943
2017,444,24.2,8.6,14.9,21.9,18.17815845360824
2017,445,8.0,13.6,15.8,21.4,20.133489793814427
2017,446,0.8,16.8,16.6,21.7,19.80418175257732
2017,447,0.0,17.0,14.9,23.6,19.327504536082472
2017,448,0.0,17.8,16.2,23.0,18.54647216494846
2017,449,0.0,17.0,16.5,23.1,18.2526362886598
2017,450,0.0,16.4,16.9,26.2,18.126712577319587
2017,451,7.4,10.4,12.8,18.1,18.64268226804123
2017,452,0.0,11.1,13.8,21.3,19.38131268041237
2017,453,9.0,11.7,16.4,20.3,19.454113608247432
2017,454,22.2,14.6,16.1,21.1,19.560564329896906
2017,455,0.0,16.7,15.2,22.7,22.070978659793816
2017,456,0.0,14.8,14.8,22.3,22.30754237113404
2017,457,0.0,15.9,16.6,24.6,22.52014381443299
2017,458,0.0,14.2,15.4,23.1,19.88335329896908
2017,459,0.0,15.1,17.5,23.7,19.44341113402062
2017,460,0.0,12.7,17.5,22.7,18.54930907216496
2017,461,1.0,15.4,17.4,22.8,19.732453195876275
2017,462,0.0,14.4,16.5,23.4,19.683219072164945
2017,463,0.5,11.4,18.0,21.5,20.104269690721644
2017,464,0.0,15.3,16.8,23.3,20.39967484536082
2017,465,0.0,14.7,17.1,23.5,20.748237835051548
2017,466,0.0,9.7,18.9,22.9,20.402623505154647
2017,467,2.1,11.9,18.7,23.4,20.07367680412372
2017,468,0.0,13.8,12.8,17.8,19.1427006185567
2017,469,0.1,14.6,11.7,18.9,19.432809587628874
2017,470,0.0,14.5,12.5,20.9,21.12487659793814
2017,471,0.4,12.2,14.4,20.8,18.613352061855675
2017,472,0.0,13.7,15.1,23.7,18.55622958762888
2017,473,0.0,13.5,15.7,21.9,18.510436391752577
2017,474,3.8,7.4,15.8,18.3,18.469350309278354
2017,475,1.6,9.0,13.1,19.8,19.18505649484535
2017,476,0.3,13.6,14.2,21.6,20.29208577319588
2017,477,0.0,13.4,14.7,23.3,24.709234845360832
2017,478,1.0,13.5,15.7,20.0,26.612720103092776
2017,479,0.0,13.2,11.5,17.7,25.253203917525767
2017,480,1.2,12.1,11.9,18.5,24.162619587628875
2017,481,0.0,12.9,11.8,19.4,24.171901443298967
2017,482,0.0,12.6,12.1,19.2,23.369901855670097
2017,483,1.1,6.9,14.1,18.8,22.41973597938145
2017,484,2.8,12.7,14.5,20.9,22.065189896907228
2017,485,0.0,6.6,15.9,19.1,19.95507505154639
2017,486,3.3,10.0,14.1,18.9,15.19185268041238
2017,487,0.0,12.6,12.8,21.0,20.24917195876289
2017,488,0.0,12.4,12.4,20.0,21.621764742268024
2017,489,0.0,9.6,13.2,20.8,21.22135556701029
2017,490,1.0,6.1,16.4,20.3,21.475312577319592
2017,491,24.0,10.0,17.2,21.3,20.59799845360825
2017,492,0.0,12.0,15.7,22.6,19.36486835051547
2017,493,0.1,11.3,14.5,21.1,19.950388969072165
2017,494,0.0,11.9,15.8,21.7,20.34147082474228
2017,495,2.7,11.3,15.8,21.7,17.82491412371133
2017,496,0.0,11.8,13.3,19.9,17.57923350515463
2017,497,0.0,11.3,12.5,18.9,17.347511237113398
2017,498,0.0,10.5,13.5,20.9,16.52815494845362
2017,499,0.0,11.2,13.7,22.0,15.928040206185576
2017,500,0.0,11.5,12.6,16.7,15.172110515463933
2017,501,0.0,11.4,9.4,17.2,15.733900515463914
2017,502,0.0,10.3,11.4,15.1,15.90611051546392
2017,503,0.0,11.4,9.5,16.1,15.88928494845361
2017,504,0.0,9.2,10.0,16.7,15.161266804123702
2018,505,0.0,29.5,21.2,25.2,21.523126907216493
2018,506,0.0,24.3,21.3,24.0,19.53664639175257
2018,507,3.2,16.3,20.4,22.4,18.73272938144331
2018,508,2.8,16.4,18.2,22.2,18.797075979381447
2018,509,0.0,30.6,18.3,22.7,18.6445237113402
2018,510,0.0,31.7,20.7,24.9,20.436209484536096
2018,511,0.0,30.7,22.0,31.9,19.205891134020632
2018,512,0.6,20.0,22.3,28.7,18.232885154639163
2018,513,20.8,12.4,21.9,26.2,19.567354639175253
2018,514,9.6,18.1,19.1,22.1,20.321752164948467
2018,515,0.0,9.4,20.0,23.3,20.881975876288667
2018,516,0.0,19.9,21.1,26.8,19.017928762886594
2018,517,0.0,22.8,22.8,33.0,19.30537206185568
2018,518,5.6,26.0,15.5,21.1,20.592121340206187
2018,519,1.4,24.7,17.2,22.4,19.90326226804123
2018,520,0.0,22.1,18.2,20.6,19.86705762886597
2018,521,0.0,29.6,17.2,21.1,19.900164948453607
2018,522,0.0,30.9,16.4,22.6,19.874591340206187
2018,523,0.0,30.8,18.3,23.6,19.01554835051548
2018,524,0.0,30.8,18.5,24.5,18.944938041237112
2018,525,0.0,30.7,20.1,23.6,19.32993
2018,526,0.0,25.7,21.6,25.6,19.61975618556703
2018,527,0.0,4.1,22.6,25.1,20.070512989690744
2018,528,0.6,26.8,22.2,24.9,18.99729546391753
2018,529,0.0,10.5,22.5,24.7,20.147735360824736
2018,530,0.0,15.9,23.0,24.6,19.68978134020619
2018,531,0.0,25.0,23.4,25.0,19.746596185567
2018,532,0.0,20.0,23.6,24.8,21.01908453608248
2018,533,0.0,29.4,23.0,24.9,20.67902608247423
2018,534,0.0,29.2,21.6,24.9,21.91530927835052
2018,535,0.4,7.3,18.2,20.7,25.936245257731947
2018,536,0.4,22.5,16.1,20.7,23.779404432989693
2018,537,1.4,14.1,16.8,21.5,21.661847731958737
2018,538,13.2,18.8,17.1,22.7,20.808054639175246
2018,539,0.0,24.9,18.1,22.9,22.66822948453609
2018,540,0.3,27.8,18.2,23.6,23.018991030927843
2018,541,0.0,26.7,20.0,23.9,18.992358144329906
2018,542,0.0,28.5,20.6,25.1,19.098821030927827
2018,543,0.0,20.5,21.9,26.9,21.14268041237114
2018,544,3.0,24.0,22.1,25.8,21.26816793814433
2018,545,1.0,18.5,21.8,28.3,19.8910093814433
2018,546,0.5,24.7,22.2,25.6,18.76469886597938
2018,547,0.0,22.1,23.0,26.0,18.29998536082473
2018,548,0.0,24.9,23.6,28.9,19.52622216494845
2018,549,0.0,25.6,21.8,24.9,19.62567030927836
2018,550,0.5,23.2,21.4,27.2,19.634743814432976
2018,551,0.2,26.2,22.4,24.4,20.1619101030928
2018,552,0.0,24.2,22.2,25.1,19.5180950515464
2018,553,0.0,17.3,23.4,26.2,18.3523775257732
2018,554,0.8,14.1,20.9,21.8,18.663651443298964
2018,555,0.3,17.4,18.4,23.4,18.31324020618557
2018,556,0.0,16.8,19.0,23.7,18.57720886597938
2018,557,0.0,23.2,21.1,24.3,19.39134247422681
2018,558,0.0,21.2,21.5,25.4,19.593839896907216
2018,559,0.0,1.3,22.7,22.8,20.23267762886599
2018,560,52.6,11.4,17.7,22.0,19.70543185567012
2018,561,1.4,20.6,17.6,23.0,21.59829958762889
2018,562,0.0,24.8,17.5,26.0,22.079841649484525
2018,563,0.0,18.5,20.3,23.7,21.03011206185568
2018,564,0.0,17.7,19.5,23.4,21.6043062886598
2018,565,0.0,24.4,20.1,25.0,22.900734123711352
2018,566,0.0,11.5,21.6,23.1,25.01774474226804
2018,567,0.2,5.1,21.2,23.3,22.470278659793827
2018,568,4.5,17.9,18.8,22.7,16.23638515463917
2018,569,4.6,19.6,19.6,23.6,16.022501030927835
2018,570,0.8,21.8,20.9,23.3,16.09985525773195
2018,571,0.0,21.5,20.4,24.5,16.833127422680413
2018,572,0.0,18.6,20.6,24.6,17.99097958762888
2018,573,0.0,22.8,18.9,24.6,17.921657835051555
2018,574,0.0,19.7,19.1,23.9,18.958894020618544
2018,575,79.2,0.4,19.1,22.3,20.0330737113402
2018,576,8.8,18.4,19.1,23.9,19.25322927835052
2018,577,0.0,20.1,19.8,26.6,20.58585608247424
2018,578,0.0,18.0,22.4,24.3,20.924125567010304
2018,579,0.0,21.1,20.9,26.6,21.28290061855671
2018,580,0.0,21.5,21.1,38.2,23.03904474226805
2018,581,0.0,21.2,21.9,25.7,23.266103608247413
2018,582,0.0,15.1,22.0,24.9,23.77053618556701
2018,583,7.4,2.2,19.7,22.3,23.493705670103072
2018,584,2.0,11.2,18.7,22.4,20.286664742268044
2018,585,8.5,11.6,18.0,22.7,18.832355773195868
2018,586,0.1,16.6,18.1,24.1,19.40103463917525
2018,587,0.6,16.2,20.4,31.7,19.067901649484536
2018,588,15.4,20.1,18.4,25.7,17.32704268041237
2018,589,0.0,18.0,15.6,23.9,16.64290226804124
2018,590,0.0,19.7,16.3,24.2,17.09158804123711
2018,591,0.0,19.4,20.1,24.2,18.22561948453608
2018,592,0.0,19.2,20.4,25.5,21.11707814432989
2018,593,0.0,15.6,21.3,23.7,20.053296391752585
2018,594,0.0,19.1,19.9,23.9,19.118844742268045
2018,595,0.0,14.9,20.7,26.5,16.842397731958766
2018,596,0.1,13.5,21.2,23.4,17.51799948453609
2018,597,0.0,14.2,21.5,24.0,19.132490618556687
2018,598,0.0,18.4,19.8,23.8,19.849925567010303
2018,599,0.0,16.3,20.5,24.5,16.027608762886594
2018,600,0.0,17.4,21.5,24.5,19.493428659793818
2018,601,0.0,16.7,21.0,24.3,18.82698896907216
2018,602,0.0,16.2,21.0,32.1,18.554353917525805
2018,603,0.2,12.6,19.3,23.8,18.39592041237113
2018,604,0.0,17.2,20.2,23.3,18.950162989690725
2018,605,0.0,17.0,20.0,31.7,20.085314742268046
2018,606,0.0,15.2,22.3,31.4,21.96716350515463
2018,607,0.0,15.9,23.0,30.0,18.1603806185567
2018,608,0.0,16.3,19.3,24.0,18.864942164948467
2018,609,0.0,16.5,19.0,28.2,18.64096567010308
2018,610,0.2,7.0,19.3,21.7,19.607266288659808
2018,611,0.1,11.7,18.5,21.5,16.5187425773196
2018,612,0.0,11.9,17.0,22.1,16.129378659793794
2018,613,0.0,15.2,17.3,22.2,17.34478649484536
2018,614,1.2,12.5,18.1,22.0,17.819958762886618
2018,615,0.0,14.9,17.3,22.6,19.030669587628875
2018,616,0.0,15.0,16.7,23.3,18.18030391752578
2018,617,0.0,14.8,17.6,22.3,18.67057752577319
2018,618,1.0,10.1,16.6,22.5,19.185321134020604
2018,619,1.3,13.0,17.1,21.7,18.69456082474229
2018,620,2.0,10.2,18.5,19.5,16.907440412371123
2018,621,8.8,8.7,15.5,19.1,16.39959659793814
2018,622,6.8,13.5,15.2,19.8,17.036452268041234
2018,623,30.4,11.9,11.9,19.1,16.276792061855666
2018,624,0.0,14.3,13.8,22.7,16.46867391752578
2018,625,0.0,9.2,15.7,21.4,17.23954783505154
2018,626,0.0,14.0,15.9,22.4,17.222328453608238
2018,627,0.0,13.1,17.1,26.6,16.33857216494846
2018,628,0.0,13.8,13.3,21.6,16.6736287628866
2018,629,0.0,13.7,13.1,21.5,18.090259896907234
2018,630,0.0,13.5,14.3,21.2,18.71184371134023
2018,631,0.0,10.7,14.9,23.3,19.00448144329897
2018,632,0.1,13.2,14.9,23.5,15.460302371134013
2018,633,0.0,10.8,15.4,25.1,16.164879278350515
2018,634,0.0,12.5,10.4,16.8,16.029400103092783
2018,635,6.0,6.9,11.6,17.2,16.251046597938142
2018,636,1.8,6.8,14.5,17.4,16.997962474226814
2018,637,22.0,11.0,14.1,17.4,17.959083917525785
2018,638,0.0,12.1,12.4,18.6,17.41068463917526
2018,639,0.4,9.6,12.8,17.1,17.203557835051548
2018,640,0.1,12.5,11.6,18.0,17.671802989690725
2018,641,0.0,12.4,11.7,19.2,17.523645257731964
2018,642,0.0,11.5,12.5,19.2,17.85277577319589
2018,643,0.0,12.2,11.1,19.4,18.11925824742269
2018,644,0.0,12.0,14.0,23.2,18.59751804123711
2018,645,0.0,11.6,14.8,19.9,18.304854639175247
2018,646,0.0,7.7,13.2,18.6,17.973216288659803
2018,647,0.0,9.2,14.8,18.2,16.55932020618556
2018,648,0.0,11.7,11.5,18.5,15.855035051546402
2018,649,0.0,11.4,12.1,18.7,16.213333917525773
2018,650,0.1,9.5,12.8,19.6,18.19760340206186
2018,651,0.0,11.5,13.0,22.7,15.858691649484532
2018,652,2.2,8.9,14.2,16.4,15.830417010309274
2018,653,0.0,11.4,11.6,16.4,16.09325134020619
2018,654,0.3,6.6,9.6,15.7,16.471785876288653
2019,655,0.0,20.2,20.7,35.9,20.883081134020617
2019,656,24.0,5.3,18.1,21.0,19.618269175257723
2019,657,0.4,11.2,18.0,22.3,22.63310628865978
2019,658,1.2,30.1,19.5,24.4,22.74329463917525
2019,659,4.2,31.0,20.7,27.9,23.00502835051548
2019,660,0.6,6.9,20.6,21.6,22.698646597938144
2019,661,0.2,16.4,20.0,24.3,23.269403814433
2019,662,3.6,30.5,21.4,24.3,21.96086051546392
2019,663,0.0,23.6,21.1,24.4,24.133591649484543
2019,664,0.0,29.9,21.6,25.6,19.07161010309278
2019,665,0.0,31.1,22.4,24.3,19.07844432989691
2019,666,0.0,31.0,21.9,25.6,20.98978309278352
2019,667,0.0,30.3,22.1,24.5,22.08985072164948
2019,668,0.0,30.6,22.5,28.7,22.221892164948446
2019,669,0.0,10.3,22.5,25.1,23.53618670103093
2019,670,0.0,13.3,20.3,25.1,24.05468855670103
2019,671,0.2,12.2,21.5,24.5,23.35425134020619
2019,672,0.0,30.2,21.7,25.8,21.740795876288665
2019,673,2.6,23.6,21.5,26.8,18.78311721649484
2019,674,0.0,10.4,21.8,24.3,20.58686979381442
2019,675,0.0,30.2,22.0,25.9,23.83646402061855
2019,676,0.0,29.3,22.3,29.4,20.21858432989692
2019,677,0.0,27.6,22.9,28.9,19.52109422680412
2019,678,4.3,21.2,22.6,25.8,19.533850824742267
2019,679,0.0,29.4,22.6,24.6,19.86354989690721
2019,680,0.0,16.5,22.5,25.2,20.316096185566995
2019,681,0.0,25.8,22.0,36.2,21.11753123711341
2019,682,3.2,5.4,18.5,23.2,20.423172989690727
2019,683,7.0,12.0,18.1,24.2,18.9769175257732
2019,684,0.2,29.2,21.6,25.0,18.63295793814433
2019,685,0.0,25.6,21.5,24.5,18.75857515463917
2019,686,0.2,20.3,22.1,26.5,19.13341432989692
2019,687,1.0,28.3,22.0,25.8,18.642721649484542
2019,688,0.0,28.5,22.1,25.3,20.2166301030928
2019,689,0.0,21.4,22.1,26.6,20.02698865979381
2019,690,9.0,22.6,21.1,31.1,20.9226206185567
2019,691,0.0,27.9,19.3,22.6,21.635610412371133
2019,692,0.0,28.0,18.2,26.6,22.817482783505163
2019,693,0.0,27.8,20.1,35.6,22.10955721649483
2019,694,0.0,25.7,18.7,22.6,22.85266670103092
2019,695,0.0,23.0,18.3,23.5,23.3935287628866
2019,696,0.0,26.4,19.3,24.7,22.85941845360825
2019,697,0.0,25.4,20.0,25.3,23.38522597938144
2019,698,0.0,26.9,19.9,24.7,19.91662195876288
2019,699,0.0,26.6,21.2,24.4,21.15101886597937
2019,700,0.0,23.4,21.8,26.3,20.60447216494845
2019,701,18.6,4.1,19.3,23.2,21.654402061855684
2019,702,4.6,3.7,19.5,22.7,22.59579329896908
2019,703,7.2,8.3,19.6,21.4,24.2361387628866
2019,704,13.0,4.4,18.4,22.5,21.72004546391752
2019,705,20.0,20.3,18.9,23.4,21.811862886597943
2019,706,0.9,24.4,20.5,23.5,20.39647164948453
2019,707,0.0,23.1,18.1,24.2,20.4813050515464
2019,708,0.0,19.7,19.7,24.4,21.45207979381444
2019,709,0.4,21.9,21.1,24.9,20.210268556701028
2019,710,0.0,22.1,21.4,25.2,20.3261612371134
2019,711,0.0,20.7,21.6,25.8,20.983527216494853
2019,712,0.0,24.3,21.2,25.1,21.528001649484526
2019,713,0.0,23.8,22.2,25.1,21.55652587628865
2019,714,0.0,20.8,22.0,25.6,20.86608597938144
2019,715,0.0,12.2,22.3,34.3,22.38434845360825
2019,716,2.0,7.9,18.4,22.2,21.527455876288663
2019,717,0.0,22.4,18.4,23.8,19.643136082474232
2019,718,0.4,9.3,21.1,23.5,19.523549690721644
2019,719,2.0,19.4,20.7,26.0,20.426827835051554
2019,720,0.0,18.6,22.2,25.2,20.753302886597936
2019,721,0.0,22.1,21.5,30.3,19.90979731958764
2019,722,4.0,2.9,19.8,23.8,19.123804432989687
2019,723,7.8,14.8,19.6,24.2,19.843090927835046
2019,724,29.0,11.9,17.7,22.9,19.75708391752578
2019,725,32.0,9.1,18.7,23.7,19.62734546391753
2019,726,28.0,3.6,19.8,21.1,20.133962577319583
2019,727,76.0,8.9,17.9,21.7,20.08150298969073
2019,728,13.6,16.1,19.3,24.1,19.630879484536088
2019,729,4.6,17.8,19.9,24.5,20.67496628865979
2019,730,22.0,14.5,19.3,24.7,21.396821855670105
2019,731,1.6,17.1,18.6,25.6,19.32892
2019,732,0.5,17.4,19.9,29.0,19.929697422680427
2019,733,4.4,6.1,20.4,26.3,19.749306185567026
2019,734,0.6,20.0,18.6,24.4,18.99294979381443
2019,735,0.0,7.4,16.8,22.2,19.01741360824742
2019,736,0.0,18.9,17.5,24.5,19.43906948453608
2019,737,0.0,17.0,19.3,24.1,19.08939154639175
2019,738,24.4,13.6,18.4,24.7,19.59967793814434
2019,739,0.0,19.1,13.2,20.6,19.49162597938144
2019,740,0.0,11.8,14.1,21.0,19.27675422680411
2019,741,6.0,12.1,15.9,23.0,18.88624938144329
2019,742,0.3,18.2,16.3,23.0,18.896995360824747
2019,743,0.0,9.0,16.1,22.5,19.67659835051546
2019,744,0.1,11.4,18.5,21.9,19.858217010309268
2019,745,5.0,17.8,16.8,23.6,19.631205670103093
2019,746,0.0,17.9,19.2,25.0,19.15003340206185
2019,747,0.1,17.5,19.7,32.4,19.83158701030928
2019,748,0.0,9.2,21.3,26.3,18.82915793814433
2019,749,0.4,16.9,15.9,18.6,19.17392659793815
2019,750,0.4,10.5,13.3,20.3,19.987993298969084
2019,751,0.2,9.7,15.6,21.4,19.68348969072165
2019,752,0.0,16.1,15.9,24.2,18.61658989690721
2019,753,0.0,10.7,17.8,21.2,18.41866412371134
2019,754,0.0,14.6,16.0,21.6,17.73110701030928
2019,755,0.0,14.1,16.3,23.0,18.049908969072163
2019,756,0.0,15.3,17.1,24.1,18.33657381443299
2019,757,0.0,16.1,16.9,24.4,20.83004195876289
2019,758,0.0,13.5,18.6,22.8,22.75301329896909
2019,759,0.0,15.1,18.0,24.8,22.941264226804115
2019,760,0.0,15.1,19.2,23.4,20.4457081443299
2019,761,0.0,14.7,19.9,23.0,21.08982134020618
2019,762,0.5,11.9,19.8,23.4,23.8999750515464
2019,763,0.0,14.8,18.8,23.3,24.53303773195876
2019,764,0.8,15.0,17.7,24.5,21.96762453608247
2019,765,0.0,13.8,18.7,27.8,22.579484432989688
2019,766,0.0,12.9,13.7,18.9,16.301538865979378
2019,767,0.0,14.6,12.2,20.8,16.267758659793817
2019,768,0.0,11.7,14.2,21.6,16.614831443298975
2019,769,0.0,8.0,18.5,22.4,19.905263298969068
2019,770,0.0,9.2,19.1,22.2,15.71056402061856
2019,771,0.0,4.5,19.6,21.7,16.349444536082483
2019,772,11.6,11.2,18.1,20.9,17.19934958762887
2019,773,3.8,9.0,13.7,18.3,19.284116494845364
2019,774,23.4,13.7,13.0,19.6,19.32725711340206
2019,775,0.0,13.6,12.1,22.4,19.82657494845362
2019,776,0.0,11.7,13.4,20.1,18.239165979381447
2019,777,0.0,13.0,12.5,19.2,17.309414432989698
2019,778,0.0,4.7,14.1,19.4,17.84746525773195
2019,779,0.0,10.7,11.8,20.0,18.3211086597938
2019,780,0.0,13.0,12.2,20.3,17.173125876288655
2019,781,0.0,12.2,12.1,20.5,16.395095773195877
2019,782,0.0,12.7,13.6,21.5,17.553916082474224
2019,783,0.0,10.5,13.5,23.0,18.5722087628866
2019,784,0.0,12.6,14.3,20.5,17.826871855670102
2019,785,0.0,12.4,13.9,22.7,16.839709484536094
2019,786,0.0,11.7,14.9,21.4,18.799967628865986
2019,787,0.0,10.9,15.8,23.3,18.321815463917527
2019,788,0.0,10.7,15.2,21.4,20.42144855670104
2019,789,0.0,12.1,14.9,25.0,17.611135360824747
2019,790,0.0,12.0,16.8,22.8,17.44863432989691
2019,791,0.0,10.9,16.4,23.8,16.967738659793813
2019,792,0.2,11.4,15.4,24.2,17.55032381443298
2019,793,0.0,11.8,14.9,25.0,16.868316907216496
2019,794,0.0,10.3,16.0,21.7,16.530930412371134
2019,795,0.0,8.1,12.3,18.9,16.907507731958763
2019,796,0.0,11.6,10.4,18.4,16.22701804123711
2019,797,0.0,11.5,12.3,18.5,16.077713608247425
2019,798,0.0,11.5,10.0,15.5,17.33997195876288
2019,799,0.0,11.4,9.5,18.9,18.900845876288667
2020,800,0.0,23.0,18.9,22.2,19.09330463917525
2020,801,0.0,21.6,19.6,23.0,21.32645206185568
2020,802,0.0,26.9,21.2,25.7,21.04423422680412
2020,803,0.0,30.2,21.2,29.8,19.192845979381424
2020,804,0.0,21.7,21.0,23.1,18.886661752577314
2020,805,0.2,12.3,20.3,23.3,20.188722680412354
2020,806,3.0,16.6,20.3,24.0,20.797571649484528
2020,807,2.0,20.5,21.4,23.5,18.481061752577325
2020,808,0.0,15.0,21.0,23.5,18.253587835051544
2020,809,0.0,28.5,21.2,25.3,18.68973824742268
2020,810,0.0,6.7,19.2,21.8,18.391933814432992
2020,811,0.0,5.0,19.0,21.5,18.90320907216494
2020,812,3.4,29.1,18.6,23.3,19.34677422680413
2020,813,0.0,28.5,20.0,23.6,18.81976082474226
2020,814,0.0,25.2,20.2,23.9,19.74034979381443
2020,815,0.8,7.1,21.4,24.2,21.062351443298976
2020,816,7.8,4.6,18.6,22.7,21.548151030927844
2020,817,32.0,9.0,18.6,22.3,20.1250812371134
2020,818,6.0,17.9,19.6,23.5,19.80364608247424
2020,819,0.0,21.7,20.4,25.5,20.602530206185573
2020,820,1.6,30.8,21.1,27.5,21.70183731958761
2020,821,0.0,30.7,21.1,30.4,19.62834742268041
2020,822,0.0,26.0,22.6,40.4,19.39894268041237
2020,823,0.0,15.5,23.1,24.9,19.43217474226805
2020,824,0.8,19.1,21.9,25.3,20.716974123711346
2020,825,0.0,26.2,23.7,28.6,18.21717783505154
2020,826,0.0,22.2,22.5,26.3,18.25713711340206
2020,827,0.0,23.6,22.9,26.7,19.38610546391753
2020,828,0.0,19.7,23.4,25.4,18.94899536082475
2020,829,0.0,28.7,21.2,25.5,22.399951237113388
2020,830,0.0,29.1,23.7,26.1,21.01238103092784
2020,831,0.0,29.6,23.9,27.9,22.054776597938133
2020,832,0.0,19.1,23.2,25.1,19.003285257731964
2020,833,16.0,20.0,22.4,26.5,19.356673917525768
2020,834,2.0,22.7,18.5,22.0,21.614708350515468
2020,835,0.2,25.6,18.5,23.6,20.565977525773203
2020,836,3.4,7.6,20.9,23.5,20.675910206185566
2020,837,67.0,2.8,18.2,23.2,21.294336185567005
2020,838,52.2,9.6,19.1,23.4,20.69308670103092
2020,839,53.6,0.6,19.5,22.5,20.23399154639176
2020,840,162.4,20.0,20.1,24.8,19.364795051546377
2020,841,0.0,26.4,21.3,26.9,21.50231226804123
2020,842,0.4,12.7,21.8,24.5,20.22463474226804
2020,843,11.0,15.9,21.6,24.8,19.879545876288667
2020,844,0.4,27.6,20.7,24.6,19.400080824742275
2020,845,0.0,22.4,19.4,25.4,24.612640618556693
2020,846,1.0,24.4,21.0,23.9,20.76812443298968
2020,847,0.0,13.0,21.1,25.4,20.332919072164945
2020,848,0.4,23.0,20.7,27.8,21.247217319587627
2020,849,9.0,22.4,19.5,27.2,21.19452402061855
2020,850,0.0,23.9,19.3,22.0,20.66794690721652
2020,851,0.0,18.6,19.2,23.6,22.979301237113404
2020,852,0.4,11.6,18.4,22.8,20.00715762886598
2020,853,0.0,14.5,18.4,23.4,19.354129278350506
2020,854,0.0,23.1,20.3,24.5,19.40572979381443
2020,855,0.0,25.9,20.5,26.6,21.145456185567006
2020,856,0.0,17.6,21.8,31.6,20.076262989690733
2020,857,0.0,18.3,20.4,24.0,20.79674237113404
2020,858,0.0,23.2,20.0,22.8,19.888937628865992
2020,859,0.0,24.1,19.7,23.5,19.18755371134021
2020,860,0.0,24.8,20.1,25.0,19.78989432989691
2020,861,0.0,23.1,21.0,34.6,22.1233224742268
2020,862,0.0,5.5,20.7,21.3,22.19969360824744
2020,863,21.5,9.4,18.9,23.2,24.955485463917523
2020,864,6.0,3.5,19.6,22.8,29.74943876288658
2020,865,37.2,17.4,20.4,25.8,27.40278195876289
2020,866,0.0,17.4,19.7,22.1,26.36596329896908
2020,867,8.5,16.1,16.9,21.3,28.205746082474224
2020,868,7.4,14.2,16.5,20.9,27.77329360824741
2020,869,7.0,15.9,16.8,22.6,28.61860773195876
2020,870,0.0,19.6,17.3,23.3,26.163601237113404
2020,871,0.4,22.5,17.9,23.1,26.591327422680425
2020,872,0.0,22.6,17.5,23.4,20.89629742268041
2020,873,0.0,1.2,17.7,19.3,22.20087824742268
2020,874,9.4,16.2,13.5,19.5,20.02035041237113
2020,875,10.2,11.1,16.6,20.7,20.44845
2020,876,13.8,15.9,16.1,22.1,22.87799134020619
2020,877,0.0,21.6,16.2,22.3,22.019940618556703
2020,878,0.0,21.4,17.8,27.9,21.77271938144332
2020,879,0.0,19.2,20.0,34.8,22.07413742268041
2020,880,0.0,17.2,19.6,24.7,21.103243298969087
2020,881,0.0,20.6,19.2,24.9,23.254307216494848
2020,882,0.0,13.9,19.7,20.8,23.043352989690725
2020,883,10.2,11.2,17.2,22.0,22.065215463917514
2020,884,0.0,9.3,17.9,23.0,21.943203814432994
2020,885,10.0,9.5,17.6,21.0,21.980363298969067
2020,886,0.2,19.4,18.5,22.7,21.72849113402061
2020,887,0.0,16.6,16.8,23.5,20.525247628866
2020,888,12.0,17.5,17.9,22.4,21.98147618556702
2020,889,1.4,8.7,19.2,25.2,21.930946185567
2020,890,0.2,18.6,18.8,25.3,21.098332164948456
2020,891,0.0,12.2,19.4,23.6,19.87330103092784
2020,892,0.0,8.5,21.2,22.5,20.22037865979381
2020,893,4.2,11.4,18.7,23.9,20.3936280412371
2020,894,7.0,16.8,20.3,25.8,20.88352020618557
2020,895,0.0,18.3,15.3,23.9,21.10758855670103
2020,896,0.0,16.8,15.4,21.4,22.700624329896904
2020,897,6.5,12.8,15.7,20.5,23.61025494845359
2020,898,6.8,7.6,16.6,19.9,25.76709855670103
2020,899,0.0,12.2,17.6,20.9,22.60810505154639
2020,900,2.2,7.6,18.5,21.8,21.99081226804125
2020,901,2.8,16.9,16.0,25.8,21.73915639175258
2020,902,0.0,17.1,13.7,19.6,23.4674675257732
2020,903,0.0,14.5,13.5,20.5,25.479462680412368
2020,904,0.0,16.7,15.0,21.6,29.76688061855669
2020,905,0.2,16.4,16.7,23.4,30.674376391752592
2020,906,0.0,5.4,18.6,26.6,27.889503195876287
2020,907,0.0,16.2,19.1,26.4,25.07147103092782
2020,908,0.0,16.1,15.3,22.2,20.697936185567013
2020,909,0.0,13.5,14.6,22.7,20.639329896907224
2020,910,0.0,5.6,15.5,21.3,20.89160103092783
2020,911,0.0,15.6,16.2,22.4,20.458426185567006
2020,912,0.0,15.5,16.8,24.0,20.6112581443299
2020,913,0.0,15.3,15.4,23.0,20.7748425773196
2020,914,0.0,15.1,17.2,26.3,20.97243422680412
2020,915,0.0,15.0,17.4,23.5,21.22835020618557
2020,916,0.0,10.9,18.7,27.0,20.385768556701034
2020,917,0.1,8.8,17.9,21.7,22.25336082474227
2020,918,0.1,9.6,18.1,22.0,21.91434154639175
2020,919,4.5,12.1,18.7,24.1,22.01602865979381
2020,920,0.2,1.8,20.4,21.8,20.66619268041237
2020,921,17.2,14.1,11.8,16.4,21.7474087628866
2020,922,0.0,13.9,13.3,18.0,21.962987216494835
2020,923,0.0,14.0,12.7,18.0,21.031750927835056
2020,924,0.0,13.6,11.8,17.6,19.65419845360825
2020,925,10.3,10.7,12.9,19.3,22.28221948453608
2020,926,0.2,13.6,13.5,21.2,22.4019837113402
2020,927,0.0,11.5,13.8,23.3,22.321656082474224
2020,928,0.0,13.3,15.2,25.9,21.824711546391747
2020,929,0.0,11.0,17.5,24.7,21.319533608247426
2020,930,0.0,13.1,12.9,17.4,21.62921278350515
2020,931,0.0,13.0,10.0,17.7,22.517761237113405
2020,932,0.0,12.7,10.8,20.2,22.374393814432977
2020,933,0.0,9.8,11.6,18.3,22.85101989690721
2020,934,1.4,7.2,12.5,17.6,22.77857288659794
2020,935,5.0,8.0,12.1,16.6,22.305130309278333
2020,936,11.0,9.5,13.4,19.8,21.75132628865979
2020,937,0.2,10.5,12.8,21.5,21.92648278350515
2020,938,0.8,8.0,13.9,21.3,22.76801020618557
2020,939,0.0,12.2,15.1,21.3,22.64575577319587
2020,940,0.0,11.3,15.4,23.9,21.0581913402062
2020,941,0.0,5.1,16.3,19.1,23.12713360824744
2020,942,26.6,5.0,10.3,17.0,21.41878567010309
2020,943,2.6,7.7,12.7,17.6,21.857079278350504
2020,944,0.4,5.7,14.8,17.5,20.835334948453607
2020,945,3.0,5.9,14.5,17.4,21.41126731958764
2020,946,54.8,7.9,15.0,20.1,21.904672268041235
2020,947,2.6,10.2,14.1,19.6,21.11285412371133
2020,948,0.2,11.5,13.9,21.3,21.68779876288659
2020,949,0.0,5.6,13.9,17.8,23.09573092783504
2020,950,6.4,11.4,14.4,20.4,20.797451237113403
2021,951,1.4,7.3,18.9,21.3,21.68509412371134
2021,952,2.1,8.9,16.8,21.5,21.542607525773192
2021,953,14.4,15.2,18.1,22.7,20.63300443298969
2021,954,0.2,13.0,20.8,24.9,22.056290515463928
2021,955,12.2,25.7,18.4,24.8,23.554431237113413
2021,956,1.0,18.9,20.6,22.6,24.780874123711342
2021,957,2.0,19.4,18.8,22.2,25.62077969072165
2021,958,5.2,16.6,17.8,21.5,20.589497113402057
2021,959,0.0,31.1,17.3,23.2,19.0621787628866
2021,960,0.0,31.4,18.7,23.5,25.456617216494845
2021,961,0.0,31.5,19.5,23.8,24.724151237113407
2021,962,0.0,28.7,20.5,25.0,23.56459391752577
2021,963,0.0,31.4,21.8,24.5,23.32406247422681
2021,964,0.0,25.9,21.6,27.5,22.25633979381444
2021,965,1.6,25.7,20.8,25.5,22.13812278350515
2021,966,0.0,31.2,18.6,22.0,22.60252030927835
2021,967,0.0,30.2,17.7,22.6,21.934200412371126
2021,968,0.0,30.9,19.9,24.5,22.002080721649484
2021,969,0.0,16.8,20.4,22.2,24.276996701030928
2021,970,2.4,11.7,17.8,22.0,23.012957422680408
2021,971,0.0,30.3,17.3,23.0,25.744037422680407
2021,972,0.0,30.5,18.9,25.5,26.50000835051545
2021,973,0.0,29.4,21.2,26.4,28.775968762886613
2021,974,0.0,30.0,22.2,25.4,20.729892886597938
2021,975,0.0,29.9,22.0,24.5,22.09394144329897
2021,976,0.0,28.1,22.0,29.5,29.96839876288661
2021,977,0.0,6.0,21.1,21.6,28.127117113402047
2021,978,16.6,7.2,19.1,22.2,27.420640309278348
2021,979,5.4,7.6,19.3,22.8,24.6559524742268
2021,980,25.6,13.2,19.6,24.1,25.574809278350514
2021,981,0.6,6.7,22.0,22.7,24.24446824742267
2021,982,2.8,23.6,21.0,24.5,24.13464773195876
2021,983,11.4,20.3,18.1,22.2,24.6795212371134
2021,984,3.8,26.8,18.5,23.0,24.530215979381435
2021,985,0.0,27.1,19.7,23.7,24.047588453608235
2021,986,0.0,28.6,22.1,24.2,26.106354845360816
2021,987,0.0,4.3,22.2,23.6,27.777993814432985
2021,988,1.6,26.4,21.2,25.4,27.11263783505156
2021,989,1.6,13.6,19.6,22.0,25.243108865979384
2021,990,0.0,20.4,19.9,22.5,26.419876597938146
2021,991,0.0,25.0,17.9,22.9,25.91249618556701
2021,992,0.0,27.9,19.3,23.9,26.751045463917524
2021,993,0.0,17.2,20.0,25.0,27.04230505154638
2021,994,10.0,3.4,20.7,21.4,26.229996391752582
2021,995,9.5,20.9,18.0,22.5,24.453159484536084
2021,996,0.0,16.0,19.6,23.3,26.11747247422681
2021,997,8.0,25.1,19.3,24.8,28.319780927835065
2021,998,5.4,18.9,19.5,23.7,29.06663824742267
2021,999,0.4,16.2,20.8,24.8,28.705056494845355
2021,1000,2.4,24.3,20.0,25.9,28.138432061855667
2021,1001,0.0,23.9,21.4,24.9,25.693819587628862
2021,1002,1.0,23.9,22.1,25.6,24.431576185567017
2021,1003,0.0,24.1,21.5,25.9,24.18591350515464
2021,1004,0.0,6.1,20.0,21.4,24.70219319587629
2021,1005,41.0,10.5,17.2,21.7,24.804435154639176
2021,1006,3.4,9.3,18.4,23.5,30.14628690721649
2021,1007,1.2,24.3,19.5,25.1,26.536030309278345
2021,1008,0.0,4.7,20.7,23.0,25.822892268041244
2021,1009,1.0,23.9,20.3,25.1,25.40804247422681
2021,1010,0.0,23.3,21.0,25.9,24.96381206185567
2021,1011,0.0,15.7,21.6,22.7,23.420658556701024
2021,1012,1.4,19.2,18.6,21.3,22.77889175257732
2021,1013,3.0,23.8,17.5,23.8,24.85345092783505
2021,1014,0.0,20.5,19.2,22.7,25.68090195876289
2021,1015,0.0,18.3,18.7,21.8,26.94828134020619
2021,1016,0.0,21.9,17.8,23.6,26.958116494845346
2021,1017,0.0,15.1,18.9,30.1,26.0434124742268
2021,1018,0.2,19.4,21.1,26.1,26.330727938144328
2021,1019,0.0,11.9,22.2,24.0,26.60556577319588
2021,1020,0.0,15.6,20.7,24.3,28.203882474226805
2021,1021,1.2,12.9,21.0,24.5,27.582740309278343
2021,1022,9.0,18.9,21.6,26.7,25.06429185567012
2021,1023,29.0,1.9,19.5,20.6,26.175006701030927
2021,1024,13.0,22.0,14.7,22.0,22.436710206185577
2021,1025,3.8,8.9,16.1,22.2,23.466216804123707
2021,1026,6.4,11.5,17.9,22.8,23.467554845360823
2021,1027,4.4,1.3,18.7,23.1,25.22373896907216
2021,1028,53.0,10.1,17.3,24.0,23.42157546391752
2021,1029,30.0,2.1,19.4,23.5,24.340841546391754
2021,1030,108.0,3.2,18.8,22.5,22.12544412371134
2021,1031,28.0,3.9,18.2,20.9,22.35280927835051
2021,1032,51.0,2.7,18.3,23.3,25.687145360824744
2021,1033,22.2,19.5,18.6,28.9,23.075995463917533
2021,1034,0.0,14.8,18.6,25.6,25.495539896907225
2021,1035,6.6,18.7,17.6,22.4,25.425074845360832
2021,1036,0.0,18.2,18.2,25.6,25.10672268041236
2021,1037,0.0,18.8,18.8,24.0,25.667672783505164
2021,1038,0.0,16.1,17.6,23.3,26.25015773195877
2021,1039,5.6,16.7,17.8,20.6,25.802186082474226
2021,1040,6.6,16.9,15.6,22.0,18.423547319587623
2021,1041,7.8,16.2,16.5,23.9,18.2962518556701
2021,1042,0.0,18.4,17.6,24.3,18.36340412371134
2021,1043,0.0,18.7,18.1,24.0,18.08706824742268
2021,1044,0.0,17.3,18.3,24.1,19.7054075257732
2021,1045,0.0,15.5,19.6,25.6,20.558734948453605
2021,1046,15.0,15.0,20.8,26.1,21.35459680412372
2021,1047,1.0,13.1,20.8,24.4,19.982077319587624
2021,1048,9.0,17.0,19.4,24.8,19.74572948453609
2021,1049,0.0,12.4,18.5,29.9,19.80671278350515
2021,1050,0.4,16.1,17.8,23.3,21.001873814432987
2021,1051,0.0,17.3,15.4,17.9,19.393031237113405
2021,1052,0.0,17.1,11.7,19.0,20.13104752577319
2021,1053,0.0,17.0,12.2,20.5,22.366210824742268
2021,1054,0.0,14.4,14.9,27.3,21.325221237113404
2021,1055,0.0,16.6,18.4,24.4,21.84850896907216
2021,1056,0.0,10.3,17.0,20.6,23.68232659793812
2021,1057,0.0,4.3,16.1,19.1,19.831886597938144
2021,1058,0.0,10.8,12.9,21.4,19.245219484536086
2021,1059,0.0,16.0,13.4,21.1,18.434994536082467
2021,1060,0.0,13.4,14.5,21.1,17.445027938144328
2021,1061,0.2,15.7,15.2,18.8,18.72856216494845
2021,1062,0.0,15.2,12.7,19.1,21.516295670103087
2021,1063,0.0,15.3,11.6,20.1,21.332404639175262
2021,1064,0.0,15.0,12.7,21.4,21.73730793814433
2021,1065,0.0,12.5,13.5,20.4,23.767548350515465
2021,1066,0.0,14.5,14.2,21.2,18.49036309278351
2022,1067,0.0,27.6,22.0,24.2,19.276980591134013
2022,1068,0.0,31.9,21.7,24.7,19.252334090670107
2022,1069,0.0,31.6,22.4,26.0,17.74337604676289
2022,1070,0.0,28.6,22.8,25.3,17.22512791387628
2022,1071,3.6,16.8,21.6,25.1,16.92299076810309
2022,1072,18.8,23.4,21.2,24.6,16.94100957084535
2022,1073,2.8,14.0,22.4,24.4,16.856897974608245
2022,1074,28.0,27.5,19.9,26.6,17.849765734762883
2022,1075,0.2,10.8,21.4,24.4,29.61552258551546
2022,1076,0.4,20.3,22.2,24.9,29.80396731363917
2022,1077,0.0,19.3,23.2,25.0,25.43525207786597
2022,1078,0.0,21.4,22.8,24.5,24.843803835917523
2022,1079,41.6,14.9,20.2,24.7,24.214669271123704
2022,1080,4.2,25.5,20.7,24.6,24.19589605322681
2022,1081,0.2,18.1,21.9,25.9,23.833181455515465
2022,1082,0.0,29.4,22.1,25.4,22.182763643360826
2022,1083,0.0,25.4,22.2,25.9,18.97559168970104
2022,1084,0.0,9.5,22.8,23.1,18.10966605672164
2022,1085,9.0,7.0,19.3,23.4,17.741377653134023
2022,1086,3.0,18.6,19.6,22.5,17.268170404175258
2022,1087,2.4,20.5,19.2,23.0,17.075791430804124
2022,1088,3.8,25.7,18.9,23.2,16.330572453113405
2022,1089,6.4,21.5,19.2,22.4,17.56779246504124
2022,1090,1.6,24.5,19.0,25.8,18.644400929288675
2022,1091,0.0,23.3,21.0,23.7,27.03844190656703
2022,1092,0.0,29.0,20.8,24.1,24.87386763823712
2022,1093,0.0,28.3,22.1,24.4,23.155541835484552
2022,1094,0.0,30.0,22.7,24.7,21.03150096384536
2022,1095,0.0,27.7,22.3,24.6,21.171266750865986
2022,1096,0.0,28.0,22.6,24.9,22.18917961737113
2022,1097,0.0,28.1,22.1,27.1,21.844406290422693
2022,1098,0.0,24.1,22.4,27.1,21.39730779853608
2022,1099,9.2,3.2,21.1,21.7,22.16380898804124
2022,1100,5.0,22.6,18.7,21.3,22.54986390582474
2022,1101,5.6,18.9,17.5,23.1,22.95815910571133
2022,1102,13.0,19.4,17.2,23.0,17.710504000412378
2022,1103,1.8,22.0,18.2,23.2,20.109352991659787
2022,1104,17.6,15.4,18.3,23.1,19.69818368383504
2022,1105,17.8,16.8,16.4,23.0,18.22322052813401
2022,1106,9.4,27.5,16.5,26.7,20.116863821412377
2022,1107,0.0,24.3,20.6,27.0,30.016700871164943
2022,1108,4.1,9.4,21.4,24.0,26.417519344103088
2022,1109,10.8,13.3,20.5,23.4,28.32173216047422
2022,1110,4.0,24.6,19.0,23.6,27.720805756391755
2022,1111,0.0,25.5,19.3,24.7,24.98447224403092
2022,1112,0.0,27.0,20.8,24.6,23.77320772645361
2022,1113,0.0,26.7,20.7,24.6,24.4360460703402
2022,1114,0.0,24.4,20.3,31.7,26.08198578853607
2022,1115,1.0,25.2,21.9,26.2,24.15307527125773
2022,1116,0.4,6.0,21.6,23.1,22.19806806168041
2022,1117,0.2,26.0,19.9,33.2,23.649990767041228
2022,1118,0.0,18.9,22.0,28.2,18.53885772335052
2022,1119,3.4,0.1,22.5,24.2,18.88816691842269
2022,1120,137.6,13.7,19.7,25.4,20.536915877680407
2022,1121,64.8,12.7,20.0,27.2,19.38071717906185
2022,1122,25.2,6.9,20.9,24.5,23.861651799195887
2022,1123,39.9,6.6,20.1,23.1,29.925241362206183
2022,1124,33.0,16.4,20.1,25.8,29.960717320989687
2022,1125,5.0,12.8,20.8,25.1,33.13293969508247
2022,1126,32.4,9.4,19.8,23.8,32.6980948937835
2022,1127,24.0,5.0,20.7,23.9,29.03036169572165
2022,1128,44.2,13.6,20.6,25.2,28.965261138494835
2022,1129,16.0,17.9,22.1,26.0,27.671846177979365
2022,1130,7.2,15.3,21.0,25.2,30.38946290852577
2022,1131,22.0,7.4,20.9,25.0,24.95723485684536
2022,1132,24.4,10.1,21.5,27.2,26.26007550892785
2022,1133,133.4,1.4,21.3,23.9,27.649821066731977
2022,1134,37.8,14.1,18.9,23.2,22.33056035381443
2022,1135,0.0,22.1,17.4,21.7,21.54830433976288
2022,1136,1.4,19.3,16.7,23.0,20.90100821107216
2022,1137,0.4,19.4,17.7,23.5,19.85512093020619
2022,1138,0.8,12.2,18.7,23.2,30.208269200917528
2022,1139,1.8,12.9,18.9,23.2,28.873501226546388
2022,1140,6.2,21.2,19.0,24.2,27.91298571038144
2022,1141,13.8,14.8,19.3,24.7,26.717235400793804
2022,1142,4.8,19.3,19.7,25.9,25.2553488206598
2022,1143,0.2,19.3,21.3,25.1,23.70019981241238
2022,1144,55.2,9.7,19.2,22.6,24.72558842028867
2022,1145,0.4,20.9,17.9,23.7,25.20234162809279
2022,1146,0.0,14.8,18.6,23.4,28.681782902742256
2022,1147,0.0,20.9,18.4,24.6,27.48622816060825
2022,1148,0.2,10.2,20.6,23.5,25.751453060979383
2022,1149,2.0,4.8,18.8,21.5,25.403799484278355
2022,1150,16.2,12.2,18.3,23.9,23.065239516969083
2022,1151,13.2,9.2,19.0,22.4,26.163415824432988
2022,1152,2.0,9.9,18.3,24.4,25.18613588659796
2022,1153,24.4,11.6,19.1,24.4,24.29736512316496
2022,1154,80.8,8.0,20.0,22.9,24.53459289305154
2022,1155,10.6,11.6,20.5,22.9,26.7094499400928
2022,1156,11.8,7.4,18.7,22.1,29.2513707354433
2022,1157,29.4,7.0,14.7,18.7,30.37664391600001
2022,1158,1.8,10.9,15.5,21.6,24.05835766918558
2022,1159,0.0,16.2,15.7,24.9,24.29840907430928
2022,1160,0.0,18.3,17.5,26.6,25.22936547138145
2022,1161,0.0,18.3,17.5,24.0,26.450288963278343
2022,1162,18.0,1.7,17.6,20.8,27.1352048010206
2022,1163,167.2,3.3,16.9,21.8,32.47368943356701
2022,1164,37.4,10.6,17.9,22.8,30.521330443134023
2022,1165,9.6,15.1,18.5,22.5,26.22473100573196
2022,1166,3.0,16.3,18.4,23.7,25.204633562030928
2022,1167,0.0,16.9,18.4,27.2,26.426412444670085
2022,1168,1.0,14.9,18.7,20.9,26.39983719464948
2022,1169,32.0,11.1,16.7,19.5,26.043267423041225
2022,1170,13.0,14.9,15.9,23.2,20.00811969195877
2022,1171,0.0,16.3,16.6,22.5,20.66323149273196
2022,1172,0.0,14.4,17.0,23.5,25.82673321939177
2022,1173,0.0,14.8,16.9,22.2,23.433991738773173
2022,1174,0.0,15.6,16.7,23.6,23.50750326474227
2022,1175,0.0,15.5,18.3,24.2,23.706081425628856
2022,1176,10.2,15.0,16.4,23.5,24.403328974855672
2022,1177,0.0,9.8,15.7,21.0,20.41706890104124
2022,1178,11.6,4.9,16.2,20.4,23.38664709859793
2022,1179,11.2,13.9,15.9,22.9,20.66324359268042
2022,1180,2.0,14.8,15.6,22.8,18.65476406352577
2022,1181,1.0,12.6,16.2,22.7,26.669066606948444
2023,1182,0.0,29.9,20.2,23.1,20.71374979381444
2023,1183,0.0,31.2,20.3,23.1,24.148927216494847
2023,1184,0.0,31.0,21.3,23.5,22.83185134020619
2023,1185,2.0,10.5,21.5,23.5,22.822920103092788
2023,1186,18.0,13.8,17.6,20.5,23.64089793814433
2023,1187,4.2,9.4,15.5,20.8,23.070365876288665
2023,1188,31.0,15.2,16.4,21.1,22.05583731958764
2023,1189,2.0,30.2,17.5,22.3,21.96042907216496
2023,1190,0.0,31.6,17.4,23.9,20.738091855670103
2023,1191,0.0,28.7,18.7,23.2,21.450876082474228
2023,1192,0.0,16.5,21.2,24.4,23.54327381443299
2023,1193,0.0,22.5,21.4,23.2,23.68847690721649
2023,1194,0.0,25.8,21.2,24.5,23.997722268041244
2023,1195,1.4,25.4,20.1,23.7,25.722257113402065
2023,1196,0.6,31.3,19.9,24.4,25.754348453608248
2023,1197,0.0,27.1,22.3,25.1,22.11051453608248
2023,1198,0.0,30.0,21.2,24.1,22.655595463917525
2023,1199,0.0,27.4,20.6,25.5,20.86685371134021
2023,1200,14.4,4.3,19.0,21.8,20.769595154639184
2023,1201,5.2,7.2,17.0,21.7,22.506456494845366
2023,1202,4.8,6.7,19.4,21.8,23.732055360824745
2023,1203,15.2,22.2,17.6,23.5,25.513023195876283
2023,1204,0.0,29.6,19.8,24.6,27.901015257731963
2023,1205,4.4,28.1,19.3,25.2,25.52796412371133
2023,1206,0.0,24.1,21.1,25.3,23.07464402061856
2023,1207,0.0,20.1,21.9,24.8,22.73693010309279
2023,1208,5.2,28.9,21.8,26.4,24.97292907216496
2023,1209,0.0,20.3,24.1,27.6,23.43691463917526
2023,1210,1.2,14.4,22.5,27.0,20.70372783505154
2023,1211,28.6,18.9,21.2,25.2,21.224006185567006
2023,1212,0.0,27.0,21.2,25.0,24.759024226804115
2023,1213,0.0,28.1,22.2,26.8,23.26957134020618
2023,1214,0.0,28.7,23.0,26.7,24.565415463917525
2023,1215,0.0,29.1,18.7,27.1,22.925784742268043
2023,1216,0.0,28.9,19.0,24.8,18.25191608247422
2023,1217,0.0,24.6,21.3,24.1,18.44315164948453
2023,1218,1.2,24.2,23.0,25.1,19.664561443298965
2023,1219,0.0,19.7,22.3,25.4,19.69881618556701
2023,1220,19.2,5.5,19.1,23.3,20.43055855670104
2023,1221,33.4,28.1,18.8,25.3,20.026690103092783
2023,1222,3.0,26.5,20.9,27.0,20.4375187628866
2023,1223,0.0,26.6,21.9,24.9,22.624689072164944
2023,1224,2.2,16.0,19.6,22.6,22.40158948453608
2023,1225,3.2,7.4,19.0,22.6,22.496992680412376
2023,1226,24.6,23.3,18.8,24.7,22.50730195876289
2023,1227,0.0,27.1,19.7,24.3,20.546837938144325
2023,1228,0.0,27.1,21.5,24.4,19.104526185567007
2023,1229,0.0,22.8,21.6,27.9,20.65682731958762
2023,1230,2.0,21.1,22.1,26.3,20.04280257731959
2023,1231,0.0,26.1,22.5,25.4,21.108961855670103
2023,1232,0.0,24.2,21.9,26.1,18.818662164948453
2023,1233,49.6,5.0,20.1,22.4,18.82897144329897
2023,1234,2.4,10.6,18.8,23.7,18.839280721649484
2023,1235,0.4,23.2,18.8,23.6,18.84959
2023,1236,0.2,25.1,19.1,24.1,18.859899278350515
2023,1237,0.0,24.5,20.0,25.9,18.87020855670103
2023,1238,0.6,15.4,21.3,24.3,18.880517835051545
2023,1239,1.2,18.4,21.3,24.4,19.51424391752577
2023,1240,0.2,22.3,22.3,25.7,19.38043278350516
2023,1241,0.0,19.0,20.7,23.7,19.413465154639184
2023,1242,7.6,10.7,20.3,24.5,20.598873298969075
2023,1243,5.4,22.0,20.7,25.0,20.54038329896907
2023,1244,0.0,22.6,20.1,25.0,18.53565587628865
2023,1245,0.0,23.0,22.0,38.6,26.255407525773187
2023,1246,0.0,22.3,22.9,28.9,17.9583312371134
2023,1247,0.0,23.3,21.2,26.5,17.08957484536082
2023,1248,0.0,23.1,19.6,24.4,18.65371371134021
2023,1249,0.0,22.4,18.7,25.3,18.66402298969072
2023,1250,0.0,22.1,20.2,25.1,18.67433226804124
2023,1251,0.0,14.5,21.2,24.7,18.684641546391752
2023,1252,0.0,11.4,22.5,23.7,18.694950824742268
2023,1253,0.6,10.6,21.3,24.7,18.705260103092783
2023,1254,11.4,21.4,19.7,26.3,18.7155693814433
2023,1255,0.0,22.0,20.1,36.0,18.72587865979381
2023,1256,0.0,20.8,22.0,29.1,18.73618793814433
2023,1257,0.0,21.4,22.2,24.9,18.746497216494845
2023,1258,0.0,21.3,21.6,26.0,18.75680649484536
2023,1259,0.0,5.9,22.4,23.8,18.76711577319588
2023,1260,1.0,11.8,19.6,22.7,18.77742505154639
2023,1261,0.0,9.7,19.4,23.2,19.982960103092783
2023,1262,0.0,11.9,20.6,26.7,18.63309515463917
2023,1263,8.6,13.8,19.4,24.2,18.499074536082475
2023,1264,5.2,10.0,20.1,24.2,18.50938381443299
2023,1265,0.8,14.3,21.0,23.1,18.519693092783506
2023,1266,6.6,8.8,19.8,25.9,18.53000237113402
2023,1267,0.6,8.2,19.8,25.6,18.540311649484536
2023,1268,3.6,10.0,20.1,27.9,18.55062092783505
2023,1269,0.0,18.1,18.0,22.8,18.560930206185567
2023,1270,0.0,19.2,16.4,22.9,18.571239484536083
2023,1271,0.0,7.9,17.0,19.6,18.5815487628866
2023,1272,29.2,6.8,16.4,20.8,18.59185804123712
2023,1273,31.0,16.4,14.8,22.8,18.60216731958763
2023,1274,1.2,17.4,17.8,24.7,18.612476597938144
2023,1275,0.0,15.5,17.7,22.9,18.88091907216494
2023,1276,7.5,10.9,17.8,22.7,18.3017893814433
2023,1277,0.2,12.4,17.5,23.0,17.809762061855672
2023,1278,2.2,17.7,17.2,22.8,17.729470309278348
2023,1279,0.0,17.6,16.7,19.8,18.62278587628866
2023,1280,0.0,15.5,12.8,18.9,17.773885670103084
2023,1281,0.0,16.4,13.2,20.5,17.784194948453603
2023,1282,0.0,13.0,14.8,21.2,17.79450422680412
2023,1283,7.0,13.8,15.9,21.0,17.804813505154634
2023,1284,10.6,10.6,16.1,20.1,17.81512278350515
2023,1285,11.2,16.4,15.1,22.1,17.825432061855665
2023,1286,0.2,9.0,18.3,24.7,17.83574134020618
2023,1287,0.0,10.5,15.2,20.8,17.846050618556696
2023,1288,0.0,14.4,15.7,22.2,17.322894639175257
2023,1289,0.0,15.3,15.8,21.8,17.549911340206183
2023,1290,3.6,5.3,17.9,20.5,22.16612649484535
2023,1291,1.6,10.4,16.0,20.5,18.798043608247426
2023,1292,0.4,3.6,15.5,21.4,18.808352886597937
2023,1293,0.2,11.7,16.8,22.8,18.143679896907223
