Year,Month,Day,averagemwh,rainfall_mm,solar_exposure,min_temp,max_temp
2021,1,1,8.47172010416667,1.6,5.7,18.0,20.3
2021,1,1,7.187744791666662,1.6,5.7,18.0,20.3
2021,1,1,7.039154166666665,1.6,5.7,18.0,20.3
2021,1,1,7.542800312499999,1.6,5.7,18.0,20.3
2021,1,1,8.641091562500003,1.6,5.7,18.0,20.3
2021,1,1,7.723068958333335,1.6,5.7,18.0,20.3
2021,1,1,7.969762291666668,1.6,5.7,18.0,20.3
2021,1,1,6.846760312499998,1.6,5.7,18.0,20.3
2021,1,1,6.720548749999999,1.6,5.7,18.0,20.3
2021,1,1,6.917978229166665,1.6,5.7,18.0,20.3
2021,1,1,8.124167604166667,1.6,5.7,18.0,20.3
2021,1,1,8.778883229166668,1.6,5.7,18.0,20.3
2021,1,1,8.856441354166668,1.6,5.7,18.0,20.3
2021,1,1,9.094216145833332,1.6,5.7,18.0,20.3
2021,1,1,8.887716875,1.6,5.7,18.0,20.3
2021,1,1,7.420938229166667,1.6,5.7,18.0,20.3
2021,1,1,6.922948958333333,1.6,5.7,18.0,20.3
2021,1,1,8.320910625000002,1.6,5.7,18.0,20.3
2021,1,1,8.317961145833337,1.6,5.7,18.0,20.3
2021,1,1,8.048023020833332,1.6,5.7,18.0,20.3
2021,1,1,9.085366979166666,1.6,5.7,18.0,20.3
2021,1,1,10.308180625000004,1.6,5.7,18.0,20.3
2021,1,1,8.89448416666667,1.6,5.7,18.0,20.3
2021,1,1,8.623151250000001,1.6,5.7,18.0,20.3
2021,1,1,9.980635208333334,1.6,5.7,18.0,20.3
2021,1,1,9.469849375000004,1.6,5.7,18.0,20.3
2021,1,1,8.968224583333333,1.6,5.7,18.0,20.3
2021,1,1,8.49782927083333,1.6,5.7,18.0,20.3
2021,1,1,8.316223124999999,1.6,5.7,18.0,20.3
2021,1,1,8.006932187499999,1.6,5.7,18.0,20.3
2021,1,1,7.8246666666666655,1.6,5.7,18.0,20.3
2021,1,1,7.920909062499998,1.6,5.7,18.0,20.3
2021,1,1,11.4654740625,1.6,5.7,18.0,20.3
2021,1,1,9.9599334375,1.6,5.7,18.0,20.3
2021,1,1,9.809667083333334,1.6,5.7,18.0,20.3
2021,1,1,9.201382500000005,1.6,5.7,18.0,20.3
2021,1,1,8.86576677083333,1.6,5.7,18.0,20.3
2021,1,1,8.9172728125,1.6,5.7,18.0,20.3
2021,1,1,8.401422812499998,1.6,5.7,18.0,20.3
2021,1,1,9.4678271875,1.6,5.7,18.0,20.3
2021,1,1,10.227203229166667,1.6,5.7,18.0,20.3
2021,1,1,9.086709895833328,1.6,5.7,18.0,20.3
2021,1,1,8.728807187500001,1.6,5.7,18.0,20.3
2021,1,1,8.054655312499998,1.6,5.7,18.0,20.3
2021,1,1,7.970191145833333,1.6,5.7,18.0,20.3
2021,1,1,8.745279270833334,1.6,5.7,18.0,20.3
2021,1,1,9.417335729166668,1.6,5.7,18.0,20.3
2021,1,1,10.395319583333334,1.6,5.7,18.0,20.3
2021,1,1,9.117318020833332,1.6,5.7,18.0,20.3
2021,1,1,8.651427812499998,1.6,5.7,18.0,20.3
2021,1,1,8.579398645833331,1.6,5.7,18.0,20.3
2021,1,1,9.812754895833336,1.6,5.7,18.0,20.3
2021,1,1,10.150080729166666,1.6,5.7,18.0,20.3
2021,1,1,10.8327734375,1.6,5.7,18.0,20.3
2021,1,1,10.071979062499995,1.6,5.7,18.0,20.3
2021,1,1,9.568643958333332,1.6,5.7,18.0,20.3
2021,1,1,9.730475416666668,1.6,5.7,18.0,20.3
2021,1,1,9.315929895833332,1.6,5.7,18.0,20.3
2021,1,1,8.976369166666665,1.6,5.7,18.0,20.3
2021,1,1,9.861089791666664,1.6,5.7,18.0,20.3
2021,1,1,10.145446354166664,1.6,5.7,18.0,20.3
2021,1,1,9.861571041666666,1.6,5.7,18.0,20.3
2021,1,1,9.007479375,1.6,5.7,18.0,20.3
2021,1,1,9.091369687499997,1.6,5.7,18.0,20.3
2021,1,1,9.830146562500005,1.6,5.7,18.0,20.3
2021,1,1,9.304726562500004,1.6,5.7,18.0,20.3
2021,1,1,9.725370416666664,1.6,5.7,18.0,20.3
2021,1,1,9.822753229166665,1.6,5.7,18.0,20.3
2021,1,1,9.757732395833337,1.6,5.7,18.0,20.3
2021,1,1,9.771071562499996,1.6,5.7,18.0,20.3
2021,1,1,9.884178645833334,1.6,5.7,18.0,20.3
2021,1,1,9.2736490625,1.6,5.7,18.0,20.3
2021,1,1,8.466337083333334,1.6,5.7,18.0,20.3
2021,1,1,10.152674791666668,1.6,5.7,18.0,20.3
2021,1,1,11.967503229166669,1.6,5.7,18.0,20.3
2021,1,1,10.886574374999997,1.6,5.7,18.0,20.3
2021,1,1,10.605049479166668,1.6,5.7,18.0,20.3
2021,1,1,10.24873,1.6,5.7,18.0,20.3
2021,1,1,9.300100625,1.6,5.7,18.0,20.3
2021,1,1,8.387803645833335,1.6,5.7,18.0,20.3
2021,1,1,8.981190208333334,1.6,5.7,18.0,20.3
2021,1,1,10.641364270833336,1.6,5.7,18.0,20.3
2021,1,1,10.313358749999995,1.6,5.7,18.0,20.3
2021,1,1,9.82428135416667,1.6,5.7,18.0,20.3
2021,1,1,9.647892083333334,1.6,5.7,18.0,20.3
2021,1,1,10.0585815625,1.6,5.7,18.0,20.3
2021,1,1,10.610622604166668,1.6,5.7,18.0,20.3
2021,1,1,10.81771697916666,1.6,5.7,18.0,20.3
2021,1,1,11.599642083333338,1.6,5.7,18.0,20.3
2021,1,1,9.7105146875,1.6,5.7,18.0,20.3
2021,1,1,10.067592395833332,1.6,5.7,18.0,20.3
2021,1,1,9.61164020833333,1.6,5.7,18.0,20.3
2021,1,1,9.2122646875,1.6,5.7,18.0,20.3
2021,1,1,8.759597916666658,1.6,5.7,18.0,20.3
2021,1,1,9.194477812499995,1.6,5.7,18.0,20.3
2021,1,1,8.985066041666665,1.6,5.7,18.0,20.3
2021,1,1,10.101490833333331,1.6,5.7,18.0,20.3
2021,1,1,10.673363125,1.6,5.7,18.0,20.3
2021,1,1,12.136650937500008,1.6,5.7,18.0,20.3
2021,1,1,10.62576,1.6,5.7,18.0,20.3
2021,1,1,9.583259375000004,1.6,5.7,18.0,20.3
2021,1,1,11.236487604166667,1.6,5.7,18.0,20.3
2021,1,1,9.806332395833332,1.6,5.7,18.0,20.3
2021,1,1,10.829141249999996,1.6,5.7,18.0,20.3
2021,1,1,9.040479791666666,1.6,5.7,18.0,20.3
2021,1,1,9.686403437499996,1.6,5.7,18.0,20.3
2021,1,1,8.698009062499999,1.6,5.7,18.0,20.3
2021,1,1,7.579190416666665,1.6,5.7,18.0,20.3
2021,1,1,7.869371666666669,1.6,5.7,18.0,20.3
2021,1,1,9.434205208333331,1.6,5.7,18.0,20.3
2021,1,1,8.485623958333335,1.6,5.7,18.0,20.3
2021,1,1,8.65222572916667,1.6,5.7,18.0,20.3
2021,1,1,8.742864583333334,1.6,5.7,18.0,20.3
2021,1,1,9.1975321875,1.6,5.7,18.0,20.3
2021,1,1,8.631229687499998,1.6,5.7,18.0,20.3
2021,1,1,8.664449583333335,1.6,5.7,18.0,20.3
2021,1,1,10.018207395833336,1.6,5.7,18.0,20.3
2021,1,1,9.658437395833332,1.6,5.7,18.0,20.3
2021,1,1,9.165634479166668,1.6,5.7,18.0,20.3
2021,1,1,8.381854375000001,1.6,5.7,18.0,20.3
2021,1,1,8.004950312500002,1.6,5.7,18.0,20.3
2021,1,1,6.900598645833333,1.6,5.7,18.0,20.3
2021,1,1,7.037105312500002,1.6,5.7,18.0,20.3
2021,1,1,7.791333854166669,1.6,5.7,18.0,20.3
2021,1,1,7.7857729166666685,1.6,5.7,18.0,20.3
2021,1,1,6.9005725,1.6,5.7,18.0,20.3
2021,1,1,6.838253020833332,1.6,5.7,18.0,20.3
2021,1,1,6.0872265625,1.6,5.7,18.0,20.3
2021,1,1,6.690473958333331,1.6,5.7,18.0,20.3
2021,1,1,6.245306666666669,1.6,5.7,18.0,20.3
2021,1,1,6.722850208333333,1.6,5.7,18.0,20.3
2021,1,1,8.615080208333335,1.6,5.7,18.0,20.3
2021,1,1,7.7979539583333315,1.6,5.7,18.0,20.3
2021,1,1,7.507710624999998,1.6,5.7,18.0,20.3
2021,1,1,6.137688958333335,1.6,5.7,18.0,20.3
2021,1,1,5.990754479166664,1.6,5.7,18.0,20.3
2021,1,1,5.932564479166666,1.6,5.7,18.0,20.3
2021,1,1,6.500987291666667,1.6,5.7,18.0,20.3
2021,1,1,6.287496874999998,1.6,5.7,18.0,20.3
2021,1,1,6.429239583333334,1.6,5.7,18.0,20.3
2021,1,1,6.910528645833332,1.6,5.7,18.0,20.3
2021,1,1,5.738374375000002,1.6,5.7,18.0,20.3
2021,1,1,6.273975000000003,1.6,5.7,18.0,20.3
2021,1,1,6.251253854166667,1.6,5.7,18.0,20.3
2021,1,1,6.301809791666667,1.6,5.7,18.0,20.3
2021,1,1,5.976501874999996,1.6,5.7,18.0,20.3
2021,1,1,5.9745615625,1.6,5.7,18.0,20.3
2021,1,1,5.996602604166667,1.6,5.7,18.0,20.3
2021,1,1,6.191412812499999,1.6,5.7,18.0,20.3
2021,1,1,6.161235416666667,1.6,5.7,18.0,20.3
2021,1,1,6.163686979166666,1.6,5.7,18.0,20.3
2021,1,1,6.536126041666666,1.6,5.7,18.0,20.3
2021,1,1,7.0065878125,1.6,5.7,18.0,20.3
2021,1,1,6.148857395833333,1.6,5.7,18.0,20.3
2021,1,1,5.648499895833333,1.6,5.7,18.0,20.3
2021,1,1,5.191830208333331,1.6,5.7,18.0,20.3
2021,1,1,5.593540312500001,1.6,5.7,18.0,20.3
2021,1,1,6.202902708333334,1.6,5.7,18.0,20.3
2021,1,1,6.454633541666664,1.6,5.7,18.0,20.3
2021,1,1,6.854691041666668,1.6,5.7,18.0,20.3
2021,1,1,5.699749479166665,1.6,5.7,18.0,20.3
2021,1,1,5.080728541666667,1.6,5.7,18.0,20.3
2021,1,1,5.092677083333335,1.6,5.7,18.0,20.3
2021,1,1,5.605869375000001,1.6,5.7,18.0,20.3
2021,1,1,5.985124583333334,1.6,5.7,18.0,20.3
2021,1,1,5.8544739583333305,1.6,5.7,18.0,20.3
2021,1,1,5.820356458333336,1.6,5.7,18.0,20.3
2021,1,1,5.966216458333334,1.6,5.7,18.0,20.3
2021,1,1,5.724541770833333,1.6,5.7,18.0,20.3
2021,1,1,5.932019166666666,1.6,5.7,18.0,20.3
2021,1,1,6.286053333333332,1.6,5.7,18.0,20.3
2021,1,1,6.599482291666667,1.6,5.7,18.0,20.3
2021,1,1,6.009833020833333,1.6,5.7,18.0,20.3
2021,1,1,6.191919062499999,1.6,5.7,18.0,20.3
2021,1,1,5.944053229166669,1.6,5.7,18.0,20.3
2021,1,1,6.345578020833333,1.6,5.7,18.0,20.3
2021,1,1,7.13328375,1.6,5.7,18.0,20.3
2021,1,1,8.359293541666664,1.6,5.7,18.0,20.3
2021,1,1,7.336209270833333,1.6,5.7,18.0,20.3
2021,1,1,7.544580208333336,1.6,5.7,18.0,20.3
2021,1,1,6.992402812500001,1.6,5.7,18.0,20.3
2021,1,1,6.007838645833335,1.6,5.7,18.0,20.3
2021,1,1,5.555535000000002,1.6,5.7,18.0,20.3
2021,1,1,5.866610208333334,1.6,5.7,18.0,20.3
2021,1,1,5.669848020833334,1.6,5.7,18.0,20.3
2021,1,1,6.115196041666665,1.6,5.7,18.0,20.3
2021,1,1,6.217519166666666,1.6,5.7,18.0,20.3
2021,1,1,7.654022604166667,1.6,5.7,18.0,20.3
2021,1,1,6.001445208333334,1.6,5.7,18.0,20.3
2021,1,1,5.8594986458333365,1.6,5.7,18.0,20.3
2021,1,1,5.310939479166668,1.6,5.7,18.0,20.3
2021,1,1,5.609975,1.6,5.7,18.0,20.3
2021,1,1,6.144575104166665,1.6,5.7,18.0,20.3
2021,1,1,5.966625104166666,1.6,5.7,18.0,20.3
2021,1,1,6.887443333333336,1.6,5.7,18.0,20.3
2021,1,1,6.503053645833333,1.6,5.7,18.0,20.3
2021,1,1,5.299338333333333,1.6,5.7,18.0,20.3
2021,1,1,5.758379895833333,1.6,5.7,18.0,20.3
2021,1,1,8.802793333333335,1.6,5.7,18.0,20.3
2021,1,1,6.437856458333336,1.6,5.7,18.0,20.3
2021,1,1,6.134848541666668,1.6,5.7,18.0,20.3
2021,1,1,5.997756875,1.6,5.7,18.0,20.3
2021,1,1,7.996327291666667,1.6,5.7,18.0,20.3
2021,1,1,6.004797708333332,1.6,5.7,18.0,20.3
2021,1,1,5.985817395833333,1.6,5.7,18.0,20.3
2021,1,1,7.032981874999997,1.6,5.7,18.0,20.3
2021,1,1,6.102226979166662,1.6,5.7,18.0,20.3
2021,1,1,6.074560416666665,1.6,5.7,18.0,20.3
2021,1,1,7.860921562500003,1.6,5.7,18.0,20.3
2021,1,1,6.791376145833332,1.6,5.7,18.0,20.3
2021,1,1,10.829919270833336,1.6,5.7,18.0,20.3
2021,1,1,11.241960312500003,1.6,5.7,18.0,20.3
2021,1,1,6.567115104166665,1.6,5.7,18.0,20.3
2021,1,1,8.870065625,1.6,5.7,18.0,20.3
2021,1,1,7.534863437499999,1.6,5.7,18.0,20.3
2021,1,1,7.383504895833334,1.6,5.7,18.0,20.3
2021,1,1,6.826964166666666,1.6,5.7,18.0,20.3
2021,1,1,6.533603020833332,1.6,5.7,18.0,20.3
2021,1,1,7.233153958333335,1.6,5.7,18.0,20.3
2021,1,1,6.666057708333333,1.6,5.7,18.0,20.3
2021,1,1,5.977726770833331,1.6,5.7,18.0,20.3
2021,1,1,6.121509895833334,1.6,5.7,18.0,20.3
2021,1,1,6.286998541666666,1.6,5.7,18.0,20.3
2021,1,1,6.5999325,1.6,5.7,18.0,20.3
2021,1,1,5.222023020833333,1.6,5.7,18.0,20.3
2021,1,1,5.2646705208333335,1.6,5.7,18.0,20.3
2021,1,1,6.4061271875,1.6,5.7,18.0,20.3
2021,1,1,7.628465729166667,1.6,5.7,18.0,20.3
2021,1,1,8.781991145833329,1.6,5.7,18.0,20.3
2021,1,1,9.435213541666664,1.6,5.7,18.0,20.3
2021,1,1,9.2477234375,1.6,5.7,18.0,20.3
2021,1,1,6.575581770833332,1.6,5.7,18.0,20.3
2021,1,1,6.489164687500001,1.6,5.7,18.0,20.3
2021,1,1,6.810225937499997,1.6,5.7,18.0,20.3
2021,1,1,6.790724687500002,1.6,5.7,18.0,20.3
2021,1,1,5.6900964583333336,1.6,5.7,18.0,20.3
2021,1,1,6.357734270833334,1.6,5.7,18.0,20.3
2021,1,1,5.865913229166666,1.6,5.7,18.0,20.3
2021,1,1,5.545088229166666,1.6,5.7,18.0,20.3
2021,1,1,6.6685632291666685,1.6,5.7,18.0,20.3
2021,1,1,6.440230937500002,1.6,5.7,18.0,20.3
2021,1,1,6.040082708333332,1.6,5.7,18.0,20.3
2021,1,1,6.128489270833332,1.6,5.7,18.0,20.3
2021,1,1,6.397758749999999,1.6,5.7,18.0,20.3
2021,1,1,6.356126979166667,1.6,5.7,18.0,20.3
2021,1,1,6.224415104166663,1.6,5.7,18.0,20.3
2021,1,1,6.239416145833334,1.6,5.7,18.0,20.3
2021,1,1,6.723879062499997,1.6,5.7,18.0,20.3
2021,1,1,7.022508020833335,1.6,5.7,18.0,20.3
2021,1,1,6.609145833333336,1.6,5.7,18.0,20.3
2021,1,1,5.970007604166667,1.6,5.7,18.0,20.3
2021,1,1,5.740844375000002,1.6,5.7,18.0,20.3
2021,1,1,5.599592708333336,1.6,5.7,18.0,20.3
2021,1,1,5.366812395833335,1.6,5.7,18.0,20.3
2021,1,1,6.027544895833333,1.6,5.7,18.0,20.3
2021,1,1,7.590127604166668,1.6,5.7,18.0,20.3
2021,1,1,7.717661979166667,1.6,5.7,18.0,20.3
2021,1,1,9.363973645833337,1.6,5.7,18.0,20.3
2021,1,1,8.090831041666668,1.6,5.7,18.0,20.3
2021,1,1,5.215424374999998,1.6,5.7,18.0,20.3
2021,1,1,5.177924166666665,1.6,5.7,18.0,20.3
2021,1,1,6.901112395833333,1.6,5.7,18.0,20.3
2021,1,1,7.444830208333333,1.6,5.7,18.0,20.3
2021,1,1,6.740274374999996,1.6,5.7,18.0,20.3
2021,1,1,6.178564687500001,1.6,5.7,18.0,20.3
2021,1,1,8.209723854166668,1.6,5.7,18.0,20.3
2021,1,1,8.637171354166664,1.6,5.7,18.0,20.3
2021,1,1,8.891725416666663,1.6,5.7,18.0,20.3
2021,1,1,9.37192302083333,1.6,5.7,18.0,20.3
2021,1,1,10.837781145833334,1.6,5.7,18.0,20.3
2021,1,1,8.137491562499996,1.6,5.7,18.0,20.3
2021,1,1,7.591010729166666,1.6,5.7,18.0,20.3
2021,1,1,7.239974270833334,1.6,5.7,18.0,20.3
2021,1,1,6.960662604166667,1.6,5.7,18.0,20.3
2021,1,1,6.597512083333332,1.6,5.7,18.0,20.3
2021,1,1,7.003320833333329,1.6,5.7,18.0,20.3
2021,1,1,6.948919791666666,1.6,5.7,18.0,20.3
2021,1,1,6.711941979166665,1.6,5.7,18.0,20.3
2021,1,1,7.026438854166666,1.6,5.7,18.0,20.3
2021,1,1,7.422370104166668,1.6,5.7,18.0,20.3
2021,1,1,6.771225520833333,1.6,5.7,18.0,20.3
2021,1,1,6.112776770833336,1.6,5.7,18.0,20.3
2021,1,1,6.088470937500001,1.6,5.7,18.0,20.3
2021,1,1,6.322383020833333,1.6,5.7,18.0,20.3
2021,1,1,6.849244166666669,1.6,5.7,18.0,20.3
2021,1,1,6.343493958333336,1.6,5.7,18.0,20.3
2021,1,1,7.669223541666667,1.6,5.7,18.0,20.3
2021,1,1,7.162633541666668,1.6,5.7,18.0,20.3
2021,1,1,5.387601458333332,1.6,5.7,18.0,20.3
2021,1,1,6.334317083333336,1.6,5.7,18.0,20.3
2021,1,1,6.753103645833334,1.6,5.7,18.0,20.3
2021,1,1,6.741220833333333,1.6,5.7,18.0,20.3
2021,1,1,7.051598124999999,1.6,5.7,18.0,20.3
2021,1,1,7.327307083333332,1.6,5.7,18.0,20.3
2021,1,1,6.769035625,1.6,5.7,18.0,20.3
2021,1,1,6.744573645833334,1.6,5.7,18.0,20.3
2021,1,1,7.461331770833333,1.6,5.7,18.0,20.3
2021,1,1,7.316993124999997,1.6,5.7,18.0,20.3
2021,1,1,7.424365520833327,1.6,5.7,18.0,20.3
2021,1,1,7.452293854166668,1.6,5.7,18.0,20.3
2021,1,1,6.834981145833332,1.6,5.7,18.0,20.3
2021,1,1,6.6207640625,1.6,5.7,18.0,20.3
2021,1,1,6.401911249999999,1.6,5.7,18.0,20.3
2021,1,1,7.139416041666667,1.6,5.7,18.0,20.3
2021,1,1,6.614689062500001,1.6,5.7,18.0,20.3
2021,1,1,6.289439270833332,1.6,5.7,18.0,20.3
2021,1,1,5.518876041666665,1.6,5.7,18.0,20.3
2021,1,1,5.376738958333334,1.6,5.7,18.0,20.3
2021,1,1,6.740270833333333,1.6,5.7,18.0,20.3
2021,1,1,7.213820937499999,1.6,5.7,18.0,20.3
2021,1,1,7.215228229166669,1.6,5.7,18.0,20.3
2021,1,1,7.030005520833332,1.6,5.7,18.0,20.3
2021,1,1,7.017457604166662,1.6,5.7,18.0,20.3
2021,1,1,7.2333915625,1.6,5.7,18.0,20.3
2021,1,1,7.043149583333334,1.6,5.7,18.0,20.3
2021,1,1,6.271556041666668,1.6,5.7,18.0,20.3
2021,1,1,7.355374791666666,1.6,5.7,18.0,20.3
2021,1,1,7.27903395833333,1.6,5.7,18.0,20.3
2021,1,1,8.418442291666667,1.6,5.7,18.0,20.3
2021,1,1,7.667910520833334,1.6,5.7,18.0,20.3
2021,1,1,7.387231979166664,1.6,5.7,18.0,20.3
2021,1,1,7.585026041666667,1.6,5.7,18.0,20.3
2021,1,1,7.583218229166667,1.6,5.7,18.0,20.3
2021,1,1,8.017149791666663,1.6,5.7,18.0,20.3
2021,1,1,7.22023427083333,1.6,5.7,18.0,20.3
2021,1,1,6.819676979166668,1.6,5.7,18.0,20.3
2021,1,1,6.128839999999999,1.6,5.7,18.0,20.3
2021,1,1,5.789161458333332,1.6,5.7,18.0,20.3
2021,1,1,5.572085208333334,1.6,5.7,18.0,20.3
2021,1,1,6.428370833333335,1.6,5.7,18.0,20.3
2021,1,1,7.032222187499997,1.6,5.7,18.0,20.3
2021,1,1,6.920751770833335,1.6,5.7,18.0,20.3
2021,1,1,6.783214479166667,1.6,5.7,18.0,20.3
2021,1,1,5.495895,1.6,5.7,18.0,20.3
2021,1,1,5.693597083333331,1.6,5.7,18.0,20.3
2021,1,1,5.421913749999999,1.6,5.7,18.0,20.3
2021,1,1,5.637459791666665,1.6,5.7,18.0,20.3
2021,1,1,6.8434568749999976,1.6,5.7,18.0,20.3
2021,1,1,7.076381875000003,1.6,5.7,18.0,20.3
2021,1,1,7.0402238541666655,1.6,5.7,18.0,20.3
2021,1,1,6.811095104166667,1.6,5.7,18.0,20.3
2021,1,1,5.6608625,1.6,5.7,18.0,20.3
2021,1,1,5.353414583333333,1.6,5.7,18.0,20.3
2021,1,1,6.329413020833333,1.6,5.7,18.0,20.3
2021,1,1,6.915735625000003,1.6,5.7,18.0,20.3
2021,1,1,6.638828229166669,1.6,5.7,18.0,20.3
2021,1,1,6.253620312500001,1.6,5.7,18.0,20.3
2021,1,1,6.715465208333328,1.6,5.7,18.0,20.3
2021,1,1,7.189374895833335,1.6,5.7,18.0,20.3
2021,1,1,5.993831041666667,1.6,5.7,18.0,20.3
2021,1,1,6.626255833333335,1.6,5.7,18.0,20.3
2021,1,1,6.603985625000001,1.6,5.7,18.0,20.3
2021,1,1,7.007087604166666,1.6,5.7,18.0,20.3
2021,1,1,7.036852083333336,1.6,5.7,18.0,20.3
2021,1,1,6.238185729166666,1.6,5.7,18.0,20.3
2021,1,1,5.965118124999997,1.6,5.7,18.0,20.3
2021,1,1,6.517128229166667,1.6,5.7,18.0,20.3
2021,1,1,6.864097708333332,1.6,5.7,18.0,20.3
2021,1,1,6.700942812499999,1.6,5.7,18.0,20.3
2021,1,1,6.626829479166669,1.6,5.7,18.0,20.3
2021,1,1,6.5270960416666695,1.6,5.7,18.0,20.3
2022,1,1,5.840101527008333,0.0,21.3,14.8,27.7
2022,1,1,5.8202256464187485,0.0,21.3,14.8,27.7
2022,1,1,6.151033469357292,0.0,21.3,14.8,27.7
2022,1,1,7.405366881773959,0.0,21.3,14.8,27.7
2022,1,1,7.529594298305208,0.0,21.3,14.8,27.7
2022,1,1,7.364125085967706,0.0,21.3,14.8,27.7
2022,1,1,7.055810086728123,0.0,21.3,14.8,27.7
2022,1,1,6.000811170417706,0.0,21.3,14.8,27.7
2022,1,1,6.526410969195834,0.0,21.3,14.8,27.7
2022,1,1,6.1610339947718735,0.0,21.3,14.8,27.7
2022,1,1,6.910724777469795,0.0,21.3,14.8,27.7
2022,1,1,6.958444585116669,0.0,21.3,14.8,27.7
2022,1,1,6.832712557437502,0.0,21.3,14.8,27.7
2022,1,1,6.918219216262499,0.0,21.3,14.8,27.7
2022,1,1,7.084579694704168,0.0,21.3,14.8,27.7
2022,1,1,6.948711223720835,0.0,21.3,14.8,27.7
2022,1,1,7.80251276430729,0.0,21.3,14.8,27.7
2022,1,1,7.820685981171876,0.0,21.3,14.8,27.7
2022,1,1,7.986324402310416,0.0,21.3,14.8,27.7
2022,1,1,7.985801085840625,0.0,21.3,14.8,27.7
2022,1,1,9.061443254894792,0.0,21.3,14.8,27.7
2022,1,1,7.131200594006252,0.0,21.3,14.8,27.7
2022,1,1,7.069630706176043,0.0,21.3,14.8,27.7
2022,1,1,7.448487275523959,0.0,21.3,14.8,27.7
2022,1,1,7.61181729210625,0.0,21.3,14.8,27.7
2022,1,1,7.432143000716665,0.0,21.3,14.8,27.7
2022,1,1,8.166908270519789,0.0,21.3,14.8,27.7
2022,1,1,8.984825445342711,0.0,21.3,14.8,27.7
2022,1,1,8.157364841145831,0.0,21.3,14.8,27.7
2022,1,1,7.757860855578124,0.0,21.3,14.8,27.7
2022,1,1,8.077829090078124,0.0,21.3,14.8,27.7
2022,1,1,9.473897378510417,0.0,21.3,14.8,27.7
2022,1,1,8.923463377278127,0.0,21.3,14.8,27.7
2022,1,1,10.023277569527089,0.0,21.3,14.8,27.7
2022,1,1,8.25277172069271,0.0,21.3,14.8,27.7
2022,1,1,7.633203039361457,0.0,21.3,14.8,27.7
2022,1,1,7.94853891301979,0.0,21.3,14.8,27.7
2022,1,1,8.670231856361461,0.0,21.3,14.8,27.7
2022,1,1,9.893900242381244,0.0,21.3,14.8,27.7
2022,1,1,10.058886623189585,0.0,21.3,14.8,27.7
2022,1,1,12.242465703703129,0.0,21.3,14.8,27.7
2022,1,1,10.39777642039896,0.0,21.3,14.8,27.7
2022,1,1,8.344773399667707,0.0,21.3,14.8,27.7
2022,1,1,7.74633143401875,0.0,21.3,14.8,27.7
2022,1,1,8.183648118954165,0.0,21.3,14.8,27.7
2022,1,1,8.748373651232292,0.0,21.3,14.8,27.7
2022,1,1,9.124819264208332,0.0,21.3,14.8,27.7
2022,1,1,9.065356718641668,0.0,21.3,14.8,27.7
2022,1,1,8.666430661882291,0.0,21.3,14.8,27.7
2022,1,1,8.940614330871872,0.0,21.3,14.8,27.7
2022,1,1,9.450193954498957,0.0,21.3,14.8,27.7
2022,1,1,8.65093747294583,0.0,21.3,14.8,27.7
2022,1,1,9.466410553180207,0.0,21.3,14.8,27.7
2022,1,1,8.83462689970313,0.0,21.3,14.8,27.7
2022,1,1,8.8011057399875,0.0,21.3,14.8,27.7
2022,1,1,7.46776949912396,0.0,21.3,14.8,27.7
2022,1,1,7.737111690086454,0.0,21.3,14.8,27.7
2022,1,1,7.9921391001979165,0.0,21.3,14.8,27.7
2022,1,1,9.552529426202083,0.0,21.3,14.8,27.7
2022,1,1,8.678413246571877,0.0,21.3,14.8,27.7
2022,1,1,8.903519008938543,0.0,21.3,14.8,27.7
2022,1,1,9.522976966691663,0.0,21.3,14.8,27.7
2022,1,1,7.877718996699998,0.0,21.3,14.8,27.7
2022,1,1,7.82984729113646,0.0,21.3,14.8,27.7
2022,1,1,8.43087559326771,0.0,21.3,14.8,27.7
2022,1,1,9.682774780735416,0.0,21.3,14.8,27.7
2022,1,1,10.359952505612505,0.0,21.3,14.8,27.7
2022,1,1,10.032499694062505,0.0,21.3,14.8,27.7
2022,1,1,9.9405031568375,0.0,21.3,14.8,27.7
2022,1,1,11.109863300643749,0.0,21.3,14.8,27.7
2022,1,1,9.873920512454166,0.0,21.3,14.8,27.7
2022,1,1,7.921967405807291,0.0,21.3,14.8,27.7
2022,1,1,8.884450030237497,0.0,21.3,14.8,27.7
2022,1,1,9.36304203660417,0.0,21.3,14.8,27.7
2022,1,1,11.360601356272916,0.0,21.3,14.8,27.7
2022,1,1,8.660446293670834,0.0,21.3,14.8,27.7
2022,1,1,8.660718069876042,0.0,21.3,14.8,27.7
2022,1,1,8.557356765984379,0.0,21.3,14.8,27.7
2022,1,1,7.585275386921878,0.0,21.3,14.8,27.7
2022,1,1,9.66490660118125,0.0,21.3,14.8,27.7
2022,1,1,10.413013710335418,0.0,21.3,14.8,27.7
2022,1,1,10.394790246521875,0.0,21.3,14.8,27.7
2022,1,1,10.24469797179479,0.0,21.3,14.8,27.7
2022,1,1,9.553900014780206,0.0,21.3,14.8,27.7
2022,1,1,8.017111146991665,0.0,21.3,14.8,27.7
2022,1,1,8.214046973303125,0.0,21.3,14.8,27.7
2022,1,1,8.285264479411458,0.0,21.3,14.8,27.7
2022,1,1,8.316048968629168,0.0,21.3,14.8,27.7
2022,1,1,7.93343136738125,0.0,21.3,14.8,27.7
2022,1,1,8.511074771448957,0.0,21.3,14.8,27.7
2022,1,1,9.601766258684371,0.0,21.3,14.8,27.7
2022,1,1,8.151360788908333,0.0,21.3,14.8,27.7
2022,1,1,6.485594046026044,0.0,21.3,14.8,27.7
2022,1,1,7.855077988405207,0.0,21.3,14.8,27.7
2022,1,1,7.711567331081253,0.0,21.3,14.8,27.7
2022,1,1,8.847334416976038,0.0,21.3,14.8,27.7
2022,1,1,8.347449478939582,0.0,21.3,14.8,27.7
2022,1,1,8.470445387611461,0.0,21.3,14.8,27.7
2022,1,1,8.09328361503229,0.0,21.3,14.8,27.7
2022,1,1,9.07558482758542,0.0,21.3,14.8,27.7
2022,1,1,8.172464110031251,0.0,21.3,14.8,27.7
2022,1,1,7.875214236617709,0.0,21.3,14.8,27.7
2022,1,1,7.526747823784369,0.0,21.3,14.8,27.7
2022,1,1,7.984146549608333,0.0,21.3,14.8,27.7
2022,1,1,8.454050406676043,0.0,21.3,14.8,27.7
2022,1,1,8.238653071060417,0.0,21.3,14.8,27.7
2022,1,1,7.703689893797917,0.0,21.3,14.8,27.7
2022,1,1,7.577088520833331,0.0,21.3,14.8,27.7
2022,1,1,8.081707938494793,0.0,21.3,14.8,27.7
2022,1,1,8.522167071236455,0.0,21.3,14.8,27.7
2022,1,1,7.959665850782291,0.0,21.3,14.8,27.7
2022,1,1,7.309742292327084,0.0,21.3,14.8,27.7
2022,1,1,8.359298478095836,0.0,21.3,14.8,27.7
2022,1,1,6.646270090583336,0.0,21.3,14.8,27.7
2022,1,1,7.060186760146873,0.0,21.3,14.8,27.7
2022,1,1,10.677910173657295,0.0,21.3,14.8,27.7
2022,1,1,9.53755830843438,0.0,21.3,14.8,27.7
2022,1,1,8.239585531781247,0.0,21.3,14.8,27.7
2022,1,1,9.24143055935729,0.0,21.3,14.8,27.7
2022,1,1,8.817972951813543,0.0,21.3,14.8,27.7
2022,1,1,8.079127544895831,0.0,21.3,14.8,27.7
2022,1,1,7.959362102211458,0.0,21.3,14.8,27.7
2022,1,1,7.29086845768229,0.0,21.3,14.8,27.7
2022,1,1,6.2546294557312505,0.0,21.3,14.8,27.7
2022,1,1,6.023577482709373,0.0,21.3,14.8,27.7
2022,1,1,5.676529179175001,0.0,21.3,14.8,27.7
2022,1,1,5.970089477870833,0.0,21.3,14.8,27.7
2022,1,1,6.15477668505,0.0,21.3,14.8,27.7
2022,1,1,6.393119731758332,0.0,21.3,14.8,27.7
2022,1,1,6.198408109160415,0.0,21.3,14.8,27.7
2022,1,1,6.243141520860416,0.0,21.3,14.8,27.7
2022,1,1,5.870998422254167,0.0,21.3,14.8,27.7
2022,1,1,5.690337303283336,0.0,21.3,14.8,27.7
2022,1,1,5.48105973336979,0.0,21.3,14.8,27.7
2022,1,1,5.401758341672917,0.0,21.3,14.8,27.7
2022,1,1,6.5354514315635415,0.0,21.3,14.8,27.7
2022,1,1,7.795597081491665,0.0,21.3,14.8,27.7
2022,1,1,6.894216094231251,0.0,21.3,14.8,27.7
2022,1,1,7.327768956651039,0.0,21.3,14.8,27.7
2022,1,1,6.321016606756249,0.0,21.3,14.8,27.7
2022,1,1,6.2855182623104175,0.0,21.3,14.8,27.7
2022,1,1,5.319039652928125,0.0,21.3,14.8,27.7
2022,1,1,5.4520975629989605,0.0,21.3,14.8,27.7
2022,1,1,7.0097678843354165,0.0,21.3,14.8,27.7
2022,1,1,6.081573576853125,0.0,21.3,14.8,27.7
2022,1,1,5.577381185043751,0.0,21.3,14.8,27.7
2022,1,1,5.304349349540623,0.0,21.3,14.8,27.7
2022,1,1,5.504273355206251,0.0,21.3,14.8,27.7
2022,1,1,6.559823770376041,0.0,21.3,14.8,27.7
2022,1,1,6.184095891316666,0.0,21.3,14.8,27.7
2022,1,1,5.562529591664581,0.0,21.3,14.8,27.7
2022,1,1,6.2820467235,0.0,21.3,14.8,27.7
2022,1,1,5.630430431480208,0.0,21.3,14.8,27.7
2022,1,1,5.723038066784377,0.0,21.3,14.8,27.7
2022,1,1,5.688408251303127,0.0,21.3,14.8,27.7
2022,1,1,5.081129935434375,0.0,21.3,14.8,27.7
2022,1,1,4.94832581604896,0.0,21.3,14.8,27.7
2022,1,1,5.166625568403128,0.0,21.3,14.8,27.7
2022,1,1,6.050616745828125,0.0,21.3,14.8,27.7
2022,1,1,5.404022344689584,0.0,21.3,14.8,27.7
2022,1,1,5.126958077718752,0.0,21.3,14.8,27.7
2022,1,1,5.762792376538542,0.0,21.3,14.8,27.7
2022,1,1,7.467634439713539,0.0,21.3,14.8,27.7
2022,1,1,7.905468283393749,0.0,21.3,14.8,27.7
2022,1,1,7.2522174061375,0.0,21.3,14.8,27.7
2022,1,1,6.106207212002084,0.0,21.3,14.8,27.7
2022,1,1,5.852601417256252,0.0,21.3,14.8,27.7
2022,1,1,5.338824960365627,0.0,21.3,14.8,27.7
2022,1,1,4.933919133001042,0.0,21.3,14.8,27.7
2022,1,1,5.1805778031416665,0.0,21.3,14.8,27.7
2022,1,1,5.617298767989581,0.0,21.3,14.8,27.7
2022,1,1,5.606853898910416,0.0,21.3,14.8,27.7
2022,1,1,5.59189506719479,0.0,21.3,14.8,27.7
2022,1,1,5.2289023447739575,0.0,21.3,14.8,27.7
2022,1,1,5.190836487915625,0.0,21.3,14.8,27.7
2022,1,1,5.547873569370835,0.0,21.3,14.8,27.7
2022,1,1,5.113509017251042,0.0,21.3,14.8,27.7
2022,1,1,5.092975185452081,0.0,21.3,14.8,27.7
2022,1,1,5.340866969741666,0.0,21.3,14.8,27.7
2022,1,1,6.3214091211374965,0.0,21.3,14.8,27.7
2022,1,1,6.613022250434375,0.0,21.3,14.8,27.7
2022,1,1,5.926476597136456,0.0,21.3,14.8,27.7
2022,1,1,5.137305098584373,0.0,21.3,14.8,27.7
2022,1,1,5.577883299185417,0.0,21.3,14.8,27.7
2022,1,1,5.372150130968752,0.0,21.3,14.8,27.7
2022,1,1,5.222174989764583,0.0,21.3,14.8,27.7
2022,1,1,6.360415725436458,0.0,21.3,14.8,27.7
2022,1,1,6.11332921062396,0.0,21.3,14.8,27.7
2022,1,1,5.299861358312499,0.0,21.3,14.8,27.7
2022,1,1,5.923170144694791,0.0,21.3,14.8,27.7
2022,1,1,5.7175040751697885,0.0,21.3,14.8,27.7
2022,1,1,5.612187199126043,0.0,21.3,14.8,27.7
2022,1,1,6.8144539411687495,0.0,21.3,14.8,27.7
2022,1,1,6.951303498891665,0.0,21.3,14.8,27.7
2022,1,1,6.107326742111462,0.0,21.3,14.8,27.7
2022,1,1,5.591390623311455,0.0,21.3,14.8,27.7
2022,1,1,5.050795470013544,0.0,21.3,14.8,27.7
2022,1,1,4.982663967346874,0.0,21.3,14.8,27.7
2022,1,1,5.326780431327085,0.0,21.3,14.8,27.7
2022,1,1,5.447591137432291,0.0,21.3,14.8,27.7
2022,1,1,5.492198018935416,0.0,21.3,14.8,27.7
2022,1,1,6.541182767603124,0.0,21.3,14.8,27.7
2022,1,1,6.38861140728125,0.0,21.3,14.8,27.7
2022,1,1,7.047968025936458,0.0,21.3,14.8,27.7
2022,1,1,6.456744613282293,0.0,21.3,14.8,27.7
2022,1,1,6.363757152963543,0.0,21.3,14.8,27.7
2022,1,1,6.408995212164583,0.0,21.3,14.8,27.7
2022,1,1,7.097301261750001,0.0,21.3,14.8,27.7
2022,1,1,7.255359511159374,0.0,21.3,14.8,27.7
2022,1,1,7.123224449352084,0.0,21.3,14.8,27.7
2022,1,1,6.50124127525,0.0,21.3,14.8,27.7
2022,1,1,6.103669193950002,0.0,21.3,14.8,27.7
2022,1,1,6.935245176312503,0.0,21.3,14.8,27.7
2022,1,1,6.203260100714583,0.0,21.3,14.8,27.7
2022,1,1,5.843230210884375,0.0,21.3,14.8,27.7
2022,1,1,6.491570791503125,0.0,21.3,14.8,27.7
2022,1,1,6.587271241547917,0.0,21.3,14.8,27.7
2022,1,1,6.209902774853124,0.0,21.3,14.8,27.7
2022,1,1,6.062030856396876,0.0,21.3,14.8,27.7
2022,1,1,6.461185915753124,0.0,21.3,14.8,27.7
2022,1,1,6.61776412858854,0.0,21.3,14.8,27.7
2022,1,1,5.639542066393751,0.0,21.3,14.8,27.7
2022,1,1,5.539823044508332,0.0,21.3,14.8,27.7
2022,1,1,5.972119320229168,0.0,21.3,14.8,27.7
2022,1,1,5.090703290778126,0.0,21.3,14.8,27.7
2022,1,1,5.131985407586458,0.0,21.3,14.8,27.7
2022,1,1,5.258924911590622,0.0,21.3,14.8,27.7
2022,1,1,6.143950572202082,0.0,21.3,14.8,27.7
2022,1,1,6.615189702678124,0.0,21.3,14.8,27.7
2022,1,1,5.961622633332289,0.0,21.3,14.8,27.7
2022,1,1,8.311879503893751,0.0,21.3,14.8,27.7
2022,1,1,8.973079917638545,0.0,21.3,14.8,27.7
2022,1,1,7.779050019096874,0.0,21.3,14.8,27.7
2022,1,1,8.162714632245835,0.0,21.3,14.8,27.7
2022,1,1,6.8591770364260425,0.0,21.3,14.8,27.7
2022,1,1,6.791253822967707,0.0,21.3,14.8,27.7
2022,1,1,6.475814285336462,0.0,21.3,14.8,27.7
2022,1,1,6.354809332230207,0.0,21.3,14.8,27.7
2022,1,1,5.748747400879164,0.0,21.3,14.8,27.7
2022,1,1,5.254057644015625,0.0,21.3,14.8,27.7
2022,1,1,4.704462988379167,0.0,21.3,14.8,27.7
2022,1,1,4.494891741007293,0.0,21.3,14.8,27.7
2022,1,1,4.674288210741666,0.0,21.3,14.8,27.7
2022,1,1,5.0082815533645855,0.0,21.3,14.8,27.7
2022,1,1,5.32346361100625,0.0,21.3,14.8,27.7
2022,1,1,5.59800365226875,0.0,21.3,14.8,27.7
2022,1,1,5.38595250933646,0.0,21.3,14.8,27.7
2022,1,1,5.709042085178126,0.0,21.3,14.8,27.7
2022,1,1,6.336962957581249,0.0,21.3,14.8,27.7
2022,1,1,6.299592278306249,0.0,21.3,14.8,27.7
2022,1,1,6.551914495583333,0.0,21.3,14.8,27.7
2022,1,1,6.86834342727708,0.0,21.3,14.8,27.7
2022,1,1,6.343159104958333,0.0,21.3,14.8,27.7
2022,1,1,7.169839834620828,0.0,21.3,14.8,27.7
2022,1,1,7.083976827541669,0.0,21.3,14.8,27.7
2022,1,1,6.783142826522916,0.0,21.3,14.8,27.7
2022,1,1,6.739773891743749,0.0,21.3,14.8,27.7
2022,1,1,7.432437578971875,0.0,21.3,14.8,27.7
2022,1,1,7.753218990215623,0.0,21.3,14.8,27.7
2022,1,1,6.814693425012503,0.0,21.3,14.8,27.7
2022,1,1,7.8777448996885395,0.0,21.3,14.8,27.7
2022,1,1,7.273931229290626,0.0,21.3,14.8,27.7
2022,1,1,6.811416090434373,0.0,21.3,14.8,27.7
2022,1,1,5.993972899660417,0.0,21.3,14.8,27.7
2022,1,1,5.532212445510417,0.0,21.3,14.8,27.7
2022,1,1,5.423575260381252,0.0,21.3,14.8,27.7
2022,1,1,5.421692504432293,0.0,21.3,14.8,27.7
2022,1,1,6.037255094992708,0.0,21.3,14.8,27.7
2022,1,1,6.338546832360415,0.0,21.3,14.8,27.7
2022,1,1,5.717547887679168,0.0,21.3,14.8,27.7
2022,1,1,6.202772338557289,0.0,21.3,14.8,27.7
2022,1,1,6.95791731024896,0.0,21.3,14.8,27.7
2022,1,1,7.019778352993748,0.0,21.3,14.8,27.7
2022,1,1,6.630470191976042,0.0,21.3,14.8,27.7
2022,1,1,7.530455528881247,0.0,21.3,14.8,27.7
2022,1,1,9.352128433957288,0.0,21.3,14.8,27.7
2022,1,1,7.590111001859376,0.0,21.3,14.8,27.7
2022,1,1,6.354888773523957,0.0,21.3,14.8,27.7
2022,1,1,5.99386584256771,0.0,21.3,14.8,27.7
2022,1,1,5.489790956286458,0.0,21.3,14.8,27.7
2022,1,1,5.715367198707291,0.0,21.3,14.8,27.7
2022,1,1,5.9424363176541695,0.0,21.3,14.8,27.7
2022,1,1,5.687383180353124,0.0,21.3,14.8,27.7
2022,1,1,6.307584263493752,0.0,21.3,14.8,27.7
2022,1,1,7.2685895055875,0.0,21.3,14.8,27.7
2022,1,1,6.532586116228129,0.0,21.3,14.8,27.7
2022,1,1,5.787516142042708,0.0,21.3,14.8,27.7
2022,1,1,5.720607877403125,0.0,21.3,14.8,27.7
2022,1,1,5.816688660801044,0.0,21.3,14.8,27.7
2022,1,1,6.172643170317709,0.0,21.3,14.8,27.7
2022,1,1,6.422643150399998,0.0,21.3,14.8,27.7
2022,1,1,7.723393045340625,0.0,21.3,14.8,27.7
2022,1,1,7.200080738580206,0.0,21.3,14.8,27.7
2022,1,1,6.132567851159375,0.0,21.3,14.8,27.7
2022,1,1,6.422165346985419,0.0,21.3,14.8,27.7
2022,1,1,7.737162032440628,0.0,21.3,14.8,27.7
2022,1,1,7.1549566319635405,0.0,21.3,14.8,27.7
2022,1,1,6.8538812072020825,0.0,21.3,14.8,27.7
2022,1,1,7.282473837770834,0.0,21.3,14.8,27.7
2022,1,1,6.865459645392709,0.0,21.3,14.8,27.7
2022,1,1,6.400857384746876,0.0,21.3,14.8,27.7
2022,1,1,5.981923394487501,0.0,21.3,14.8,27.7
2022,1,1,6.572864084256252,0.0,21.3,14.8,27.7
2022,1,1,7.291863476270834,0.0,21.3,14.8,27.7
2022,1,1,7.113486527865625,0.0,21.3,14.8,27.7
2022,1,1,7.031936669431249,0.0,21.3,14.8,27.7
2022,1,1,6.869875899279168,0.0,21.3,14.8,27.7
2022,1,1,7.685930361622919,0.0,21.3,14.8,27.7
2022,1,1,7.342242852644791,0.0,21.3,14.8,27.7
2022,1,1,6.61616168798021,0.0,21.3,14.8,27.7
2022,1,1,5.829906792037502,0.0,21.3,14.8,27.7
2022,1,1,5.721933960077082,0.0,21.3,14.8,27.7
2022,1,1,5.6828164178510425,0.0,21.3,14.8,27.7
2022,1,1,5.61823499031146,0.0,21.3,14.8,27.7
2022,1,1,5.492109859628123,0.0,21.3,14.8,27.7
2022,1,1,5.604896390372919,0.0,21.3,14.8,27.7
2022,1,1,5.898287894046876,0.0,21.3,14.8,27.7
2022,1,1,6.174843608014583,0.0,21.3,14.8,27.7
2022,1,1,6.284645516829168,0.0,21.3,14.8,27.7
2022,1,1,6.300833104472914,0.0,21.3,14.8,27.7
2022,1,1,5.409129612503126,0.0,21.3,14.8,27.7
2022,1,1,5.995549524612499,0.0,21.3,14.8,27.7
2022,1,1,5.912222955274999,0.0,21.3,14.8,27.7
2022,1,1,6.569528386616667,0.0,21.3,14.8,27.7
2022,1,1,6.957569946402084,0.0,21.3,14.8,27.7
2022,1,1,6.138703742648958,0.0,21.3,14.8,27.7
2022,1,1,5.575420376708333,0.0,21.3,14.8,27.7
2022,1,1,5.830201220825,0.0,21.3,14.8,27.7
2022,1,1,6.262714168893749,0.0,21.3,14.8,27.7
2022,1,1,7.243769084429167,0.0,21.3,14.8,27.7
2022,1,1,6.77982309317813,0.0,21.3,14.8,27.7
2022,1,1,6.799366304477082,0.0,21.3,14.8,27.7
2022,1,1,5.443007486535417,0.0,21.3,14.8,27.7
2022,1,1,5.71966400561875,0.0,21.3,14.8,27.7
2022,1,1,6.064719759380208,0.0,21.3,14.8,27.7
2022,1,1,7.089809837998959,0.0,21.3,14.8,27.7
2022,1,1,6.515536290265623,0.0,21.3,14.8,27.7
2022,1,1,6.242225407385419,0.0,21.3,14.8,27.7
2022,1,1,5.037104152183331,0.0,21.3,14.8,27.7
2022,1,1,5.94555897970104,0.0,21.3,14.8,27.7
2022,1,1,6.254912690557293,0.0,21.3,14.8,27.7
2022,1,1,6.765546151328127,0.0,21.3,14.8,27.7
2022,1,1,6.159709483346874,0.0,21.3,14.8,27.7
2022,1,1,5.1768615865,0.0,21.3,14.8,27.7
2022,1,1,4.905705884786458,0.0,21.3,14.8,27.7
2022,1,1,4.771677254501042,0.0,21.3,14.8,27.7
2022,1,1,5.305042638775001,0.0,21.3,14.8,27.7
2022,1,1,5.908026204784375,0.0,21.3,14.8,27.7
2022,1,1,5.755197405597918,0.0,21.3,14.8,27.7
2022,1,1,5.723404512098958,0.0,21.3,14.8,27.7
2022,1,1,6.933312874608332,0.0,21.3,14.8,27.7
2022,1,1,5.738206828620833,0.0,21.3,14.8,27.7
2022,1,1,5.558884159161458,0.0,21.3,14.8,27.7
2022,1,1,5.877349909871874,0.0,21.3,14.8,27.7
2022,1,1,6.597286868596874,0.0,21.3,14.8,27.7
2022,1,1,7.029927271616665,0.0,21.3,14.8,27.7
2022,1,1,6.569292488128126,0.0,21.3,14.8,27.7
2022,1,1,6.332717121880208,0.0,21.3,14.8,27.7
2022,1,1,6.991638996803128,0.0,21.3,14.8,27.7
2019,1,1,7.512615937500001,6.4,31.0,20.6,32.5
2019,1,1,7.630151354166667,6.4,31.0,20.6,32.5
2019,1,1,7.578042499999999,6.4,31.0,20.6,32.5
2019,1,1,7.619214583333336,6.4,31.0,20.6,32.5
2019,1,1,7.336188958333331,6.4,31.0,20.6,32.5
2019,1,1,6.699381041666666,6.4,31.0,20.6,32.5
2019,1,1,7.110198437500002,6.4,31.0,20.6,32.5
2019,1,1,7.890552083333334,6.4,31.0,20.6,32.5
2019,1,1,7.8535219791666675,6.4,31.0,20.6,32.5
2019,1,1,7.802108750000001,6.4,31.0,20.6,32.5
2019,1,1,8.917328854166671,6.4,31.0,20.6,32.5
2019,1,1,8.640951770833336,6.4,31.0,20.6,32.5
2019,1,1,7.646189999999998,6.4,31.0,20.6,32.5
2019,1,1,7.881508645833333,6.4,31.0,20.6,32.5
2019,1,1,8.441258124999997,6.4,31.0,20.6,32.5
2019,1,1,8.747013541666668,6.4,31.0,20.6,32.5
2019,1,1,8.778512812499999,6.4,31.0,20.6,32.5
2019,1,1,8.794755104166667,6.4,31.0,20.6,32.5
2019,1,1,8.496254791666665,6.4,31.0,20.6,32.5
2019,1,1,7.724985104166667,6.4,31.0,20.6,32.5
2019,1,1,8.321986875000002,6.4,31.0,20.6,32.5
2019,1,1,8.75829895833333,6.4,31.0,20.6,32.5
2019,1,1,8.641442395833332,6.4,31.0,20.6,32.5
2019,1,1,8.589125937499995,6.4,31.0,20.6,32.5
2019,1,1,8.567965000000001,6.4,31.0,20.6,32.5
2019,1,1,8.3466234375,6.4,31.0,20.6,32.5
2019,1,1,7.543694062499998,6.4,31.0,20.6,32.5
2019,1,1,8.277420416666663,6.4,31.0,20.6,32.5
2019,1,1,8.568084791666665,6.4,31.0,20.6,32.5
2019,1,1,8.718640416666664,6.4,31.0,20.6,32.5
2019,1,1,9.784914583333338,6.4,31.0,20.6,32.5
2019,1,1,10.232972708333328,6.4,31.0,20.6,32.5
2019,1,1,9.714846354166664,6.4,31.0,20.6,32.5
2019,1,1,8.29062916666667,6.4,31.0,20.6,32.5
2019,1,1,9.208665729166666,6.4,31.0,20.6,32.5
2019,1,1,10.180919375,6.4,31.0,20.6,32.5
2019,1,1,10.50975916666667,6.4,31.0,20.6,32.5
2019,1,1,9.481209270833334,6.4,31.0,20.6,32.5
2019,1,1,10.268529479166666,6.4,31.0,20.6,32.5
2019,1,1,9.904649999999998,6.4,31.0,20.6,32.5
2019,1,1,9.744648124999998,6.4,31.0,20.6,32.5
2019,1,1,9.278754687499996,6.4,31.0,20.6,32.5
2019,1,1,10.578014583333331,6.4,31.0,20.6,32.5
2019,1,1,10.689013333333335,6.4,31.0,20.6,32.5
2019,1,1,10.275220208333332,6.4,31.0,20.6,32.5
2019,1,1,9.850807708333337,6.4,31.0,20.6,32.5
2019,1,1,9.334718645833334,6.4,31.0,20.6,32.5
2019,1,1,9.705488645833332,6.4,31.0,20.6,32.5
2019,1,1,11.898937708333335,6.4,31.0,20.6,32.5
2019,1,1,13.0565565625,6.4,31.0,20.6,32.5
2019,1,1,10.8909321875,6.4,31.0,20.6,32.5
2019,1,1,11.168018125,6.4,31.0,20.6,32.5
2019,1,1,10.736723541666668,6.4,31.0,20.6,32.5
2019,1,1,10.077205,6.4,31.0,20.6,32.5
2019,1,1,9.636082187499996,6.4,31.0,20.6,32.5
2019,1,1,10.772909791666663,6.4,31.0,20.6,32.5
2019,1,1,11.267799062499993,6.4,31.0,20.6,32.5
2019,1,1,10.835509166666666,6.4,31.0,20.6,32.5
2019,1,1,10.307129687499996,6.4,31.0,20.6,32.5
2019,1,1,11.105795104166662,6.4,31.0,20.6,32.5
2019,1,1,9.748175624999996,6.4,31.0,20.6,32.5
2019,1,1,10.12968197916667,6.4,31.0,20.6,32.5
2019,1,1,10.363668229166668,6.4,31.0,20.6,32.5
2019,1,1,10.388288229166667,6.4,31.0,20.6,32.5
2019,1,1,10.058904895833331,6.4,31.0,20.6,32.5
2019,1,1,9.090224999999997,6.4,31.0,20.6,32.5
2019,1,1,8.505686041666666,6.4,31.0,20.6,32.5
2019,1,1,9.166272395833335,6.4,31.0,20.6,32.5
2019,1,1,8.952685520833333,6.4,31.0,20.6,32.5
2019,1,1,9.403303020833333,6.4,31.0,20.6,32.5
2019,1,1,10.388084895833332,6.4,31.0,20.6,32.5
2019,1,1,10.31445,6.4,31.0,20.6,32.5
2019,1,1,10.334801979166665,6.4,31.0,20.6,32.5
2019,1,1,10.703966041666668,6.4,31.0,20.6,32.5
2019,1,1,10.153517395833337,6.4,31.0,20.6,32.5
2019,1,1,10.135620625,6.4,31.0,20.6,32.5
2019,1,1,10.908154375,6.4,31.0,20.6,32.5
2019,1,1,10.13498666666666,6.4,31.0,20.6,32.5
2019,1,1,9.216818125,6.4,31.0,20.6,32.5
2019,1,1,9.5073184375,6.4,31.0,20.6,32.5
2019,1,1,9.848992395833337,6.4,31.0,20.6,32.5
2019,1,1,9.922709583333337,6.4,31.0,20.6,32.5
2019,1,1,9.877631249999997,6.4,31.0,20.6,32.5
2019,1,1,10.234628645833338,6.4,31.0,20.6,32.5
2019,1,1,8.999449375000003,6.4,31.0,20.6,32.5
2019,1,1,9.080983125,6.4,31.0,20.6,32.5
2019,1,1,9.374448020833334,6.4,31.0,20.6,32.5
2019,1,1,9.85270260416667,6.4,31.0,20.6,32.5
2019,1,1,8.979066145833338,6.4,31.0,20.6,32.5
2019,1,1,7.299769375000001,6.4,31.0,20.6,32.5
2019,1,1,8.432059895833335,6.4,31.0,20.6,32.5
2019,1,1,9.421863854166665,6.4,31.0,20.6,32.5
2019,1,1,8.862561562500002,6.4,31.0,20.6,32.5
2019,1,1,9.009491562499996,6.4,31.0,20.6,32.5
2019,1,1,8.568403125,6.4,31.0,20.6,32.5
2019,1,1,8.075393124999996,6.4,31.0,20.6,32.5
2019,1,1,7.794731666666666,6.4,31.0,20.6,32.5
2019,1,1,9.410156458333338,6.4,31.0,20.6,32.5
2019,1,1,9.267135312499995,6.4,31.0,20.6,32.5
2019,1,1,9.160266354166664,6.4,31.0,20.6,32.5
2019,1,1,9.723262812500003,6.4,31.0,20.6,32.5
2019,1,1,9.622868958333331,6.4,31.0,20.6,32.5
2019,1,1,9.161962291666663,6.4,31.0,20.6,32.5
2019,1,1,8.978787395833331,6.4,31.0,20.6,32.5
2019,1,1,8.2347940625,6.4,31.0,20.6,32.5
2019,1,1,8.664252500000002,6.4,31.0,20.6,32.5
2019,1,1,10.056555,6.4,31.0,20.6,32.5
2019,1,1,10.160116041666669,6.4,31.0,20.6,32.5
2019,1,1,10.1825296875,6.4,31.0,20.6,32.5
2019,1,1,9.883221979166668,6.4,31.0,20.6,32.5
2019,1,1,10.057478645833337,6.4,31.0,20.6,32.5
2019,1,1,7.708557812500005,6.4,31.0,20.6,32.5
2019,1,1,7.821418958333333,6.4,31.0,20.6,32.5
2019,1,1,9.195091145833336,6.4,31.0,20.6,32.5
2019,1,1,9.765061145833334,6.4,31.0,20.6,32.5
2019,1,1,9.43614270833333,6.4,31.0,20.6,32.5
2019,1,1,8.776177083333332,6.4,31.0,20.6,32.5
2019,1,1,8.745986458333336,6.4,31.0,20.6,32.5
2019,1,1,8.4923021875,6.4,31.0,20.6,32.5
2019,1,1,6.979404270833332,6.4,31.0,20.6,32.5
2019,1,1,7.793271041666667,6.4,31.0,20.6,32.5
2019,1,1,8.111854374999998,6.4,31.0,20.6,32.5
2019,1,1,7.618834895833334,6.4,31.0,20.6,32.5
2019,1,1,7.733857395833336,6.4,31.0,20.6,32.5
2019,1,1,7.411794375000002,6.4,31.0,20.6,32.5
2019,1,1,6.603336770833334,6.4,31.0,20.6,32.5
2019,1,1,6.381643958333334,6.4,31.0,20.6,32.5
2019,1,1,7.385886354166668,6.4,31.0,20.6,32.5
2019,1,1,7.548946770833333,6.4,31.0,20.6,32.5
2019,1,1,7.325024791666667,6.4,31.0,20.6,32.5
2019,1,1,8.286255104166665,6.4,31.0,20.6,32.5
2019,1,1,7.9280015625,6.4,31.0,20.6,32.5
2019,1,1,7.002889583333334,6.4,31.0,20.6,32.5
2019,1,1,6.485228333333335,6.4,31.0,20.6,32.5
2019,1,1,8.356795,6.4,31.0,20.6,32.5
2019,1,1,8.4233665625,6.4,31.0,20.6,32.5
2019,1,1,9.419950624999998,6.4,31.0,20.6,32.5
2019,1,1,7.80455645833333,6.4,31.0,20.6,32.5
2019,1,1,7.530032812499999,6.4,31.0,20.6,32.5
2019,1,1,6.5640444791666654,6.4,31.0,20.6,32.5
2019,1,1,6.113397499999999,6.4,31.0,20.6,32.5
2019,1,1,6.172851145833334,6.4,31.0,20.6,32.5
2019,1,1,6.6815565625,6.4,31.0,20.6,32.5
2019,1,1,7.565535416666665,6.4,31.0,20.6,32.5
2019,1,1,8.173476562500001,6.4,31.0,20.6,32.5
2019,1,1,8.891038125,6.4,31.0,20.6,32.5
2019,1,1,8.139749583333332,6.4,31.0,20.6,32.5
2019,1,1,7.560935937500005,6.4,31.0,20.6,32.5
2019,1,1,7.278503749999999,6.4,31.0,20.6,32.5
2019,1,1,8.679231354166667,6.4,31.0,20.6,32.5
2019,1,1,8.508071354166669,6.4,31.0,20.6,32.5
2019,1,1,8.3466390625,6.4,31.0,20.6,32.5
2019,1,1,7.372979687499999,6.4,31.0,20.6,32.5
2019,1,1,6.463190624999997,6.4,31.0,20.6,32.5
2019,1,1,7.09499385416667,6.4,31.0,20.6,32.5
2019,1,1,7.355908124999998,6.4,31.0,20.6,32.5
2019,1,1,7.706033020833335,6.4,31.0,20.6,32.5
2019,1,1,7.826284374999997,6.4,31.0,20.6,32.5
2019,1,1,7.5868834375,6.4,31.0,20.6,32.5
2019,1,1,7.2263337499999984,6.4,31.0,20.6,32.5
2019,1,1,6.957978125000001,6.4,31.0,20.6,32.5
2019,1,1,6.774036979166668,6.4,31.0,20.6,32.5
2019,1,1,7.561029791666669,6.4,31.0,20.6,32.5
2019,1,1,7.681695000000001,6.4,31.0,20.6,32.5
2019,1,1,7.510831875000004,6.4,31.0,20.6,32.5
2019,1,1,7.165033437499997,6.4,31.0,20.6,32.5
2019,1,1,6.480398020833333,6.4,31.0,20.6,32.5
2019,1,1,6.923473541666664,6.4,31.0,20.6,32.5
2019,1,1,6.53523239583333,6.4,31.0,20.6,32.5
2019,1,1,6.893140312499999,6.4,31.0,20.6,32.5
2019,1,1,7.126021874999998,6.4,31.0,20.6,32.5
2019,1,1,8.281349687499999,6.4,31.0,20.6,32.5
2019,1,1,10.561168645833332,6.4,31.0,20.6,32.5
2019,1,1,9.630169374999996,6.4,31.0,20.6,32.5
2019,1,1,6.510824166666668,6.4,31.0,20.6,32.5
2019,1,1,7.546499479166666,6.4,31.0,20.6,32.5
2019,1,1,9.001227395833332,6.4,31.0,20.6,32.5
2019,1,1,8.143465208333335,6.4,31.0,20.6,32.5
2019,1,1,6.907698333333332,6.4,31.0,20.6,32.5
2019,1,1,6.872247395833337,6.4,31.0,20.6,32.5
2019,1,1,6.307849583333334,6.4,31.0,20.6,32.5
2019,1,1,5.367197708333332,6.4,31.0,20.6,32.5
2019,1,1,6.3483175,6.4,31.0,20.6,32.5
2019,1,1,7.128679479166665,6.4,31.0,20.6,32.5
2019,1,1,7.274938854166667,6.4,31.0,20.6,32.5
2019,1,1,7.540020104166669,6.4,31.0,20.6,32.5
2019,1,1,7.265283854166669,6.4,31.0,20.6,32.5
2019,1,1,6.821009166666666,6.4,31.0,20.6,32.5
2019,1,1,5.606728854166666,6.4,31.0,20.6,32.5
2019,1,1,6.298476666666669,6.4,31.0,20.6,32.5
2019,1,1,7.000865625,6.4,31.0,20.6,32.5
2019,1,1,7.814278229166667,6.4,31.0,20.6,32.5
2019,1,1,7.188455937499999,6.4,31.0,20.6,32.5
2019,1,1,6.536678125000003,6.4,31.0,20.6,32.5
2019,1,1,6.237548333333334,6.4,31.0,20.6,32.5
2019,1,1,5.604255104166664,6.4,31.0,20.6,32.5
2019,1,1,6.391878020833334,6.4,31.0,20.6,32.5
2019,1,1,6.836299479166669,6.4,31.0,20.6,32.5
2019,1,1,7.6628321874999985,6.4,31.0,20.6,32.5
2019,1,1,7.256085416666669,6.4,31.0,20.6,32.5
2019,1,1,7.112983958333334,6.4,31.0,20.6,32.5
2019,1,1,6.876831562500001,6.4,31.0,20.6,32.5
2019,1,1,7.791742499999999,6.4,31.0,20.6,32.5
2019,1,1,7.148617604166663,6.4,31.0,20.6,32.5
2019,1,1,7.300175208333333,6.4,31.0,20.6,32.5
2019,1,1,7.230631145833335,6.4,31.0,20.6,32.5
2019,1,1,7.0700779166666665,6.4,31.0,20.6,32.5
2019,1,1,7.133520312499999,6.4,31.0,20.6,32.5
2019,1,1,6.806717187499999,6.4,31.0,20.6,32.5
2019,1,1,6.721617604166666,6.4,31.0,20.6,32.5
2019,1,1,7.659323541666665,6.4,31.0,20.6,32.5
2019,1,1,7.615755937499999,6.4,31.0,20.6,32.5
2019,1,1,7.657197812499998,6.4,31.0,20.6,32.5
2019,1,1,8.178884791666666,6.4,31.0,20.6,32.5
2019,1,1,8.105260729166664,6.4,31.0,20.6,32.5
2019,1,1,8.7150571875,6.4,31.0,20.6,32.5
2019,1,1,7.792138333333337,6.4,31.0,20.6,32.5
2019,1,1,9.157271979166673,6.4,31.0,20.6,32.5
2019,1,1,9.038190104166668,6.4,31.0,20.6,32.5
2019,1,1,8.792768020833337,6.4,31.0,20.6,32.5
2019,1,1,10.259223854166668,6.4,31.0,20.6,32.5
2019,1,1,7.264749375000001,6.4,31.0,20.6,32.5
2019,1,1,6.129614166666669,6.4,31.0,20.6,32.5
2019,1,1,5.647957395833334,6.4,31.0,20.6,32.5
2019,1,1,5.965516770833333,6.4,31.0,20.6,32.5
2019,1,1,6.765874479166666,6.4,31.0,20.6,32.5
2019,1,1,7.305731458333336,6.4,31.0,20.6,32.5
2019,1,1,8.54299177083333,6.4,31.0,20.6,32.5
2019,1,1,9.800575625000002,6.4,31.0,20.6,32.5
2019,1,1,10.416916354166668,6.4,31.0,20.6,32.5
2019,1,1,10.185163333333334,6.4,31.0,20.6,32.5
2019,1,1,9.213157395833331,6.4,31.0,20.6,32.5
2019,1,1,9.2755984375,6.4,31.0,20.6,32.5
2019,1,1,8.921071458333332,6.4,31.0,20.6,32.5
2019,1,1,7.9801971875,6.4,31.0,20.6,32.5
2019,1,1,9.656907291666665,6.4,31.0,20.6,32.5
2019,1,1,11.45452270833333,6.4,31.0,20.6,32.5
2019,1,1,6.411244166666667,6.4,31.0,20.6,32.5
2019,1,1,6.736039895833334,6.4,31.0,20.6,32.5
2019,1,1,9.160209479166667,6.4,31.0,20.6,32.5
2019,1,1,9.353880625,6.4,31.0,20.6,32.5
2019,1,1,8.005294270833334,6.4,31.0,20.6,32.5
2019,1,1,8.390461145833333,6.4,31.0,20.6,32.5
2019,1,1,9.290217916666666,6.4,31.0,20.6,32.5
2019,1,1,6.950263854166667,6.4,31.0,20.6,32.5
2019,1,1,8.726277499999995,6.4,31.0,20.6,32.5
2019,1,1,11.137276666666663,6.4,31.0,20.6,32.5
2019,1,1,11.623744999999994,6.4,31.0,20.6,32.5
2019,1,1,11.61765614583333,6.4,31.0,20.6,32.5
2019,1,1,12.288021874999997,6.4,31.0,20.6,32.5
2019,1,1,9.361949375000007,6.4,31.0,20.6,32.5
2019,1,1,6.849573333333331,6.4,31.0,20.6,32.5
2019,1,1,8.247987083333332,6.4,31.0,20.6,32.5
2019,1,1,9.977111875,6.4,31.0,20.6,32.5
2019,1,1,10.243135416666666,6.4,31.0,20.6,32.5
2019,1,1,9.188919895833338,6.4,31.0,20.6,32.5
2019,1,1,11.449920208333332,6.4,31.0,20.6,32.5
2019,1,1,12.015221250000003,6.4,31.0,20.6,32.5
2019,1,1,10.123153645833336,6.4,31.0,20.6,32.5
2019,1,1,7.896906770833335,6.4,31.0,20.6,32.5
2019,1,1,10.923013125000002,6.4,31.0,20.6,32.5
2019,1,1,11.77655135416667,6.4,31.0,20.6,32.5
2019,1,1,12.224338229166664,6.4,31.0,20.6,32.5
2019,1,1,8.107465416666665,6.4,31.0,20.6,32.5
2019,1,1,7.434148125000001,6.4,31.0,20.6,32.5
2019,1,1,7.7929871875,6.4,31.0,20.6,32.5
2019,1,1,9.653576770833332,6.4,31.0,20.6,32.5
2019,1,1,9.607998020833332,6.4,31.0,20.6,32.5
2019,1,1,9.414704062500002,6.4,31.0,20.6,32.5
2019,1,1,9.340660416666664,6.4,31.0,20.6,32.5
2019,1,1,9.694664166666664,6.4,31.0,20.6,32.5
2019,1,1,9.025531875,6.4,31.0,20.6,32.5
2019,1,1,6.032994583333333,6.4,31.0,20.6,32.5
2019,1,1,8.09893041666667,6.4,31.0,20.6,32.5
2019,1,1,10.787624166666664,6.4,31.0,20.6,32.5
2019,1,1,8.044261562499997,6.4,31.0,20.6,32.5
2019,1,1,7.40160697916667,6.4,31.0,20.6,32.5
2019,1,1,7.102701145833336,6.4,31.0,20.6,32.5
2019,1,1,6.579980937499999,6.4,31.0,20.6,32.5
2019,1,1,6.935338958333333,6.4,31.0,20.6,32.5
2019,1,1,9.157831458333336,6.4,31.0,20.6,32.5
2019,1,1,9.012541354166666,6.4,31.0,20.6,32.5
2019,1,1,8.210922291666668,6.4,31.0,20.6,32.5
2019,1,1,7.983823958333335,6.4,31.0,20.6,32.5
2019,1,1,7.357576041666665,6.4,31.0,20.6,32.5
2019,1,1,6.34744854166667,6.4,31.0,20.6,32.5
2019,1,1,5.864726041666668,6.4,31.0,20.6,32.5
2019,1,1,6.629206562500002,6.4,31.0,20.6,32.5
2019,1,1,7.33870427083333,6.4,31.0,20.6,32.5
2019,1,1,7.55798458333333,6.4,31.0,20.6,32.5
2019,1,1,7.539744895833333,6.4,31.0,20.6,32.5
2019,1,1,7.831664375,6.4,31.0,20.6,32.5
2019,1,1,6.707673125000002,6.4,31.0,20.6,32.5
2019,1,1,6.664635208333333,6.4,31.0,20.6,32.5
2019,1,1,7.844212812499999,6.4,31.0,20.6,32.5
2019,1,1,8.854000624999998,6.4,31.0,20.6,32.5
2019,1,1,9.634149895833335,6.4,31.0,20.6,32.5
2019,1,1,7.291506666666668,6.4,31.0,20.6,32.5
2019,1,1,7.592440937499997,6.4,31.0,20.6,32.5
2019,1,1,7.112906145833335,6.4,31.0,20.6,32.5
2019,1,1,7.474699270833331,6.4,31.0,20.6,32.5
2019,1,1,7.949284270833335,6.4,31.0,20.6,32.5
2019,1,1,8.931558229166665,6.4,31.0,20.6,32.5
2019,1,1,7.714297708333333,6.4,31.0,20.6,32.5
2019,1,1,8.028657083333334,6.4,31.0,20.6,32.5
2019,1,1,7.258659270833333,6.4,31.0,20.6,32.5
2019,1,1,7.034173854166667,6.4,31.0,20.6,32.5
2019,1,1,6.674185416666666,6.4,31.0,20.6,32.5
2019,1,1,7.266338645833333,6.4,31.0,20.6,32.5
2019,1,1,7.37765916666667,6.4,31.0,20.6,32.5
2019,1,1,7.377463749999999,6.4,31.0,20.6,32.5
2019,1,1,7.597122812499997,6.4,31.0,20.6,32.5
2019,1,1,7.620463229166667,6.4,31.0,20.6,32.5
2019,1,1,6.8876659375,6.4,31.0,20.6,32.5
2019,1,1,7.562976145833329,6.4,31.0,20.6,32.5
2019,1,1,7.588849583333332,6.4,31.0,20.6,32.5
2019,1,1,6.976474687499997,6.4,31.0,20.6,32.5
2019,1,1,7.0002627083333335,6.4,31.0,20.6,32.5
2019,1,1,6.694595729166668,6.4,31.0,20.6,32.5
2019,1,1,7.024574791666667,6.4,31.0,20.6,32.5
2019,1,1,6.69948875,6.4,31.0,20.6,32.5
2019,1,1,5.714905520833334,6.4,31.0,20.6,32.5
2019,1,1,6.669726874999996,6.4,31.0,20.6,32.5
2019,1,1,7.342844375000005,6.4,31.0,20.6,32.5
2019,1,1,7.057334375,6.4,31.0,20.6,32.5
2019,1,1,7.386643229166668,6.4,31.0,20.6,32.5
2019,1,1,7.161944270833332,6.4,31.0,20.6,32.5
2019,1,1,6.678492395833334,6.4,31.0,20.6,32.5
2019,1,1,6.874671354166664,6.4,31.0,20.6,32.5
2019,1,1,7.8194104166666625,6.4,31.0,20.6,32.5
2019,1,1,7.648956770833334,6.4,31.0,20.6,32.5
2019,1,1,6.673961562500001,6.4,31.0,20.6,32.5
2019,1,1,6.795293749999999,6.4,31.0,20.6,32.5
2019,1,1,6.890883749999998,6.4,31.0,20.6,32.5
2019,1,1,6.362417395833334,6.4,31.0,20.6,32.5
2019,1,1,6.069710729166668,6.4,31.0,20.6,32.5
2019,1,1,6.514478124999999,6.4,31.0,20.6,32.5
2019,1,1,7.178142395833336,6.4,31.0,20.6,32.5
2019,1,1,7.077254062500002,6.4,31.0,20.6,32.5
2019,1,1,7.094851770833336,6.4,31.0,20.6,32.5
2019,1,1,6.205264270833331,6.4,31.0,20.6,32.5
2019,1,1,6.026716041666666,6.4,31.0,20.6,32.5
2019,1,1,5.741040000000003,6.4,31.0,20.6,32.5
2019,1,1,5.837473854166666,6.4,31.0,20.6,32.5
2019,1,1,6.499372499999999,6.4,31.0,20.6,32.5
2019,1,1,6.850808958333332,6.4,31.0,20.6,32.5
2019,1,1,6.134311145833332,6.4,31.0,20.6,32.5
2019,1,1,6.231856562500002,6.4,31.0,20.6,32.5
2019,1,1,6.139443854166667,6.4,31.0,20.6,32.5
2019,1,1,5.953103645833333,6.4,31.0,20.6,32.5
2019,1,1,6.878587916666667,6.4,31.0,20.6,32.5
2019,1,1,7.262115624999999,6.4,31.0,20.6,32.5
2023,1,1,6.687349166666664,0.0,30.2,18.3,27.2
2023,1,1,7.225152395833331,0.0,30.2,18.3,27.2
2023,1,1,7.039812291666663,0.0,30.2,18.3,27.2
2023,1,1,6.8069709375,0.0,30.2,18.3,27.2
2023,1,1,7.392416979166665,0.0,30.2,18.3,27.2
2023,1,1,7.0367125,0.0,30.2,18.3,27.2
2023,1,1,7.804585833333332,0.0,30.2,18.3,27.2
2023,1,1,7.505215833333335,0.0,30.2,18.3,27.2
2023,1,1,7.878816458333335,0.0,30.2,18.3,27.2
2023,1,1,7.879239479166667,0.0,30.2,18.3,27.2
2023,1,1,8.315032187499998,0.0,30.2,18.3,27.2
2023,1,1,8.246217812499998,0.0,30.2,18.3,27.2
2023,1,1,8.122635625000003,0.0,30.2,18.3,27.2
2023,1,1,7.258942916666666,0.0,30.2,18.3,27.2
2023,1,1,7.4891875,0.0,30.2,18.3,27.2
2023,1,1,6.764143958333332,0.0,30.2,18.3,27.2
2023,1,1,6.785110208333332,0.0,30.2,18.3,27.2
2023,1,1,7.741935208333333,0.0,30.2,18.3,27.2
2023,1,1,8.537817187499998,0.0,30.2,18.3,27.2
2023,1,1,9.721342083333337,0.0,30.2,18.3,27.2
2023,1,1,9.196759166666668,0.0,30.2,18.3,27.2
2023,1,1,9.509440729166672,0.0,30.2,18.3,27.2
2023,1,1,9.14008010416667,0.0,30.2,18.3,27.2
2023,1,1,9.072716145833336,0.0,30.2,18.3,27.2
2023,1,1,8.729168020833333,0.0,30.2,18.3,27.2
2023,1,1,8.060718645833333,0.0,30.2,18.3,27.2
2023,1,1,8.153554374999997,0.0,30.2,18.3,27.2
2023,1,1,8.01530635416667,0.0,30.2,18.3,27.2
2023,1,1,8.188847395833331,0.0,30.2,18.3,27.2
2023,1,1,9.366792187500003,0.0,30.2,18.3,27.2
2023,1,1,9.807364479166669,0.0,30.2,18.3,27.2
2023,1,1,10.13965916666667,0.0,30.2,18.3,27.2
2023,1,1,10.994732395833331,0.0,30.2,18.3,27.2
2023,1,1,11.496533958333332,0.0,30.2,18.3,27.2
2023,1,1,9.428816458333335,0.0,30.2,18.3,27.2
2023,1,1,9.869801354166668,0.0,30.2,18.3,27.2
2023,1,1,9.589459583333335,0.0,30.2,18.3,27.2
2023,1,1,10.329020312500004,0.0,30.2,18.3,27.2
2023,1,1,10.397225,0.0,30.2,18.3,27.2
2023,1,1,10.431212499999996,0.0,30.2,18.3,27.2
2023,1,1,9.900598229166668,0.0,30.2,18.3,27.2
2023,1,1,9.528100625,0.0,30.2,18.3,27.2
2023,1,1,9.137393437500002,0.0,30.2,18.3,27.2
2023,1,1,9.451834583333335,0.0,30.2,18.3,27.2
2023,1,1,10.14170489583333,0.0,30.2,18.3,27.2
2023,1,1,9.739964166666669,0.0,30.2,18.3,27.2
2023,1,1,8.593875104166667,0.0,30.2,18.3,27.2
2023,1,1,8.85710333333333,0.0,30.2,18.3,27.2
2023,1,1,9.139009166666666,0.0,30.2,18.3,27.2
2023,1,1,9.046244479166662,0.0,30.2,18.3,27.2
2023,1,1,8.712792916666666,0.0,30.2,18.3,27.2
2023,1,1,8.982003333333331,0.0,30.2,18.3,27.2
2023,1,1,9.238940937499995,0.0,30.2,18.3,27.2
2023,1,1,9.903046875,0.0,30.2,18.3,27.2
2023,1,1,9.016060104166668,0.0,30.2,18.3,27.2
2023,1,1,8.36659302083333,0.0,30.2,18.3,27.2
2023,1,1,8.382134062500002,0.0,30.2,18.3,27.2
2023,1,1,9.223707083333332,0.0,30.2,18.3,27.2
2023,1,1,10.712058125,0.0,30.2,18.3,27.2
2023,1,1,10.100856979166666,0.0,30.2,18.3,27.2
2023,1,1,9.449251145833331,0.0,30.2,18.3,27.2
2023,1,1,10.680584166666668,0.0,30.2,18.3,27.2
2023,1,1,9.569160104166668,0.0,30.2,18.3,27.2
2023,1,1,9.838576979166664,0.0,30.2,18.3,27.2
2023,1,1,8.5786134375,0.0,30.2,18.3,27.2
2023,1,1,10.473709895833336,0.0,30.2,18.3,27.2
2023,1,1,10.261862187500002,0.0,30.2,18.3,27.2
2023,1,1,9.519192395833333,0.0,30.2,18.3,27.2
2023,1,1,9.93217541666667,0.0,30.2,18.3,27.2
2023,1,1,9.923619479166662,0.0,30.2,18.3,27.2
2023,1,1,11.589945416666666,0.0,30.2,18.3,27.2
2023,1,1,9.771466979166668,0.0,30.2,18.3,27.2
2023,1,1,9.965280208333334,0.0,30.2,18.3,27.2
2023,1,1,10.20720395833333,0.0,30.2,18.3,27.2
2023,1,1,11.698051666666665,0.0,30.2,18.3,27.2
2023,1,1,9.932644479166663,0.0,30.2,18.3,27.2
2023,1,1,9.9771484375,0.0,30.2,18.3,27.2
2023,1,1,8.392844791666665,0.0,30.2,18.3,27.2
2023,1,1,8.840888541666663,0.0,30.2,18.3,27.2
2023,1,1,11.037410416666669,0.0,30.2,18.3,27.2
2023,1,1,9.568250833333336,0.0,30.2,18.3,27.2
2023,1,1,10.203687916666668,0.0,30.2,18.3,27.2
2023,1,1,9.156932500000003,0.0,30.2,18.3,27.2
2023,1,1,8.737669895833333,0.0,30.2,18.3,27.2
2023,1,1,9.519530416666669,0.0,30.2,18.3,27.2
2023,1,1,9.0420478125,0.0,30.2,18.3,27.2
2023,1,1,9.911398124999998,0.0,30.2,18.3,27.2
2023,1,1,9.626436875,0.0,30.2,18.3,27.2
2023,1,1,9.313971770833332,0.0,30.2,18.3,27.2
2023,1,1,8.977236875000001,0.0,30.2,18.3,27.2
2023,1,1,9.799777291666665,0.0,30.2,18.3,27.2
2023,1,1,9.106205208333334,0.0,30.2,18.3,27.2
2023,1,1,8.74681177083333,0.0,30.2,18.3,27.2
2023,1,1,9.216018333333333,0.0,30.2,18.3,27.2
2023,1,1,8.948484583333329,0.0,30.2,18.3,27.2
2023,1,1,8.623665208333332,0.0,30.2,18.3,27.2
2023,1,1,8.035429375,0.0,30.2,18.3,27.2
2023,1,1,7.514661666666668,0.0,30.2,18.3,27.2
2023,1,1,8.368535625,0.0,30.2,18.3,27.2
2023,1,1,8.557676874999999,0.0,30.2,18.3,27.2
2023,1,1,9.453856979166666,0.0,30.2,18.3,27.2
2023,1,1,8.681870729166667,0.0,30.2,18.3,27.2
2023,1,1,9.767688020833331,0.0,30.2,18.3,27.2
2023,1,1,9.590685833333335,0.0,30.2,18.3,27.2
2023,1,1,8.172145312500003,0.0,30.2,18.3,27.2
2023,1,1,7.934340937499999,0.0,30.2,18.3,27.2
2023,1,1,8.185820833333334,0.0,30.2,18.3,27.2
2023,1,1,7.801717395833333,0.0,30.2,18.3,27.2
2023,1,1,7.641249270833334,0.0,30.2,18.3,27.2
2023,1,1,8.18177083333333,0.0,30.2,18.3,27.2
2023,1,1,7.532580416666665,0.0,30.2,18.3,27.2
2023,1,1,7.337054687499999,0.0,30.2,18.3,27.2
2023,1,1,7.178856041666669,0.0,30.2,18.3,27.2
2023,1,1,7.309735312500002,0.0,30.2,18.3,27.2
2023,1,1,7.860479791666667,0.0,30.2,18.3,27.2
2023,1,1,8.463635833333333,0.0,30.2,18.3,27.2
2023,1,1,8.491103437500001,0.0,30.2,18.3,27.2
2023,1,1,8.810360520833335,0.0,30.2,18.3,27.2
2023,1,1,7.167658541666662,0.0,30.2,18.3,27.2
2023,1,1,6.697699479166662,0.0,30.2,18.3,27.2
2023,1,1,6.984208958333333,0.0,30.2,18.3,27.2
2023,1,1,6.657343437500001,0.0,30.2,18.3,27.2
2023,1,1,6.905132291666669,0.0,30.2,18.3,27.2
2023,1,1,6.662811354166666,0.0,30.2,18.3,27.2
2023,1,1,8.362786458333334,0.0,30.2,18.3,27.2
2023,1,1,9.097521770833332,0.0,30.2,18.3,27.2
2023,1,1,7.787778020833336,0.0,30.2,18.3,27.2
2023,1,1,7.420759166666667,0.0,30.2,18.3,27.2
2023,1,1,8.130248020833333,0.0,30.2,18.3,27.2
2023,1,1,7.126994062499999,0.0,30.2,18.3,27.2
2023,1,1,6.792466770833333,0.0,30.2,18.3,27.2
2023,1,1,7.244767708333337,0.0,30.2,18.3,27.2
2023,1,1,6.176187187500001,0.0,30.2,18.3,27.2
2023,1,1,5.449642500000002,0.0,30.2,18.3,27.2
2023,1,1,6.193216770833334,0.0,30.2,18.3,27.2
2023,1,1,7.394621458333334,0.0,30.2,18.3,27.2
2023,1,1,7.115498333333336,0.0,30.2,18.3,27.2
2023,1,1,8.627562708333333,0.0,30.2,18.3,27.2
2023,1,1,5.975495937500001,0.0,30.2,18.3,27.2
2023,1,1,5.4702568750000005,0.0,30.2,18.3,27.2
2023,1,1,5.233435937499999,0.0,30.2,18.3,27.2
2023,1,1,5.811964479166665,0.0,30.2,18.3,27.2
2023,1,1,6.2391666666666685,0.0,30.2,18.3,27.2
2023,1,1,6.541486979166666,0.0,30.2,18.3,27.2
2023,1,1,6.9375659375000005,0.0,30.2,18.3,27.2
2023,1,1,6.674976770833332,0.0,30.2,18.3,27.2
2023,1,1,6.896150520833335,0.0,30.2,18.3,27.2
2023,1,1,5.366508229166668,0.0,30.2,18.3,27.2
2023,1,1,6.4912135416666645,0.0,30.2,18.3,27.2
2023,1,1,7.151433020833333,0.0,30.2,18.3,27.2
2023,1,1,6.186826979166665,0.0,30.2,18.3,27.2
2023,1,1,6.688291770833335,0.0,30.2,18.3,27.2
2023,1,1,7.222671354166667,0.0,30.2,18.3,27.2
2023,1,1,6.093304375000002,0.0,30.2,18.3,27.2
2023,1,1,5.378859062500001,0.0,30.2,18.3,27.2
2023,1,1,5.608714270833332,0.0,30.2,18.3,27.2
2023,1,1,8.399199270833334,0.0,30.2,18.3,27.2
2023,1,1,7.863466562499998,0.0,30.2,18.3,27.2
2023,1,1,7.5176786458333344,0.0,30.2,18.3,27.2
2023,1,1,7.232459270833334,0.0,30.2,18.3,27.2
2023,1,1,7.111904375000001,0.0,30.2,18.3,27.2
2023,1,1,7.609116041666666,0.0,30.2,18.3,27.2
2023,1,1,7.4619344791666675,0.0,30.2,18.3,27.2
2023,1,1,7.327545416666665,0.0,30.2,18.3,27.2
2023,1,1,6.9769015625,0.0,30.2,18.3,27.2
2023,1,1,6.636533437500002,0.0,30.2,18.3,27.2
2023,1,1,5.294011458333332,0.0,30.2,18.3,27.2
2023,1,1,4.914488125000003,0.0,30.2,18.3,27.2
2023,1,1,6.147142083333335,0.0,30.2,18.3,27.2
2023,1,1,6.321290520833333,0.0,30.2,18.3,27.2
2023,1,1,6.374510104166666,0.0,30.2,18.3,27.2
2023,1,1,7.298686770833331,0.0,30.2,18.3,27.2
2023,1,1,6.880005833333332,0.0,30.2,18.3,27.2
2023,1,1,6.592281041666666,0.0,30.2,18.3,27.2
2023,1,1,5.7388002083333305,0.0,30.2,18.3,27.2
2023,1,1,6.745415937499999,0.0,30.2,18.3,27.2
2023,1,1,6.454123854166668,0.0,30.2,18.3,27.2
2023,1,1,6.256569687499997,0.0,30.2,18.3,27.2
2023,1,1,6.406433645833332,0.0,30.2,18.3,27.2
2023,1,1,5.348140104166667,0.0,30.2,18.3,27.2
2023,1,1,4.603715,0.0,30.2,18.3,27.2
2023,1,1,4.498870625000001,0.0,30.2,18.3,27.2
2023,1,1,6.081034895833335,0.0,30.2,18.3,27.2
2023,1,1,5.523048124999999,0.0,30.2,18.3,27.2
2023,1,1,5.528706145833333,0.0,30.2,18.3,27.2
2023,1,1,5.9075303125000005,0.0,30.2,18.3,27.2
2023,1,1,5.965916041666667,0.0,30.2,18.3,27.2
2023,1,1,5.232284375,0.0,30.2,18.3,27.2
2023,1,1,5.003909270833333,0.0,30.2,18.3,27.2
2023,1,1,5.254455416666667,0.0,30.2,18.3,27.2
2023,1,1,5.574086979166669,0.0,30.2,18.3,27.2
2023,1,1,5.409504479166668,0.0,30.2,18.3,27.2
2023,1,1,5.281441770833335,0.0,30.2,18.3,27.2
2023,1,1,5.810642916666668,0.0,30.2,18.3,27.2
2023,1,1,5.4358646875,0.0,30.2,18.3,27.2
2023,1,1,6.625036458333334,0.0,30.2,18.3,27.2
2023,1,1,6.110114791666667,0.0,30.2,18.3,27.2
2023,1,1,5.930280208333337,0.0,30.2,18.3,27.2
2023,1,1,5.653581145833333,0.0,30.2,18.3,27.2
2023,1,1,5.364988854166668,0.0,30.2,18.3,27.2
2023,1,1,5.148533541666665,0.0,30.2,18.3,27.2
2023,1,1,4.570677291666667,0.0,30.2,18.3,27.2
2023,1,1,4.536670416666666,0.0,30.2,18.3,27.2
2023,1,1,4.785681770833333,0.0,30.2,18.3,27.2
2023,1,1,4.882358749999999,0.0,30.2,18.3,27.2
2023,1,1,5.400843229166665,0.0,30.2,18.3,27.2
2023,1,1,5.303418124999999,0.0,30.2,18.3,27.2
2023,1,1,5.770127395833335,0.0,30.2,18.3,27.2
2023,1,1,5.474852291666664,0.0,30.2,18.3,27.2
2023,1,1,5.620517291666666,0.0,30.2,18.3,27.2
2023,1,1,6.124511770833332,0.0,30.2,18.3,27.2
2023,1,1,5.4914716666666665,0.0,30.2,18.3,27.2
2023,1,1,5.563166145833333,0.0,30.2,18.3,27.2
2023,1,1,6.280042291666667,0.0,30.2,18.3,27.2
2023,1,1,5.885289895833334,0.0,30.2,18.3,27.2
2023,1,1,4.422598541666665,0.0,30.2,18.3,27.2
2023,1,1,4.720659895833332,0.0,30.2,18.3,27.2
2023,1,1,6.051626562500001,0.0,30.2,18.3,27.2
2023,1,1,5.979927083333334,0.0,30.2,18.3,27.2
2023,1,1,6.367660104166667,0.0,30.2,18.3,27.2
2023,1,1,5.404179895833335,0.0,30.2,18.3,27.2
2023,1,1,5.511464166666671,0.0,30.2,18.3,27.2
2023,1,1,5.7432746875000005,0.0,30.2,18.3,27.2
2023,1,1,4.99949375,0.0,30.2,18.3,27.2
2023,1,1,6.482561666666669,0.0,30.2,18.3,27.2
2023,1,1,5.252155729166666,0.0,30.2,18.3,27.2
2023,1,1,5.267134999999998,0.0,30.2,18.3,27.2
2023,1,1,5.206578854166665,0.0,30.2,18.3,27.2
2023,1,1,5.913507291666666,0.0,30.2,18.3,27.2
2023,1,1,5.729408020833335,0.0,30.2,18.3,27.2
2023,1,1,5.382829791666668,0.0,30.2,18.3,27.2
2023,1,1,5.286021041666666,0.0,30.2,18.3,27.2
2023,1,1,5.750178854166665,0.0,30.2,18.3,27.2
2023,1,1,5.1920850000000005,0.0,30.2,18.3,27.2
2023,1,1,5.074050208333333,0.0,30.2,18.3,27.2
2023,1,1,5.567433125000001,0.0,30.2,18.3,27.2
2023,1,1,6.867161562500001,0.0,30.2,18.3,27.2
2023,1,1,5.443933333333331,0.0,30.2,18.3,27.2
2023,1,1,5.609821041666668,0.0,30.2,18.3,27.2
2023,1,1,5.1913203125,0.0,30.2,18.3,27.2
2023,1,1,5.55689625,0.0,30.2,18.3,27.2
2023,1,1,5.696800416666669,0.0,30.2,18.3,27.2
2023,1,1,5.0903555208333335,0.0,30.2,18.3,27.2
2023,1,1,5.196950416666667,0.0,30.2,18.3,27.2
2023,1,1,5.120649895833332,0.0,30.2,18.3,27.2
2023,1,1,5.118756979166666,0.0,30.2,18.3,27.2
2023,1,1,5.593562187500002,0.0,30.2,18.3,27.2
2023,1,1,6.010951458333333,0.0,30.2,18.3,27.2
2023,1,1,5.681147812500001,0.0,30.2,18.3,27.2
2023,1,1,5.020431041666668,0.0,30.2,18.3,27.2
2023,1,1,5.370053645833331,0.0,30.2,18.3,27.2
2023,1,1,4.423340729166667,0.0,30.2,18.3,27.2
2023,1,1,4.745927083333336,0.0,30.2,18.3,27.2
2023,1,1,5.316083229166667,0.0,30.2,18.3,27.2
2023,1,1,6.1723867708333335,0.0,30.2,18.3,27.2
2023,1,1,5.870940312500003,0.0,30.2,18.3,27.2
2023,1,1,6.125012395833333,0.0,30.2,18.3,27.2
2023,1,1,5.446723333333334,0.0,30.2,18.3,27.2
2023,1,1,5.681773333333335,0.0,30.2,18.3,27.2
2023,1,1,6.0659279166666655,0.0,30.2,18.3,27.2
2023,1,1,6.730169166666666,0.0,30.2,18.3,27.2
2023,1,1,7.650153645833334,0.0,30.2,18.3,27.2
2023,1,1,7.364348125000004,0.0,30.2,18.3,27.2
2023,1,1,6.532833750000002,0.0,30.2,18.3,27.2
2023,1,1,5.218629479166666,0.0,30.2,18.3,27.2
2023,1,1,5.587729062499999,0.0,30.2,18.3,27.2
2023,1,1,5.629523437500001,0.0,30.2,18.3,27.2
2023,1,1,6.182178020833335,0.0,30.2,18.3,27.2
2023,1,1,6.670617395833335,0.0,30.2,18.3,27.2
2023,1,1,7.294110833333335,0.0,30.2,18.3,27.2
2023,1,1,7.3014490625000015,0.0,30.2,18.3,27.2
2023,1,1,8.143796250000003,0.0,30.2,18.3,27.2
2023,1,1,8.23082260416667,0.0,30.2,18.3,27.2
2023,1,1,7.439428645833336,0.0,30.2,18.3,27.2
2023,1,1,7.099534479166668,0.0,30.2,18.3,27.2
2023,1,1,6.890176041666668,0.0,30.2,18.3,27.2
2023,1,1,8.5618478125,0.0,30.2,18.3,27.2
2023,1,1,7.989177812499997,0.0,30.2,18.3,27.2
2023,1,1,5.596589062500002,0.0,30.2,18.3,27.2
2023,1,1,4.922557916666666,0.0,30.2,18.3,27.2
2023,1,1,6.75857854166667,0.0,30.2,18.3,27.2
2023,1,1,7.139487500000001,0.0,30.2,18.3,27.2
2023,1,1,6.889793333333331,0.0,30.2,18.3,27.2
2023,1,1,7.241407291666667,0.0,30.2,18.3,27.2
2023,1,1,7.18238260416667,0.0,30.2,18.3,27.2
2023,1,1,7.666903125000001,0.0,30.2,18.3,27.2
2023,1,1,6.420071249999997,0.0,30.2,18.3,27.2
2023,1,1,6.531385520833335,0.0,30.2,18.3,27.2
2023,1,1,6.880646770833334,0.0,30.2,18.3,27.2
2023,1,1,6.166338124999999,0.0,30.2,18.3,27.2
2023,1,1,6.227290416666666,0.0,30.2,18.3,27.2
2023,1,1,7.085256666666666,0.0,30.2,18.3,27.2
2023,1,1,7.669511770833332,0.0,30.2,18.3,27.2
2023,1,1,6.699806458333334,0.0,30.2,18.3,27.2
2023,1,1,7.808858854166669,0.0,30.2,18.3,27.2
2023,1,1,7.631022395833329,0.0,30.2,18.3,27.2
2023,1,1,7.901824166666665,0.0,30.2,18.3,27.2
2023,1,1,6.4511160416666655,0.0,30.2,18.3,27.2
2023,1,1,5.920017499999999,0.0,30.2,18.3,27.2
2023,1,1,5.355759479166667,0.0,30.2,18.3,27.2
2023,1,1,6.302785729166668,0.0,30.2,18.3,27.2
2023,1,1,7.207509895833334,0.0,30.2,18.3,27.2
2023,1,1,7.395875416666666,0.0,30.2,18.3,27.2
2023,1,1,7.463808958333331,0.0,30.2,18.3,27.2
2023,1,1,6.672231562500002,0.0,30.2,18.3,27.2
2023,1,1,6.472958958333334,0.0,30.2,18.3,27.2
2023,1,1,5.630032499999998,0.0,30.2,18.3,27.2
2023,1,1,5.742933750000002,0.0,30.2,18.3,27.2
2023,1,1,9.7309103125,0.0,30.2,18.3,27.2
2023,1,1,10.090853645833333,0.0,30.2,18.3,27.2
2023,1,1,6.906762708333333,0.0,30.2,18.3,27.2
2023,1,1,6.018550625,0.0,30.2,18.3,27.2
2023,1,1,6.3107646875,0.0,30.2,18.3,27.2
2023,1,1,6.744340312499998,0.0,30.2,18.3,27.2
2023,1,1,6.269936145833333,0.0,30.2,18.3,27.2
2023,1,1,6.6245571875000016,0.0,30.2,18.3,27.2
2023,1,1,7.300002187500001,0.0,30.2,18.3,27.2
2023,1,1,6.969845624999999,0.0,30.2,18.3,27.2
2023,1,1,8.61567104166667,0.0,30.2,18.3,27.2
2023,1,1,7.600033854166667,0.0,30.2,18.3,27.2
2023,1,1,7.71817895833333,0.0,30.2,18.3,27.2
2023,1,1,8.371700416666668,0.0,30.2,18.3,27.2
2023,1,1,7.3116661458333345,0.0,30.2,18.3,27.2
2023,1,1,6.460413854166664,0.0,30.2,18.3,27.2
2023,1,1,6.3039306250000005,0.0,30.2,18.3,27.2
2023,1,1,7.131694791666668,0.0,30.2,18.3,27.2
2023,1,1,6.5521786458333295,0.0,30.2,18.3,27.2
2023,1,1,7.209608333333332,0.0,30.2,18.3,27.2
2023,1,1,6.120329791666669,0.0,30.2,18.3,27.2
2023,1,1,6.952453333333337,0.0,30.2,18.3,27.2
2023,1,1,7.402726458333334,0.0,30.2,18.3,27.2
2023,1,1,6.82999125,0.0,30.2,18.3,27.2
2023,1,1,5.875794374999998,0.0,30.2,18.3,27.2
2023,1,1,5.761248229166667,0.0,30.2,18.3,27.2
2023,1,1,5.936614374999998,0.0,30.2,18.3,27.2
2023,1,1,5.247663541666667,0.0,30.2,18.3,27.2
2023,1,1,6.050908124999999,0.0,30.2,18.3,27.2
2023,1,1,6.220094583333331,0.0,30.2,18.3,27.2
2023,1,1,6.39819020833333,0.0,30.2,18.3,27.2
2023,1,1,6.399541770833333,0.0,30.2,18.3,27.2
2023,1,1,5.642243125000001,0.0,30.2,18.3,27.2
2023,1,1,4.741617499999999,0.0,30.2,18.3,27.2
2023,1,1,4.452889374999999,0.0,30.2,18.3,27.2
2023,1,1,4.731476979166666,0.0,30.2,18.3,27.2
2023,1,1,5.733253020833335,0.0,30.2,18.3,27.2
2023,1,1,6.625401145833336,0.0,30.2,18.3,27.2
2023,1,1,6.437958645833333,0.0,30.2,18.3,27.2
2023,1,1,6.672057708333331,0.0,30.2,18.3,27.2
2023,1,1,5.948611458333331,0.0,30.2,18.3,27.2
2023,1,1,6.096309062499995,0.0,30.2,18.3,27.2
2023,1,1,5.696846666666665,0.0,30.2,18.3,27.2
2023,1,1,6.000339583333333,0.0,30.2,18.3,27.2
2023,1,1,6.163038229166667,0.0,30.2,18.3,27.2
2023,1,1,7.6419503125,0.0,30.2,18.3,27.2
2023,1,1,6.931086979166669,0.0,30.2,18.3,27.2
2023,1,1,6.44963927083333,0.0,30.2,18.3,27.2
2023,1,1,5.976998124999999,0.0,30.2,18.3,27.2
2023,1,1,5.456693541666667,0.0,30.2,18.3,27.2
2023,1,1,5.2093303125000014,0.0,30.2,18.3,27.2
2023,1,1,5.989870729166668,0.0,30.2,18.3,27.2
2023,1,1,6.344817916666667,0.0,30.2,18.3,27.2
2023,1,1,6.168123958333333,0.0,30.2,18.3,27.2
2023,1,1,6.541606458333337,0.0,30.2,18.3,27.2
2023,1,1,5.448746354166666,0.0,30.2,18.3,27.2
2018,1,1,1.2848484375000002,0.0,30.7,18.7,30.4
2018,1,1,1.3738702083333338,0.0,30.7,18.7,30.4
2018,1,1,1.3843121875000015,0.0,30.7,18.7,30.4
2018,1,1,1.4000618749999998,0.0,30.7,18.7,30.4
2018,1,1,1.4942743749999998,0.0,30.7,18.7,30.4
2018,1,1,1.4930507291666684,0.0,30.7,18.7,30.4
2018,1,1,1.3644247916666663,0.0,30.7,18.7,30.4
2018,1,1,1.3447357291666655,0.0,30.7,18.7,30.4
2018,1,1,1.4597328125000013,0.0,30.7,18.7,30.4
2018,1,1,1.423115,0.0,30.7,18.7,30.4
2018,1,1,1.446525520833334,0.0,30.7,18.7,30.4
2018,1,1,1.489745937499998,0.0,30.7,18.7,30.4
2018,1,1,1.4306972916666674,0.0,30.7,18.7,30.4
2018,1,1,1.4194615625000002,0.0,30.7,18.7,30.4
2018,1,1,1.4464633333333337,0.0,30.7,18.7,30.4
2018,1,1,1.458077395833335,0.0,30.7,18.7,30.4
2018,1,1,1.5276345833333351,0.0,30.7,18.7,30.4
2018,1,1,1.436441354166669,0.0,30.7,18.7,30.4
2018,1,1,1.509130833333332,0.0,30.7,18.7,30.4
2018,1,1,1.5989602083333312,0.0,30.7,18.7,30.4
2018,1,1,1.422301145833332,0.0,30.7,18.7,30.4
2018,1,1,1.2695047916666689,0.0,30.7,18.7,30.4
2018,1,1,1.3650168749999994,0.0,30.7,18.7,30.4
2018,1,1,1.4644837500000014,0.0,30.7,18.7,30.4
2018,1,1,1.509585104166667,0.0,30.7,18.7,30.4
2018,1,1,1.5734031250000002,0.0,30.7,18.7,30.4
2018,1,1,1.666450833333334,0.0,30.7,18.7,30.4
2018,1,1,1.5562818749999991,0.0,30.7,18.7,30.4
2018,1,1,1.5627758333333317,0.0,30.7,18.7,30.4
2018,1,1,1.9211231250000007,0.0,30.7,18.7,30.4
2018,1,1,1.8963745833333328,0.0,30.7,18.7,30.4
2018,1,1,1.8185622916666664,0.0,30.7,18.7,30.4
2018,1,1,1.703944687499999,0.0,30.7,18.7,30.4
2018,1,1,1.8216490625000008,0.0,30.7,18.7,30.4
2018,1,1,1.6432918749999994,0.0,30.7,18.7,30.4
2018,1,1,1.705051354166666,0.0,30.7,18.7,30.4
2018,1,1,1.9587414583333336,0.0,30.7,18.7,30.4
2018,1,1,2.137306770833335,0.0,30.7,18.7,30.4
2018,1,1,2.065811041666666,0.0,30.7,18.7,30.4
2018,1,1,2.0749109374999977,0.0,30.7,18.7,30.4
2018,1,1,2.052339375000002,0.0,30.7,18.7,30.4
2018,1,1,1.9246372916666692,0.0,30.7,18.7,30.4
2018,1,1,1.7834689583333347,0.0,30.7,18.7,30.4
2018,1,1,1.7266356249999986,0.0,30.7,18.7,30.4
2018,1,1,1.8650687500000007,0.0,30.7,18.7,30.4
2018,1,1,1.8682392708333324,0.0,30.7,18.7,30.4
2018,1,1,1.8462444791666683,0.0,30.7,18.7,30.4
2018,1,1,1.9413690624999989,0.0,30.7,18.7,30.4
2018,1,1,2.010803124999999,0.0,30.7,18.7,30.4
2018,1,1,1.8606245833333328,0.0,30.7,18.7,30.4
2018,1,1,1.9023935416666689,0.0,30.7,18.7,30.4
2018,1,1,2.481300000000003,0.0,30.7,18.7,30.4
2018,1,1,2.1752740625,0.0,30.7,18.7,30.4
2018,1,1,1.941525,0.0,30.7,18.7,30.4
2018,1,1,1.858692812500001,0.0,30.7,18.7,30.4
2018,1,1,1.8129310416666664,0.0,30.7,18.7,30.4
2018,1,1,1.7391980208333309,0.0,30.7,18.7,30.4
2018,1,1,1.9599009374999996,0.0,30.7,18.7,30.4
2018,1,1,1.9924302083333332,0.0,30.7,18.7,30.4
2018,1,1,2.0385206250000034,0.0,30.7,18.7,30.4
2018,1,1,2.033970624999999,0.0,30.7,18.7,30.4
2018,1,1,2.1104996874999977,0.0,30.7,18.7,30.4
2018,1,1,2.008450104166668,0.0,30.7,18.7,30.4
2018,1,1,1.8702846875,0.0,30.7,18.7,30.4
2018,1,1,1.5955032291666662,0.0,30.7,18.7,30.4
2018,1,1,1.6720812500000009,0.0,30.7,18.7,30.4
2018,1,1,1.7527469791666686,0.0,30.7,18.7,30.4
2018,1,1,1.8435945833333351,0.0,30.7,18.7,30.4
2018,1,1,2.007331562500001,0.0,30.7,18.7,30.4
2018,1,1,1.8484027083333328,0.0,30.7,18.7,30.4
2018,1,1,1.8631828125000012,0.0,30.7,18.7,30.4
2018,1,1,1.969872395833331,0.0,30.7,18.7,30.4
2018,1,1,1.954509895833332,0.0,30.7,18.7,30.4
2018,1,1,1.733790208333334,0.0,30.7,18.7,30.4
2018,1,1,1.8558253124999968,0.0,30.7,18.7,30.4
2018,1,1,1.9313628124999975,0.0,30.7,18.7,30.4
2018,1,1,1.8964215625000025,0.0,30.7,18.7,30.4
2018,1,1,1.6680855208333332,0.0,30.7,18.7,30.4
2018,1,1,1.6012743750000016,0.0,30.7,18.7,30.4
2018,1,1,1.7537730208333324,0.0,30.7,18.7,30.4
2018,1,1,1.7460271875000004,0.0,30.7,18.7,30.4
2018,1,1,1.9720110416666632,0.0,30.7,18.7,30.4
2018,1,1,2.1148467708333354,0.0,30.7,18.7,30.4
2018,1,1,1.7426001041666657,0.0,30.7,18.7,30.4
2018,1,1,1.577353749999998,0.0,30.7,18.7,30.4
2018,1,1,1.7801604166666662,0.0,30.7,18.7,30.4
2018,1,1,1.6652867708333323,0.0,30.7,18.7,30.4
2018,1,1,1.8698994791666677,0.0,30.7,18.7,30.4
2018,1,1,1.9472026041666657,0.0,30.7,18.7,30.4
2018,1,1,2.496791145833332,0.0,30.7,18.7,30.4
2018,1,1,2.5876080208333345,0.0,30.7,18.7,30.4
2018,1,1,3.0520044791666656,0.0,30.7,18.7,30.4
2018,1,1,3.8427441666666673,0.0,30.7,18.7,30.4
2018,1,1,3.893907499999997,0.0,30.7,18.7,30.4
2018,1,1,3.643933020833335,0.0,30.7,18.7,30.4
2018,1,1,3.475977708333332,0.0,30.7,18.7,30.4
2018,1,1,2.829855625000001,0.0,30.7,18.7,30.4
2018,1,1,2.5971992708333342,0.0,30.7,18.7,30.4
2018,1,1,3.338603124999996,0.0,30.7,18.7,30.4
2018,1,1,3.7901733333333314,0.0,30.7,18.7,30.4
2018,1,1,3.5545370833333294,0.0,30.7,18.7,30.4
2018,1,1,3.674783125,0.0,30.7,18.7,30.4
2018,1,1,3.228701145833332,0.0,30.7,18.7,30.4
2018,1,1,2.6586733333333337,0.0,30.7,18.7,30.4
2018,1,1,2.529417604166665,0.0,30.7,18.7,30.4
2018,1,1,3.267036145833333,0.0,30.7,18.7,30.4
2018,1,1,4.693299166666667,0.0,30.7,18.7,30.4
2018,1,1,5.116726979166666,0.0,30.7,18.7,30.4
2018,1,1,4.888849375000002,0.0,30.7,18.7,30.4
2018,1,1,5.24622645833333,0.0,30.7,18.7,30.4
2018,1,1,5.204057083333333,0.0,30.7,18.7,30.4
2018,1,1,4.943748333333335,0.0,30.7,18.7,30.4
2018,1,1,6.205388229166666,0.0,30.7,18.7,30.4
2018,1,1,6.162607083333334,0.0,30.7,18.7,30.4
2018,1,1,6.094381458333333,0.0,30.7,18.7,30.4
2018,1,1,6.022150520833336,0.0,30.7,18.7,30.4
2018,1,1,6.206746979166664,0.0,30.7,18.7,30.4
2018,1,1,5.435029166666671,0.0,30.7,18.7,30.4
2018,1,1,5.103133749999999,0.0,30.7,18.7,30.4
2018,1,1,6.140400520833334,0.0,30.7,18.7,30.4
2018,1,1,6.795062499999999,0.0,30.7,18.7,30.4
2018,1,1,6.48713677083333,0.0,30.7,18.7,30.4
2018,1,1,6.431704062499997,0.0,30.7,18.7,30.4
2018,1,1,6.303248333333336,0.0,30.7,18.7,30.4
2018,1,1,5.377797291666667,0.0,30.7,18.7,30.4
2018,1,1,4.587604583333333,0.0,30.7,18.7,30.4
2018,1,1,5.098446979166667,0.0,30.7,18.7,30.4
2018,1,1,5.744754687499998,0.0,30.7,18.7,30.4
2018,1,1,5.928870729166666,0.0,30.7,18.7,30.4
2018,1,1,5.959613749999995,0.0,30.7,18.7,30.4
2018,1,1,5.77923322916667,0.0,30.7,18.7,30.4
2018,1,1,5.253140937500001,0.0,30.7,18.7,30.4
2018,1,1,4.812441041666665,0.0,30.7,18.7,30.4
2018,1,1,5.3070877083333325,0.0,30.7,18.7,30.4
2018,1,1,5.538830625,0.0,30.7,18.7,30.4
2018,1,1,5.96287197916667,0.0,30.7,18.7,30.4
2018,1,1,5.679773750000005,0.0,30.7,18.7,30.4
2018,1,1,5.627864687500001,0.0,30.7,18.7,30.4
2018,1,1,4.830929062500001,0.0,30.7,18.7,30.4
2018,1,1,4.441263229166672,0.0,30.7,18.7,30.4
2018,1,1,5.087661770833336,0.0,30.7,18.7,30.4
2018,1,1,5.288015937500002,0.0,30.7,18.7,30.4
2018,1,1,5.5411323958333325,0.0,30.7,18.7,30.4
2018,1,1,5.585626562499999,0.0,30.7,18.7,30.4
2018,1,1,5.447921770833332,0.0,30.7,18.7,30.4
2018,1,1,4.793846250000001,0.0,30.7,18.7,30.4
2018,1,1,4.874369479166669,0.0,30.7,18.7,30.4
2018,1,1,5.150417916666664,0.0,30.7,18.7,30.4
2018,1,1,5.304384479166665,0.0,30.7,18.7,30.4
2018,1,1,5.389449270833329,0.0,30.7,18.7,30.4
2018,1,1,5.386249062499998,0.0,30.7,18.7,30.4
2018,1,1,5.095322083333335,0.0,30.7,18.7,30.4
2018,1,1,4.497074166666666,0.0,30.7,18.7,30.4
2018,1,1,3.9581786458333386,0.0,30.7,18.7,30.4
2018,1,1,5.054412708333334,0.0,30.7,18.7,30.4
2018,1,1,5.463521770833338,0.0,30.7,18.7,30.4
2018,1,1,5.623678958333337,0.0,30.7,18.7,30.4
2018,1,1,5.491792083333331,0.0,30.7,18.7,30.4
2018,1,1,4.476323854166663,0.0,30.7,18.7,30.4
2018,1,1,4.2924271875,0.0,30.7,18.7,30.4
2018,1,1,5.633719166666666,0.0,30.7,18.7,30.4
2018,1,1,5.505365416666664,0.0,30.7,18.7,30.4
2018,1,1,5.899512395833337,0.0,30.7,18.7,30.4
2018,1,1,5.880501249999998,0.0,30.7,18.7,30.4
2018,1,1,5.2616138541666695,0.0,30.7,18.7,30.4
2018,1,1,5.153589791666667,0.0,30.7,18.7,30.4
2018,1,1,4.2107717708333325,0.0,30.7,18.7,30.4
2018,1,1,4.848132708333332,0.0,30.7,18.7,30.4
2018,1,1,5.219986458333333,0.0,30.7,18.7,30.4
2018,1,1,5.428843437499999,0.0,30.7,18.7,30.4
2018,1,1,5.575432708333335,0.0,30.7,18.7,30.4
2018,1,1,5.756285520833331,0.0,30.7,18.7,30.4
2018,1,1,4.78646125,0.0,30.7,18.7,30.4
2018,1,1,4.221246979166668,0.0,30.7,18.7,30.4
2018,1,1,4.958181458333333,0.0,30.7,18.7,30.4
2018,1,1,5.524026041666663,0.0,30.7,18.7,30.4
2018,1,1,5.813881145833331,0.0,30.7,18.7,30.4
2018,1,1,5.669813854166667,0.0,30.7,18.7,30.4
2018,1,1,5.5027111458333335,0.0,30.7,18.7,30.4
2018,1,1,5.200997708333328,0.0,30.7,18.7,30.4
2018,1,1,4.863555312500007,0.0,30.7,18.7,30.4
2018,1,1,6.517055208333333,0.0,30.7,18.7,30.4
2018,1,1,5.338352708333329,0.0,30.7,18.7,30.4
2018,1,1,5.217904999999992,0.0,30.7,18.7,30.4
2018,1,1,5.284461770833337,0.0,30.7,18.7,30.4
2018,1,1,5.606760208333331,0.0,30.7,18.7,30.4
2018,1,1,4.746365208333335,0.0,30.7,18.7,30.4
2018,1,1,5.011951458333333,0.0,30.7,18.7,30.4
2018,1,1,5.503211145833331,0.0,30.7,18.7,30.4
2018,1,1,5.3666603125,0.0,30.7,18.7,30.4
2018,1,1,5.509275104166671,0.0,30.7,18.7,30.4
2018,1,1,5.419956041666667,0.0,30.7,18.7,30.4
2018,1,1,5.086151874999999,0.0,30.7,18.7,30.4
2018,1,1,4.905095624999997,0.0,30.7,18.7,30.4
2018,1,1,4.570103229166661,0.0,30.7,18.7,30.4
2018,1,1,4.930950624999998,0.0,30.7,18.7,30.4
2018,1,1,5.216413958333334,0.0,30.7,18.7,30.4
2018,1,1,5.266915416666665,0.0,30.7,18.7,30.4
2018,1,1,5.476719895833335,0.0,30.7,18.7,30.4
2018,1,1,5.392398750000003,0.0,30.7,18.7,30.4
2018,1,1,5.198337083333331,0.0,30.7,18.7,30.4
2018,1,1,4.738103854166664,0.0,30.7,18.7,30.4
2018,1,1,5.084324791666664,0.0,30.7,18.7,30.4
2018,1,1,5.174026666666664,0.0,30.7,18.7,30.4
2018,1,1,5.399124062499999,0.0,30.7,18.7,30.4
2018,1,1,5.5456543750000025,0.0,30.7,18.7,30.4
2018,1,1,5.6921987500000055,0.0,30.7,18.7,30.4
2018,1,1,5.335754583333331,0.0,30.7,18.7,30.4
2018,1,1,5.000625312500002,0.0,30.7,18.7,30.4
2018,1,1,5.465432708333334,0.0,30.7,18.7,30.4
2018,1,1,5.6941687499999984,0.0,30.7,18.7,30.4
2018,1,1,5.896796041666671,0.0,30.7,18.7,30.4
2018,1,1,6.054226666666668,0.0,30.7,18.7,30.4
2018,1,1,6.43263458333334,0.0,30.7,18.7,30.4
2018,1,1,5.812882916666664,0.0,30.7,18.7,30.4
2018,1,1,4.930407812500003,0.0,30.7,18.7,30.4
2018,1,1,5.259316666666661,0.0,30.7,18.7,30.4
2018,1,1,5.399235833333331,0.0,30.7,18.7,30.4
2018,1,1,5.598965104166667,0.0,30.7,18.7,30.4
2018,1,1,6.188174374999999,0.0,30.7,18.7,30.4
2018,1,1,5.817708749999995,0.0,30.7,18.7,30.4
2018,1,1,5.195759062499998,0.0,30.7,18.7,30.4
2018,1,1,4.803475625000004,0.0,30.7,18.7,30.4
2018,1,1,5.563307291666667,0.0,30.7,18.7,30.4
2018,1,1,6.000197812500004,0.0,30.7,18.7,30.4
2018,1,1,6.797925833333328,0.0,30.7,18.7,30.4
2018,1,1,8.468438541666666,0.0,30.7,18.7,30.4
2018,1,1,6.625425208333334,0.0,30.7,18.7,30.4
2018,1,1,6.5236539583333295,0.0,30.7,18.7,30.4
2018,1,1,5.918645624999994,0.0,30.7,18.7,30.4
2018,1,1,6.772105208333333,0.0,30.7,18.7,30.4
2018,1,1,10.499848229166671,0.0,30.7,18.7,30.4
2018,1,1,12.110548854166668,0.0,30.7,18.7,30.4
2018,1,1,7.500850000000008,0.0,30.7,18.7,30.4
2018,1,1,6.698348125000002,0.0,30.7,18.7,30.4
2018,1,1,7.760984999999999,0.0,30.7,18.7,30.4
2018,1,1,9.697613437500005,0.0,30.7,18.7,30.4
2018,1,1,5.717351979166666,0.0,30.7,18.7,30.4
2018,1,1,5.6100814583333305,0.0,30.7,18.7,30.4
2018,1,1,6.016722812500002,0.0,30.7,18.7,30.4
2018,1,1,7.137835625000002,0.0,30.7,18.7,30.4
2018,1,1,9.031477395833331,0.0,30.7,18.7,30.4
2018,1,1,8.774230729166666,0.0,30.7,18.7,30.4
2018,1,1,6.349411979166664,0.0,30.7,18.7,30.4
2018,1,1,6.680727708333329,0.0,30.7,18.7,30.4
2018,1,1,6.780655520833332,0.0,30.7,18.7,30.4
2018,1,1,6.116631875,0.0,30.7,18.7,30.4
2018,1,1,5.813710416666667,0.0,30.7,18.7,30.4
2018,1,1,6.166643124999998,0.0,30.7,18.7,30.4
2018,1,1,8.091589375,0.0,30.7,18.7,30.4
2018,1,1,12.245508437500003,0.0,30.7,18.7,30.4
2018,1,1,10.876532291666663,0.0,30.7,18.7,30.4
2018,1,1,9.212942500000002,0.0,30.7,18.7,30.4
2018,1,1,7.436404687500011,0.0,30.7,18.7,30.4
2018,1,1,7.436975625000001,0.0,30.7,18.7,30.4
2018,1,1,9.291633437500002,0.0,30.7,18.7,30.4
2018,1,1,9.55151520833333,0.0,30.7,18.7,30.4
2018,1,1,5.610479375000001,0.0,30.7,18.7,30.4
2018,1,1,6.272295312499999,0.0,30.7,18.7,30.4
2018,1,1,6.613271354166667,0.0,30.7,18.7,30.4
2018,1,1,6.5842553125000025,0.0,30.7,18.7,30.4
2018,1,1,6.83331864583333,0.0,30.7,18.7,30.4
2018,1,1,7.6900725,0.0,30.7,18.7,30.4
2018,1,1,7.095378854166669,0.0,30.7,18.7,30.4
2018,1,1,6.804654687499998,0.0,30.7,18.7,30.4
2018,1,1,9.78877427083333,0.0,30.7,18.7,30.4
2018,1,1,9.306989687500003,0.0,30.7,18.7,30.4
2018,1,1,9.758324166666666,0.0,30.7,18.7,30.4
2018,1,1,9.25947822916667,0.0,30.7,18.7,30.4
2018,1,1,7.856127395833333,0.0,30.7,18.7,30.4
2018,1,1,8.383997812500002,0.0,30.7,18.7,30.4
2018,1,1,7.599875729166666,0.0,30.7,18.7,30.4
2018,1,1,8.501041041666666,0.0,30.7,18.7,30.4
2018,1,1,9.261748124999995,0.0,30.7,18.7,30.4
2018,1,1,7.42723541666667,0.0,30.7,18.7,30.4
2018,1,1,6.8859962500000025,0.0,30.7,18.7,30.4
2018,1,1,6.783585520833333,0.0,30.7,18.7,30.4
2018,1,1,6.0297960416666605,0.0,30.7,18.7,30.4
2018,1,1,5.4883490625,0.0,30.7,18.7,30.4
2018,1,1,6.356649687500003,0.0,30.7,18.7,30.4
2018,1,1,7.001421145833331,0.0,30.7,18.7,30.4
2018,1,1,7.229343541666668,0.0,30.7,18.7,30.4
2018,1,1,7.475530625000001,0.0,30.7,18.7,30.4
2018,1,1,8.144955416666662,0.0,30.7,18.7,30.4
2018,1,1,7.66372239583333,0.0,30.7,18.7,30.4
2018,1,1,7.074416145833333,0.0,30.7,18.7,30.4
2018,1,1,7.983697187499995,0.0,30.7,18.7,30.4
2018,1,1,8.534976979166665,0.0,30.7,18.7,30.4
2018,1,1,10.737165104166673,0.0,30.7,18.7,30.4
2018,1,1,8.449085000000002,0.0,30.7,18.7,30.4
2018,1,1,7.638819687499999,0.0,30.7,18.7,30.4
2018,1,1,6.8837782291666665,0.0,30.7,18.7,30.4
2018,1,1,7.2506675,0.0,30.7,18.7,30.4
2018,1,1,7.2970179166666655,0.0,30.7,18.7,30.4
2018,1,1,6.7361817708333405,0.0,30.7,18.7,30.4
2018,1,1,6.352952499999997,0.0,30.7,18.7,30.4
2018,1,1,6.717400833333328,0.0,30.7,18.7,30.4
2018,1,1,7.0831595833333365,0.0,30.7,18.7,30.4
2018,1,1,8.803519270833336,0.0,30.7,18.7,30.4
2018,1,1,7.109259791666662,0.0,30.7,18.7,30.4
2018,1,1,7.086429166666669,0.0,30.7,18.7,30.4
2018,1,1,6.999197083333336,0.0,30.7,18.7,30.4
2018,1,1,7.9726015625,0.0,30.7,18.7,30.4
2018,1,1,7.506276354166669,0.0,30.7,18.7,30.4
2018,1,1,7.107076875000001,0.0,30.7,18.7,30.4
2018,1,1,7.357912187499997,0.0,30.7,18.7,30.4
2018,1,1,6.688468750000003,0.0,30.7,18.7,30.4
2018,1,1,7.091103541666669,0.0,30.7,18.7,30.4
2018,1,1,7.096748020833332,0.0,30.7,18.7,30.4
2018,1,1,6.992276979166665,0.0,30.7,18.7,30.4
2018,1,1,6.9952078125,0.0,30.7,18.7,30.4
2018,1,1,6.932299895833327,0.0,30.7,18.7,30.4
2018,1,1,6.350317291666667,0.0,30.7,18.7,30.4
2018,1,1,5.557527708333331,0.0,30.7,18.7,30.4
2018,1,1,6.394746041666671,0.0,30.7,18.7,30.4
2018,1,1,6.917527812499999,0.0,30.7,18.7,30.4
2018,1,1,7.330794166666664,0.0,30.7,18.7,30.4
2018,1,1,8.587150104166668,0.0,30.7,18.7,30.4
2018,1,1,7.7406847916666655,0.0,30.7,18.7,30.4
2018,1,1,8.25970322916667,0.0,30.7,18.7,30.4
2018,1,1,9.492721770833333,0.0,30.7,18.7,30.4
2018,1,1,8.651271458333333,0.0,30.7,18.7,30.4
2018,1,1,7.946030208333334,0.0,30.7,18.7,30.4
2018,1,1,7.551207187499997,0.0,30.7,18.7,30.4
2018,1,1,7.473649479166666,0.0,30.7,18.7,30.4
2018,1,1,7.45596052083333,0.0,30.7,18.7,30.4
2018,1,1,6.842505520833331,0.0,30.7,18.7,30.4
2018,1,1,7.372558437500004,0.0,30.7,18.7,30.4
2018,1,1,7.073643020833333,0.0,30.7,18.7,30.4
2018,1,1,6.938826145833335,0.0,30.7,18.7,30.4
2018,1,1,7.574024062499999,0.0,30.7,18.7,30.4
2018,1,1,7.504193854166663,0.0,30.7,18.7,30.4
2018,1,1,6.873813750000001,0.0,30.7,18.7,30.4
2018,1,1,6.285230000000002,0.0,30.7,18.7,30.4
2018,1,1,6.180143125000001,0.0,30.7,18.7,30.4
2018,1,1,6.780634999999999,0.0,30.7,18.7,30.4
2018,1,1,6.95738020833334,0.0,30.7,18.7,30.4
2018,1,1,7.475875833333333,0.0,30.7,18.7,30.4
2018,1,1,7.532236770833335,0.0,30.7,18.7,30.4
2018,1,1,7.357018437499999,0.0,30.7,18.7,30.4
2018,1,1,7.049630729166665,0.0,30.7,18.7,30.4
2018,1,1,6.420814895833335,0.0,30.7,18.7,30.4
2018,1,1,7.617538645833332,0.0,30.7,18.7,30.4
2018,1,1,7.059751145833335,0.0,30.7,18.7,30.4
2018,1,1,7.185867708333332,0.0,30.7,18.7,30.4
2018,1,1,7.691485312499993,0.0,30.7,18.7,30.4
2018,1,1,8.176657499999996,0.0,30.7,18.7,30.4
2018,1,1,7.079504895833334,0.0,30.7,18.7,30.4
2018,1,1,5.696703333333336,0.0,30.7,18.7,30.4
2018,1,1,6.547214166666662,0.0,30.7,18.7,30.4
2018,1,1,6.884484687500001,0.0,30.7,18.7,30.4
2018,1,1,6.791641145833336,0.0,30.7,18.7,30.4
2018,1,1,6.879203333333339,0.0,30.7,18.7,30.4
2018,1,1,6.898968750000002,0.0,30.7,18.7,30.4
2018,1,1,6.212107395833336,0.0,30.7,18.7,30.4
2018,1,1,5.625608333333332,0.0,30.7,18.7,30.4
2018,1,1,6.211822500000003,0.0,30.7,18.7,30.4
2018,1,1,6.571319687500005,0.0,30.7,18.7,30.4
2018,1,1,6.735183437499998,0.0,30.7,18.7,30.4
2018,1,1,6.565674062499998,0.0,30.7,18.7,30.4
2018,1,1,6.998122083333335,0.0,30.7,18.7,30.4
2018,1,1,6.445617604166665,0.0,30.7,18.7,30.4
2018,1,1,6.023224687500002,0.0,30.7,18.7,30.4
2018,1,1,6.876905520833336,0.0,30.7,18.7,30.4
2020,1,1,7.661437083333333,0.0,28.8,20.3,26.9
2020,1,1,7.6696485416666675,0.0,28.8,20.3,26.9
2020,1,1,7.887264791666664,0.0,28.8,20.3,26.9
2020,1,1,6.908345625000003,0.0,28.8,20.3,26.9
2020,1,1,6.592428437500001,0.0,28.8,20.3,26.9
2020,1,1,7.178063333333334,0.0,28.8,20.3,26.9
2020,1,1,7.692690729166665,0.0,28.8,20.3,26.9
2020,1,1,7.47827239583333,0.0,28.8,20.3,26.9
2020,1,1,7.796165312499999,0.0,28.8,20.3,26.9
2020,1,1,8.558786770833333,0.0,28.8,20.3,26.9
2020,1,1,7.780709479166663,0.0,28.8,20.3,26.9
2020,1,1,6.9465843750000005,0.0,28.8,20.3,26.9
2020,1,1,7.501957187500001,0.0,28.8,20.3,26.9
2020,1,1,7.433763333333334,0.0,28.8,20.3,26.9
2020,1,1,7.747974791666667,0.0,28.8,20.3,26.9
2020,1,1,7.489514166666669,0.0,28.8,20.3,26.9
2020,1,1,7.666808958333334,0.0,28.8,20.3,26.9
2020,1,1,7.05177895833333,0.0,28.8,20.3,26.9
2020,1,1,6.671973958333331,0.0,28.8,20.3,26.9
2020,1,1,7.511120625000001,0.0,28.8,20.3,26.9
2020,1,1,7.535041249999999,0.0,28.8,20.3,26.9
2020,1,1,7.609419479166667,0.0,28.8,20.3,26.9
2020,1,1,7.6679225,0.0,28.8,20.3,26.9
2020,1,1,7.45520875,0.0,28.8,20.3,26.9
2020,1,1,7.028119166666667,0.0,28.8,20.3,26.9
2020,1,1,6.749535416666665,0.0,28.8,20.3,26.9
2020,1,1,8.42219145833333,0.0,28.8,20.3,26.9
2020,1,1,9.466601979166668,0.0,28.8,20.3,26.9
2020,1,1,8.961207395833336,0.0,28.8,20.3,26.9
2020,1,1,9.447555,0.0,28.8,20.3,26.9
2020,1,1,9.511462916666668,0.0,28.8,20.3,26.9
2020,1,1,9.1935790625,0.0,28.8,20.3,26.9
2020,1,1,8.526347812500001,0.0,28.8,20.3,26.9
2020,1,1,8.713107083333334,0.0,28.8,20.3,26.9
2020,1,1,12.229802916666664,0.0,28.8,20.3,26.9
2020,1,1,11.435341666666666,0.0,28.8,20.3,26.9
2020,1,1,9.842272916666664,0.0,28.8,20.3,26.9
2020,1,1,9.423251562500004,0.0,28.8,20.3,26.9
2020,1,1,9.61147770833333,0.0,28.8,20.3,26.9
2020,1,1,7.446809687500001,0.0,28.8,20.3,26.9
2020,1,1,7.270403541666668,0.0,28.8,20.3,26.9
2020,1,1,7.696044895833332,0.0,28.8,20.3,26.9
2020,1,1,8.099011875000002,0.0,28.8,20.3,26.9
2020,1,1,7.996514062499997,0.0,28.8,20.3,26.9
2020,1,1,8.787633333333334,0.0,28.8,20.3,26.9
2020,1,1,9.090509166666664,0.0,28.8,20.3,26.9
2020,1,1,9.148758854166667,0.0,28.8,20.3,26.9
2020,1,1,9.47891822916666,0.0,28.8,20.3,26.9
2020,1,1,9.22229364583333,0.0,28.8,20.3,26.9
2020,1,1,9.62517625,0.0,28.8,20.3,26.9
2020,1,1,10.182475104166668,0.0,28.8,20.3,26.9
2020,1,1,10.570826770833332,0.0,28.8,20.3,26.9
2020,1,1,10.868080625000005,0.0,28.8,20.3,26.9
2020,1,1,10.578480208333334,0.0,28.8,20.3,26.9
2020,1,1,10.496804583333333,0.0,28.8,20.3,26.9
2020,1,1,10.603794479166666,0.0,28.8,20.3,26.9
2020,1,1,9.609786458333334,0.0,28.8,20.3,26.9
2020,1,1,9.283227395833336,0.0,28.8,20.3,26.9
2020,1,1,9.256242083333335,0.0,28.8,20.3,26.9
2020,1,1,8.751096666666667,0.0,28.8,20.3,26.9
2020,1,1,8.240607916666669,0.0,28.8,20.3,26.9
2020,1,1,10.607362916666666,0.0,28.8,20.3,26.9
2020,1,1,10.531992395833328,0.0,28.8,20.3,26.9
2020,1,1,11.702263958333337,0.0,28.8,20.3,26.9
2020,1,1,9.949630729166662,0.0,28.8,20.3,26.9
2020,1,1,9.730530104166666,0.0,28.8,20.3,26.9
2020,1,1,9.015608125000002,0.0,28.8,20.3,26.9
2020,1,1,8.348892083333334,0.0,28.8,20.3,26.9
2020,1,1,9.327893750000005,0.0,28.8,20.3,26.9
2020,1,1,9.548249270833333,0.0,28.8,20.3,26.9
2020,1,1,10.294501458333333,0.0,28.8,20.3,26.9
2020,1,1,9.284197916666663,0.0,28.8,20.3,26.9
2020,1,1,9.16068635416667,0.0,28.8,20.3,26.9
2020,1,1,9.061566875,0.0,28.8,20.3,26.9
2020,1,1,9.007552187500004,0.0,28.8,20.3,26.9
2020,1,1,9.4536165625,0.0,28.8,20.3,26.9
2020,1,1,9.675728958333336,0.0,28.8,20.3,26.9
2020,1,1,9.642826249999995,0.0,28.8,20.3,26.9
2020,1,1,9.404471458333337,0.0,28.8,20.3,26.9
2020,1,1,10.125564583333334,0.0,28.8,20.3,26.9
2020,1,1,9.471434375000005,0.0,28.8,20.3,26.9
2020,1,1,8.084041249999997,0.0,28.8,20.3,26.9
2020,1,1,8.9887296875,0.0,28.8,20.3,26.9
2020,1,1,8.628630520833333,0.0,28.8,20.3,26.9
2020,1,1,8.653920104166668,0.0,28.8,20.3,26.9
2020,1,1,9.248420208333332,0.0,28.8,20.3,26.9
2020,1,1,9.518921145833334,0.0,28.8,20.3,26.9
2020,1,1,8.305517500000002,0.0,28.8,20.3,26.9
2020,1,1,7.935275416666664,0.0,28.8,20.3,26.9
2020,1,1,8.869668125000002,0.0,28.8,20.3,26.9
2020,1,1,9.976798645833332,0.0,28.8,20.3,26.9
2020,1,1,9.642811979166668,0.0,28.8,20.3,26.9
2020,1,1,9.127921041666664,0.0,28.8,20.3,26.9
2020,1,1,10.241450000000002,0.0,28.8,20.3,26.9
2020,1,1,8.55545208333333,0.0,28.8,20.3,26.9
2020,1,1,7.909936874999999,0.0,28.8,20.3,26.9
2020,1,1,8.386549375000003,0.0,28.8,20.3,26.9
2020,1,1,9.155054791666666,0.0,28.8,20.3,26.9
2020,1,1,9.023578645833334,0.0,28.8,20.3,26.9
2020,1,1,8.537807812499997,0.0,28.8,20.3,26.9
2020,1,1,9.119118750000002,0.0,28.8,20.3,26.9
2020,1,1,9.5696390625,0.0,28.8,20.3,26.9
2020,1,1,9.9667171875,0.0,28.8,20.3,26.9
2020,1,1,9.920797604166667,0.0,28.8,20.3,26.9
2020,1,1,10.275450416666663,0.0,28.8,20.3,26.9
2020,1,1,10.005504166666666,0.0,28.8,20.3,26.9
2020,1,1,9.813353125,0.0,28.8,20.3,26.9
2020,1,1,8.966923333333332,0.0,28.8,20.3,26.9
2020,1,1,8.026222291666667,0.0,28.8,20.3,26.9
2020,1,1,7.2004951041666665,0.0,28.8,20.3,26.9
2020,1,1,8.304984166666666,0.0,28.8,20.3,26.9
2020,1,1,8.854245937499998,0.0,28.8,20.3,26.9
2020,1,1,8.0285659375,0.0,28.8,20.3,26.9
2020,1,1,8.124102291666667,0.0,28.8,20.3,26.9
2020,1,1,8.940687083333334,0.0,28.8,20.3,26.9
2020,1,1,7.619771458333332,0.0,28.8,20.3,26.9
2020,1,1,6.727783333333332,0.0,28.8,20.3,26.9
2020,1,1,7.689795208333332,0.0,28.8,20.3,26.9
2020,1,1,8.122428854166671,0.0,28.8,20.3,26.9
2020,1,1,8.48067114583333,0.0,28.8,20.3,26.9
2020,1,1,10.085103437499995,0.0,28.8,20.3,26.9
2020,1,1,11.055564687500002,0.0,28.8,20.3,26.9
2020,1,1,10.659354374999998,0.0,28.8,20.3,26.9
2020,1,1,7.402714270833332,0.0,28.8,20.3,26.9
2020,1,1,7.832026770833334,0.0,28.8,20.3,26.9
2020,1,1,8.108674999999998,0.0,28.8,20.3,26.9
2020,1,1,7.811148125,0.0,28.8,20.3,26.9
2020,1,1,7.838126666666664,0.0,28.8,20.3,26.9
2020,1,1,7.692401979166668,0.0,28.8,20.3,26.9
2020,1,1,7.152394062499996,0.0,28.8,20.3,26.9
2020,1,1,6.9621096875,0.0,28.8,20.3,26.9
2020,1,1,8.361391875,0.0,28.8,20.3,26.9
2020,1,1,9.104656874999998,0.0,28.8,20.3,26.9
2020,1,1,8.36359604166667,0.0,28.8,20.3,26.9
2020,1,1,7.830320312499997,0.0,28.8,20.3,26.9
2020,1,1,7.4696044791666685,0.0,28.8,20.3,26.9
2020,1,1,7.233734687500001,0.0,28.8,20.3,26.9
2020,1,1,6.143832708333332,0.0,28.8,20.3,26.9
2020,1,1,7.133418854166666,0.0,28.8,20.3,26.9
2020,1,1,9.903557708333333,0.0,28.8,20.3,26.9
2020,1,1,8.839909687500002,0.0,28.8,20.3,26.9
2020,1,1,7.981005833333334,0.0,28.8,20.3,26.9
2020,1,1,7.477468541666666,0.0,28.8,20.3,26.9
2020,1,1,6.814941770833332,0.0,28.8,20.3,26.9
2020,1,1,6.5181309375000005,0.0,28.8,20.3,26.9
2020,1,1,6.659229895833335,0.0,28.8,20.3,26.9
2020,1,1,7.357857604166665,0.0,28.8,20.3,26.9
2020,1,1,7.535064166666667,0.0,28.8,20.3,26.9
2020,1,1,7.461283645833331,0.0,28.8,20.3,26.9
2020,1,1,6.832742083333333,0.0,28.8,20.3,26.9
2020,1,1,6.548575312499999,0.0,28.8,20.3,26.9
2020,1,1,5.783495729166667,0.0,28.8,20.3,26.9
2020,1,1,7.52528489583333,0.0,28.8,20.3,26.9
2020,1,1,7.191181041666668,0.0,28.8,20.3,26.9
2020,1,1,6.853363750000001,0.0,28.8,20.3,26.9
2020,1,1,6.558727395833333,0.0,28.8,20.3,26.9
2020,1,1,7.080654583333332,0.0,28.8,20.3,26.9
2020,1,1,6.7957254166666665,0.0,28.8,20.3,26.9
2020,1,1,5.530634062500002,0.0,28.8,20.3,26.9
2020,1,1,6.6717076041666665,0.0,28.8,20.3,26.9
2020,1,1,6.966415416666668,0.0,28.8,20.3,26.9
2020,1,1,7.015646354166666,0.0,28.8,20.3,26.9
2020,1,1,7.045004479166664,0.0,28.8,20.3,26.9
2020,1,1,7.758730520833331,0.0,28.8,20.3,26.9
2020,1,1,6.274764895833333,0.0,28.8,20.3,26.9
2020,1,1,6.632410625,0.0,28.8,20.3,26.9
2020,1,1,6.839028437500002,0.0,28.8,20.3,26.9
2020,1,1,6.899853229166671,0.0,28.8,20.3,26.9
2020,1,1,6.8725618750000015,0.0,28.8,20.3,26.9
2020,1,1,6.150750625,0.0,28.8,20.3,26.9
2020,1,1,5.9172823958333325,0.0,28.8,20.3,26.9
2020,1,1,5.187847187500001,0.0,28.8,20.3,26.9
2020,1,1,5.951475833333332,0.0,28.8,20.3,26.9
2020,1,1,6.474914583333334,0.0,28.8,20.3,26.9
2020,1,1,6.764205,0.0,28.8,20.3,26.9
2020,1,1,6.981247291666666,0.0,28.8,20.3,26.9
2020,1,1,8.151005729166668,0.0,28.8,20.3,26.9
2020,1,1,7.478150625,0.0,28.8,20.3,26.9
2020,1,1,5.290687812500001,0.0,28.8,20.3,26.9
2020,1,1,6.150437500000002,0.0,28.8,20.3,26.9
2020,1,1,6.474182604166667,0.0,28.8,20.3,26.9
2020,1,1,6.962735937499999,0.0,28.8,20.3,26.9
2020,1,1,6.8991487499999975,0.0,28.8,20.3,26.9
2020,1,1,7.024754583333333,0.0,28.8,20.3,26.9
2020,1,1,6.575567395833332,0.0,28.8,20.3,26.9
2020,1,1,6.697540208333334,0.0,28.8,20.3,26.9
2020,1,1,6.5706913541666685,0.0,28.8,20.3,26.9
2020,1,1,6.720547708333334,0.0,28.8,20.3,26.9
2020,1,1,6.519825312500001,0.0,28.8,20.3,26.9
2020,1,1,7.440988437500003,0.0,28.8,20.3,26.9
2020,1,1,7.154333125,0.0,28.8,20.3,26.9
2020,1,1,5.432387187499998,0.0,28.8,20.3,26.9
2020,1,1,5.187703645833332,0.0,28.8,20.3,26.9
2020,1,1,6.158458541666665,0.0,28.8,20.3,26.9
2020,1,1,8.633059062500001,0.0,28.8,20.3,26.9
2020,1,1,6.515013749999998,0.0,28.8,20.3,26.9
2020,1,1,6.508879062500003,0.0,28.8,20.3,26.9
2020,1,1,7.329740000000001,0.0,28.8,20.3,26.9
2020,1,1,5.897425729166664,0.0,28.8,20.3,26.9
2020,1,1,5.566140833333333,0.0,28.8,20.3,26.9
2020,1,1,6.318243437499999,0.0,28.8,20.3,26.9
2020,1,1,7.688306875000001,0.0,28.8,20.3,26.9
2020,1,1,7.192354374999998,0.0,28.8,20.3,26.9
2020,1,1,8.337308541666667,0.0,28.8,20.3,26.9
2020,1,1,8.084793437499997,0.0,28.8,20.3,26.9
2020,1,1,6.979533749999995,0.0,28.8,20.3,26.9
2020,1,1,6.557099375,0.0,28.8,20.3,26.9
2020,1,1,7.905286249999999,0.0,28.8,20.3,26.9
2020,1,1,8.441689999999998,0.0,28.8,20.3,26.9
2020,1,1,6.416805625000002,0.0,28.8,20.3,26.9
2020,1,1,6.969601979166666,0.0,28.8,20.3,26.9
2020,1,1,7.692550624999998,0.0,28.8,20.3,26.9
2020,1,1,7.223443958333331,0.0,28.8,20.3,26.9
2020,1,1,6.730580624999999,0.0,28.8,20.3,26.9
2020,1,1,6.842921770833335,0.0,28.8,20.3,26.9
2020,1,1,7.148868229166665,0.0,28.8,20.3,26.9
2020,1,1,7.752980833333332,0.0,28.8,20.3,26.9
2020,1,1,7.890773437500001,0.0,28.8,20.3,26.9
2020,1,1,7.952264791666667,0.0,28.8,20.3,26.9
2020,1,1,7.382082291666666,0.0,28.8,20.3,26.9
2020,1,1,6.768658020833333,0.0,28.8,20.3,26.9
2020,1,1,7.696282708333335,0.0,28.8,20.3,26.9
2020,1,1,10.2103371875,0.0,28.8,20.3,26.9
2020,1,1,7.256273020833333,0.0,28.8,20.3,26.9
2020,1,1,7.073260833333332,0.0,28.8,20.3,26.9
2020,1,1,7.107280208333335,0.0,28.8,20.3,26.9
2020,1,1,7.304595104166668,0.0,28.8,20.3,26.9
2020,1,1,7.631785625,0.0,28.8,20.3,26.9
2020,1,1,7.007299895833331,0.0,28.8,20.3,26.9
2020,1,1,6.556141145833334,0.0,28.8,20.3,26.9
2020,1,1,6.927541979166666,0.0,28.8,20.3,26.9
2020,1,1,10.022692708333333,0.0,28.8,20.3,26.9
2020,1,1,7.514375208333335,0.0,28.8,20.3,26.9
2020,1,1,10.384809166666669,0.0,28.8,20.3,26.9
2020,1,1,6.685019479166667,0.0,28.8,20.3,26.9
2020,1,1,6.889699895833332,0.0,28.8,20.3,26.9
2020,1,1,7.169110520833335,0.0,28.8,20.3,26.9
2020,1,1,6.241366145833331,0.0,28.8,20.3,26.9
2020,1,1,6.395729270833331,0.0,28.8,20.3,26.9
2020,1,1,6.345308020833333,0.0,28.8,20.3,26.9
2020,1,1,7.44646885416667,0.0,28.8,20.3,26.9
2020,1,1,8.571521770833334,0.0,28.8,20.3,26.9
2020,1,1,8.695088229166668,0.0,28.8,20.3,26.9
2020,1,1,11.278751979166673,0.0,28.8,20.3,26.9
2020,1,1,6.431216354166668,0.0,28.8,20.3,26.9
2020,1,1,6.4241543750000005,0.0,28.8,20.3,26.9
2020,1,1,8.123348125,0.0,28.8,20.3,26.9
2020,1,1,12.76547572916666,0.0,28.8,20.3,26.9
2020,1,1,6.998481250000001,0.0,28.8,20.3,26.9
2020,1,1,6.79768291666667,0.0,28.8,20.3,26.9
2020,1,1,8.753586354166666,0.0,28.8,20.3,26.9
2020,1,1,8.738102500000002,0.0,28.8,20.3,26.9
2020,1,1,7.77542458333333,0.0,28.8,20.3,26.9
2020,1,1,10.856511562499998,0.0,28.8,20.3,26.9
2020,1,1,7.90389395833333,0.0,28.8,20.3,26.9
2020,1,1,6.443432708333336,0.0,28.8,20.3,26.9
2020,1,1,6.866556979166667,0.0,28.8,20.3,26.9
2020,1,1,7.660744166666665,0.0,28.8,20.3,26.9
2020,1,1,8.091262395833333,0.0,28.8,20.3,26.9
2020,1,1,8.292154895833333,0.0,28.8,20.3,26.9
2020,1,1,7.574572291666663,0.0,28.8,20.3,26.9
2020,1,1,6.845142291666665,0.0,28.8,20.3,26.9
2020,1,1,6.655801145833334,0.0,28.8,20.3,26.9
2020,1,1,8.747622812500001,0.0,28.8,20.3,26.9
2020,1,1,8.736348854166662,0.0,28.8,20.3,26.9
2020,1,1,10.233336041666666,0.0,28.8,20.3,26.9
2020,1,1,14.388709583333329,0.0,28.8,20.3,26.9
2020,1,1,11.892429166666666,0.0,28.8,20.3,26.9
2020,1,1,9.38885541666667,0.0,28.8,20.3,26.9
2020,1,1,10.302756458333333,0.0,28.8,20.3,26.9
2020,1,1,9.353417499999995,0.0,28.8,20.3,26.9
2020,1,1,10.794646770833332,0.0,28.8,20.3,26.9
2020,1,1,9.02456854166667,0.0,28.8,20.3,26.9
2020,1,1,9.057895416666666,0.0,28.8,20.3,26.9
2020,1,1,11.996507187500008,0.0,28.8,20.3,26.9
2020,1,1,14.87806416666666,0.0,28.8,20.3,26.9
2020,1,1,13.240413437499994,0.0,28.8,20.3,26.9
2020,1,1,7.719691770833336,0.0,28.8,20.3,26.9
2020,1,1,6.803028750000002,0.0,28.8,20.3,26.9
2020,1,1,6.7303198958333335,0.0,28.8,20.3,26.9
2020,1,1,7.2226149999999985,0.0,28.8,20.3,26.9
2020,1,1,7.608194583333332,0.0,28.8,20.3,26.9
2020,1,1,6.915304895833333,0.0,28.8,20.3,26.9
2020,1,1,7.403045729166667,0.0,28.8,20.3,26.9
2020,1,1,7.611036041666666,0.0,28.8,20.3,26.9
2020,1,1,8.3166890625,0.0,28.8,20.3,26.9
2020,1,1,8.167864270833332,0.0,28.8,20.3,26.9
2020,1,1,8.237868750000002,0.0,28.8,20.3,26.9
2020,1,1,7.43126625,0.0,28.8,20.3,26.9
2020,1,1,6.658456354166668,0.0,28.8,20.3,26.9
2020,1,1,6.5979661458333325,0.0,28.8,20.3,26.9
2020,1,1,7.567819270833335,0.0,28.8,20.3,26.9
2020,1,1,9.788726145833332,0.0,28.8,20.3,26.9
2020,1,1,8.775923958333333,0.0,28.8,20.3,26.9
2020,1,1,7.4097486458333295,0.0,28.8,20.3,26.9
2020,1,1,7.475581562499999,0.0,28.8,20.3,26.9
2020,1,1,6.650801250000003,0.0,28.8,20.3,26.9
2020,1,1,6.042524999999999,0.0,28.8,20.3,26.9
2020,1,1,7.179344895833335,0.0,28.8,20.3,26.9
2020,1,1,8.385474374999996,0.0,28.8,20.3,26.9
2020,1,1,8.843486458333333,0.0,28.8,20.3,26.9
2020,1,1,7.653420625000002,0.0,28.8,20.3,26.9
2020,1,1,7.028246041666667,0.0,28.8,20.3,26.9
2020,1,1,6.459328020833333,0.0,28.8,20.3,26.9
2020,1,1,7.222453437500001,0.0,28.8,20.3,26.9
2020,1,1,10.402267812499998,0.0,28.8,20.3,26.9
2020,1,1,7.773380416666666,0.0,28.8,20.3,26.9
2020,1,1,7.668440416666669,0.0,28.8,20.3,26.9
2020,1,1,8.128926249999996,0.0,28.8,20.3,26.9
2020,1,1,8.152766041666666,0.0,28.8,20.3,26.9
2020,1,1,6.896015208333334,0.0,28.8,20.3,26.9
2020,1,1,5.930617708333333,0.0,28.8,20.3,26.9
2020,1,1,6.577283645833332,0.0,28.8,20.3,26.9
2020,1,1,6.937033437499996,0.0,28.8,20.3,26.9
2020,1,1,6.984734999999998,0.0,28.8,20.3,26.9
2020,1,1,6.540486874999999,0.0,28.8,20.3,26.9
2020,1,1,6.531059583333334,0.0,28.8,20.3,26.9
2020,1,1,6.982885937500007,0.0,28.8,20.3,26.9
2020,1,1,5.898210729166667,0.0,28.8,20.3,26.9
2020,1,1,6.272493854166664,0.0,28.8,20.3,26.9
2020,1,1,6.696789270833334,0.0,28.8,20.3,26.9
2020,1,1,6.325378541666665,0.0,28.8,20.3,26.9
2020,1,1,6.962871145833333,0.0,28.8,20.3,26.9
2020,1,1,8.102339270833333,0.0,28.8,20.3,26.9
2020,1,1,6.499934791666664,0.0,28.8,20.3,26.9
2020,1,1,6.465436145833336,0.0,28.8,20.3,26.9
2020,1,1,6.259997395833334,0.0,28.8,20.3,26.9
2020,1,1,6.646957604166668,0.0,28.8,20.3,26.9
2020,1,1,6.953223020833331,0.0,28.8,20.3,26.9
2020,1,1,7.712578854166668,0.0,28.8,20.3,26.9
2020,1,1,6.695644270833328,0.0,28.8,20.3,26.9
2020,1,1,6.724408958333334,0.0,28.8,20.3,26.9
2020,1,1,6.252868854166667,0.0,28.8,20.3,26.9
2020,1,1,6.915692916666671,0.0,28.8,20.3,26.9
2020,1,1,6.980809479166669,0.0,28.8,20.3,26.9
2020,1,1,7.1136530208333335,0.0,28.8,20.3,26.9
2020,1,1,7.348639687499999,0.0,28.8,20.3,26.9
2020,1,1,7.010082395833333,0.0,28.8,20.3,26.9
2020,1,1,6.1773046875,0.0,28.8,20.3,26.9
2020,1,1,5.675906458333333,0.0,28.8,20.3,26.9
2020,1,1,6.092616666666667,0.0,28.8,20.3,26.9
2020,1,1,6.97516854166667,0.0,28.8,20.3,26.9
2020,1,1,7.412107812500001,0.0,28.8,20.3,26.9
2020,1,1,7.326074062499999,0.0,28.8,20.3,26.9
2020,1,1,6.811922395833329,0.0,28.8,20.3,26.9
2020,1,1,5.769344479166666,0.0,28.8,20.3,26.9
2020,1,1,5.58323447916667,0.0,28.8,20.3,26.9
2020,1,1,5.843583645833333,0.0,28.8,20.3,26.9
2020,1,1,6.156746562499997,0.0,28.8,20.3,26.9
2020,1,1,6.62752260416667,0.0,28.8,20.3,26.9
2020,1,1,7.092793125000003,0.0,28.8,20.3,26.9
2020,1,1,6.371953750000002,0.0,28.8,20.3,26.9
2020,1,1,5.957553333333336,0.0,28.8,20.3,26.9
2020,1,1,5.826117604166666,0.0,28.8,20.3,26.9
2020,1,1,6.531747291666664,0.0,28.8,20.3,26.9
2020,1,1,7.117528541666666,0.0,28.8,20.3,26.9
2020,1,1,6.629523125000006,0.0,28.8,20.3,26.9
2020,1,1,6.67756875,0.0,28.8,20.3,26.9
2020,1,1,6.37605166666667,0.0,28.8,20.3,26.9
2020,1,1,5.870311041666665,0.0,28.8,20.3,26.9
2020,1,1,5.847983749999998,0.0,28.8,20.3,26.9
2020,1,1,7.057661666666665,0.0,28.8,20.3,26.9
2020,1,1,7.316333333333334,0.0,28.8,20.3,26.9
2020,1,1,7.119347500000001,0.0,28.8,20.3,26.9
2020,1,1,8.2386625,0.0,28.8,20.3,26.9
