Bureau of Meteorology station number,Year,Month,Day,Rainfall amount (millimetres),Period over which rainfall was measured (days),index
61381,2015,1,1,0.0,1.0,0
61381,2015,1,2,8.0,1.0,1
61381,2015,1,3,0.0,1.0,2
61381,2015,1,4,0.0,1.0,3
61381,2015,1,5,0.0,1.0,4
61381,2015,1,6,0.0,1.0,5
61381,2015,1,7,0.0,1.0,6
61381,2015,1,8,0.0,1.0,7
61381,2015,1,9,0.0,1.0,8
61381,2015,1,10,0.0,1.0,9
61381,2015,1,11,11.0,1.0,10
61381,2015,1,12,14.0,1.0,11
61381,2015,1,13,4.0,1.0,12
61381,2015,1,14,1.0,1.0,13
61381,2015,1,15,0.0,1.0,14
61381,2015,1,16,0.0,1.0,15
61381,2015,1,17,0.0,1.0,16
61381,2015,1,18,0.0,1.0,17
61381,2015,1,19,103.0,1.0,18
61381,2015,1,20,37.0,1.0,19
61381,2015,1,21,1.0,1.0,20
61381,2015,1,22,0.0,1.0,21
61381,2015,1,23,0.0,1.0,22
61381,2015,1,24,0.0,1.0,23
61381,2015,1,25,0.0,1.0,24
61381,2015,1,26,0.0,1.0,25
61381,2015,1,27,32.0,1.0,26
61381,2015,1,28,100.0,1.0,27
61381,2015,1,29,11.0,1.0,28
61381,2015,1,30,0.0,1.0,29
61381,2015,1,31,0.0,1.0,30
61381,2015,2,1,0.0,1.0,31
61381,2015,2,2,3.0,1.0,32
61381,2015,2,3,28.0,1.0,33
61381,2015,2,4,1.0,1.0,34
61381,2015,2,5,4.0,1.0,35
61381,2015,2,6,0.0,1.0,36
61381,2015,2,7,0.0,1.0,37
61381,2015,2,8,0.0,1.0,38
61381,2015,2,9,0.0,1.0,39
61381,2015,2,10,4.0,1.0,40
61381,2015,2,11,0.0,1.0,41
61381,2015,2,12,0.0,1.0,42
61381,2015,2,13,7.0,1.0,43
61381,2015,2,14,0.0,1.0,44
61381,2015,2,15,0.0,1.0,45
61381,2015,2,16,0.0,1.0,46
61381,2015,2,17,0.0,1.0,47
61381,2015,2,18,0.0,1.0,48
61381,2015,2,19,0.0,1.0,49
61381,2015,2,20,0.0,1.0,50
61381,2015,2,21,26.0,1.0,51
61381,2015,2,22,4.0,1.0,52
61381,2015,2,23,8.0,1.0,53
61381,2015,2,24,0.0,1.0,54
61381,2015,2,25,1.0,1.0,55
61381,2015,2,26,5.0,1.0,56
61381,2015,2,27,0.0,1.0,57
61381,2015,2,28,0.0,1.0,58
61381,2015,3,1,0.0,1.0,59
61381,2015,3,2,7.0,1.0,60
61381,2015,3,3,0.0,1.0,61
61381,2015,3,4,0.0,1.0,62
61381,2015,3,5,0.0,1.0,63
61381,2015,3,6,0.0,1.0,64
61381,2015,3,7,0.0,1.0,65
61381,2015,3,8,0.0,1.0,66
61381,2015,3,9,0.0,1.0,67
61381,2015,3,10,0.0,1.0,68
61381,2015,3,11,0.0,1.0,69
61381,2015,3,12,1.0,1.0,70
61381,2015,3,13,10.0,1.0,71
61381,2015,3,14,6.0,1.0,72
61381,2015,3,15,0.0,1.0,73
61381,2015,3,16,15.0,1.0,74
61381,2015,3,17,0.0,1.0,75
61381,2015,3,18,0.0,1.0,76
61381,2015,3,19,3.0,1.0,77
61381,2015,3,20,0.0,1.0,78
61381,2015,3,21,13.0,1.0,79
61381,2015,3,22,2.0,1.0,80
61381,2015,3,23,0.0,1.0,81
61381,2015,3,24,0.0,1.0,82
61381,2015,3,25,26.0,1.0,83
61381,2015,3,26,0.0,1.0,84
61381,2015,3,27,0.0,1.0,85
61381,2015,3,28,0.0,1.0,86
61381,2015,3,29,0.0,1.0,87
61381,2015,3,30,0.0,1.0,88
61381,2015,3,31,10.0,1.0,89
61381,2015,4,1,31.0,1.0,90
61381,2015,4,2,0.0,1.0,91
61381,2015,4,3,1.0,1.0,92
61381,2015,4,4,67.0,1.0,93
61381,2015,4,5,67.0,1.0,94
61381,2015,4,6,0.0,1.0,95
61381,2015,4,7,8.0,1.0,96
61381,2015,4,8,4.0,1.0,97
61381,2015,4,9,0.0,1.0,98
61381,2015,4,10,2.0,1.0,99
61381,2015,4,11,2.0,1.0,100
61381,2015,4,12,1.0,1.0,101
61381,2015,4,13,0.0,1.0,102
61381,2015,4,14,0.0,1.0,103
61381,2015,4,15,0.0,1.0,104
61381,2015,4,16,4.0,1.0,105
61381,2015,4,17,0.0,1.0,106
61381,2015,4,18,0.0,1.0,107
61381,2015,4,19,0.0,1.0,108
61381,2015,4,20,20.0,1.0,109
61381,2015,4,21,108.0,1.0,110
61381,2015,4,22,131.0,1.0,111
61381,2015,4,23,12.0,1.0,112
61381,2015,4,24,0.0,1.0,113
61381,2015,4,25,0.0,1.0,114
61381,2015,4,26,3.0,1.0,115
61381,2015,4,27,3.0,1.0,116
61381,2015,4,28,0.0,1.0,117
61381,2015,4,29,0.0,1.0,118
61381,2015,4,30,28.0,1.0,119
61381,2015,5,1,14.0,1.0,120
61381,2015,5,2,6.0,1.0,121
61381,2015,5,3,73.0,1.0,122
61381,2015,5,4,12.0,1.0,123
61381,2015,5,5,0.0,1.0,124
61381,2015,5,6,0.0,1.0,125
61381,2015,5,7,0.0,1.0,126
61381,2015,5,8,0.0,1.0,127
61381,2015,5,9,0.0,1.0,128
61381,2015,5,10,0.0,1.0,129
61381,2015,5,11,0.0,1.0,130
61381,2015,5,12,0.0,1.0,131
61381,2015,5,13,0.0,1.0,132
61381,2015,5,14,0.0,1.0,133
61381,2015,5,15,0.0,1.0,134
61381,2015,5,16,5.0,1.0,135
61381,2015,5,17,1.0,1.0,136
61381,2015,5,18,0.0,1.0,137
61381,2015,5,19,0.0,1.0,138
61381,2015,5,20,0.0,1.0,139
61381,2015,5,21,1.0,1.0,140
61381,2015,5,22,2.0,1.0,141
61381,2015,5,23,46.0,1.0,142
61381,2015,5,24,0.0,1.0,143
61381,2015,5,25,0.0,1.0,144
61381,2015,5,26,0.0,1.0,145
61381,2015,5,27,0.0,1.0,146
61381,2015,5,28,0.0,1.0,147
61381,2015,5,29,0.0,1.0,148
61381,2015,5,30,0.0,1.0,149
61381,2015,5,31,2.0,1.0,150
61381,2015,6,1,0.0,1.0,151
61381,2015,6,2,0.0,1.0,152
61381,2015,6,3,0.0,1.0,153
61381,2015,6,4,0.0,1.0,154
61381,2015,6,5,1.0,1.0,155
61381,2015,6,6,0.0,1.0,156
61381,2015,6,7,0.0,1.0,157
61381,2015,6,8,0.0,1.0,158
61381,2015,6,9,0.0,1.0,159
61381,2015,6,10,1.0,1.0,160
61381,2015,6,11,14.0,1.0,161
61381,2015,6,12,10.0,1.0,162
61381,2015,6,13,0.0,1.0,163
61381,2015,6,14,0.0,1.0,164
61381,2015,6,15,2.0,1.0,165
61381,2015,6,16,11.0,1.0,166
61381,2015,6,17,12.0,1.0,167
61381,2015,6,18,1.0,1.0,168
61381,2015,6,19,13.0,1.0,169
61381,2015,6,20,9.0,1.0,170
61381,2015,6,21,1.0,1.0,171
61381,2015,6,22,0.0,1.0,172
61381,2015,6,23,0.0,1.0,173
61381,2015,6,24,0.0,1.0,174
61381,2015,6,25,0.0,1.0,175
61381,2015,6,26,30.0,1.0,176
61381,2015,6,27,0.0,1.0,177
61381,2015,6,28,0.0,1.0,178
61381,2015,6,29,0.0,1.0,179
61381,2015,6,30,0.0,1.0,180
61381,2015,7,1,1.0,1.0,181
61381,2015,7,2,0.0,1.0,182
61381,2015,7,3,0.0,1.0,183
61381,2015,7,4,0.0,1.0,184
61381,2015,7,5,0.0,1.0,185
61381,2015,7,6,0.0,1.0,186
61381,2015,7,7,0.0,1.0,187
61381,2015,7,8,1.0,1.0,188
61381,2015,7,9,0.0,1.0,189
61381,2015,7,10,0.0,1.0,190
61381,2015,7,11,4.0,1.0,191
61381,2015,7,12,4.0,1.0,192
61381,2015,7,13,2.0,1.0,193
61381,2015,7,14,0.0,1.0,194
61381,2015,7,15,0.0,1.0,195
61381,2015,7,16,0.0,1.0,196
61381,2015,7,17,1.0,1.0,197
61381,2015,7,18,1.0,1.0,198
61381,2015,7,19,2.0,1.0,199
61381,2015,7,20,2.0,1.0,200
61381,2015,7,21,0.0,1.0,201
61381,2015,7,22,0.0,1.0,202
61381,2015,7,23,4.0,1.0,203
61381,2015,7,24,0.0,1.0,204
61381,2015,7,25,1.0,1.0,205
61381,2015,7,26,0.0,1.0,206
61381,2015,7,27,0.0,1.0,207
61381,2015,7,28,0.0,1.0,208
61381,2015,7,29,0.0,1.0,209
61381,2015,7,30,0.0,1.0,210
61381,2015,7,31,0.0,1.0,211
61381,2015,8,1,0.0,1.0,212
61381,2015,8,2,0.0,1.0,213
61381,2015,8,3,0.0,1.0,214
61381,2015,8,4,0.0,1.0,215
61381,2015,8,5,0.0,1.0,216
61381,2015,8,6,0.0,1.0,217
61381,2015,8,7,0.0,1.0,218
61381,2015,8,8,0.0,1.0,219
61381,2015,8,9,0.0,1.0,220
61381,2015,8,10,0.0,1.0,221
61381,2015,8,11,0.0,1.0,222
61381,2015,8,12,0.0,1.0,223
61381,2015,8,13,0.0,1.0,224
61381,2015,8,14,0.0,1.0,225
61381,2015,8,15,0.0,1.0,226
61381,2015,8,16,0.0,1.0,227
61381,2015,8,17,0.0,1.0,228
61381,2015,8,18,0.0,1.0,229
61381,2015,8,19,0.0,1.0,230
61381,2015,8,20,0.0,1.0,231
61381,2015,8,21,0.0,1.0,232
61381,2015,8,22,0.0,1.0,233
61381,2015,8,23,11.0,1.0,234
61381,2015,8,24,6.0,1.0,235
61381,2015,8,25,17.0,1.0,236
61381,2015,8,26,2.0,1.0,237
61381,2015,8,27,0.0,1.0,238
61381,2015,8,28,0.0,1.0,239
61381,2015,8,29,0.0,1.0,240
61381,2015,8,30,0.0,1.0,241
61381,2015,8,31,0.0,1.0,242
61381,2015,9,1,0.0,1.0,243
61381,2015,9,2,0.0,1.0,244
61381,2015,9,3,4.0,1.0,245
61381,2015,9,4,4.0,1.0,246
61381,2015,9,5,1.0,1.0,247
61381,2015,9,6,1.0,1.0,248
61381,2015,9,7,2.0,1.0,249
61381,2015,9,8,0.0,1.0,250
61381,2015,9,9,0.0,1.0,251
61381,2015,9,10,0.0,1.0,252
61381,2015,9,11,0.0,1.0,253
61381,2015,9,12,0.0,1.0,254
61381,2015,9,13,0.0,1.0,255
61381,2015,9,14,0.0,1.0,256
61381,2015,9,15,0.0,1.0,257
61381,2015,9,16,0.0,1.0,258
61381,2015,9,17,0.0,1.0,259
61381,2015,9,18,25.0,1.0,260
61381,2015,9,19,3.0,1.0,261
61381,2015,9,20,8.0,1.0,262
61381,2015,9,21,2.0,1.0,263
61381,2015,9,22,1.0,1.0,264
61381,2015,9,23,1.0,1.0,265
61381,2015,9,24,2.0,1.0,266
61381,2015,9,25,53.0,1.0,267
61381,2015,9,26,13.0,1.0,268
61381,2015,9,27,5.0,1.0,269
61381,2015,9,28,0.0,1.0,270
61381,2015,9,29,0.0,1.0,271
61381,2015,9,30,0.0,1.0,272
61381,2015,10,1,0.0,1.0,273
61381,2015,10,2,0.0,1.0,274
61381,2015,10,3,0.0,1.0,275
61381,2015,10,4,0.0,1.0,276
61381,2015,10,5,0.0,1.0,277
61381,2015,10,6,0.0,1.0,278
61381,2015,10,7,0.0,1.0,279
61381,2015,10,8,0.0,1.0,280
61381,2015,10,9,0.0,1.0,281
61381,2015,10,10,0.0,1.0,282
61381,2015,10,11,0.0,1.0,283
61381,2015,10,12,8.0,1.0,284
61381,2015,10,13,3.0,1.0,285
61381,2015,10,14,2.0,1.0,286
61381,2015,10,15,0.0,1.0,287
61381,2015,10,16,0.0,1.0,288
61381,2015,10,17,0.0,1.0,289
61381,2015,10,18,0.0,1.0,290
61381,2015,10,19,1.0,1.0,291
61381,2015,10,20,0.0,1.0,292
61381,2015,10,21,0.0,1.0,293
61381,2015,10,22,3.0,1.0,294
61381,2015,10,23,25.0,1.0,295
61381,2015,10,24,0.0,1.0,296
61381,2015,10,25,0.0,1.0,297
61381,2015,10,26,0.0,1.0,298
61381,2015,10,27,9.0,1.0,299
61381,2015,10,28,0.0,1.0,300
61381,2015,10,29,0.0,1.0,301
61381,2015,10,30,0.0,1.0,302
61381,2015,10,31,0.0,1.0,303
61381,2015,11,1,0.0,1.0,304
61381,2015,11,2,7.0,1.0,305
61381,2015,11,3,6.0,1.0,306
61381,2015,11,4,19.0,1.0,307
61381,2015,11,5,34.0,1.0,308
61381,2015,11,6,4.0,1.0,309
61381,2015,11,7,19.0,1.0,310
61381,2015,11,8,8.0,1.0,311
61381,2015,11,9,1.0,1.0,312
61381,2015,11,10,0.0,1.0,313
61381,2015,11,11,0.0,1.0,314
61381,2015,11,12,0.0,1.0,315
61381,2015,11,13,5.0,1.0,316
61381,2015,11,14,13.0,1.0,317
61381,2015,11,15,43.0,1.0,318
61381,2015,11,16,13.0,1.0,319
61381,2015,11,17,0.0,1.0,320
61381,2015,11,18,0.0,1.0,321
61381,2015,11,19,0.0,1.0,322
61381,2015,11,20,0.0,1.0,323
61381,2015,11,21,0.0,1.0,324
61381,2015,11,22,0.0,1.0,325
61381,2015,11,23,0.0,1.0,326
61381,2015,11,24,0.0,1.0,327
61381,2015,11,25,0.0,1.0,328
61381,2015,11,26,0.0,1.0,329
61381,2015,11,27,0.0,1.0,330
61381,2015,11,28,0.0,1.0,331
61381,2015,11,29,0.0,1.0,332
61381,2015,11,30,3.0,1.0,333
61381,2015,12,1,0.0,1.0,334
61381,2015,12,2,0.0,1.0,335
61381,2015,12,3,0.0,1.0,336
61381,2015,12,4,0.0,1.0,337
61381,2015,12,5,0.0,1.0,338
61381,2015,12,6,0.0,1.0,339
61381,2015,12,7,0.0,1.0,340
61381,2015,12,8,0.0,1.0,341
61381,2015,12,9,1.0,1.0,342
61381,2015,12,10,8.0,1.0,343
61381,2015,12,11,0.0,1.0,344
61381,2015,12,12,0.0,1.0,345
61381,2015,12,13,0.0,1.0,346
61381,2015,12,14,0.0,1.0,347
61381,2015,12,15,0.0,1.0,348
61381,2015,12,16,0.0,1.0,349
61381,2015,12,17,20.0,1.0,350
61381,2015,12,18,0.0,1.0,351
61381,2015,12,19,0.0,1.0,352
61381,2015,12,20,0.0,1.0,353
61381,2015,12,21,0.0,1.0,354
61381,2015,12,22,51.0,1.0,355
61381,2015,12,23,34.0,1.0,356
61381,2015,12,24,2.0,1.0,357
61381,2015,12,25,1.0,1.0,358
61381,2015,12,26,0.0,1.0,359
61381,2015,12,27,7.0,1.0,360
61381,2015,12,28,2.0,1.0,361
61381,2015,12,29,0.0,1.0,362
61381,2015,12,30,0.0,1.0,363
61381,2015,12,31,0.0,1.0,364
61381,2016,1,1,0.0,1.0,365
61381,2016,1,2,0.0,1.0,366
61381,2016,1,3,1.0,1.0,367
61381,2016,1,4,29.0,1.0,368
61381,2016,1,5,29.0,1.0,369
61381,2016,1,6,96.0,1.0,370
61381,2016,1,7,36.0,1.0,371
61381,2016,1,8,0.0,1.0,372
61381,2016,1,9,0.0,1.0,373
61381,2016,1,10,1.0,1.0,374
61381,2016,1,11,0.0,1.0,375
61381,2016,1,12,7.0,1.0,376
61381,2016,1,13,0.0,1.0,377
61381,2016,1,14,0.0,1.0,378
61381,2016,1,15,45.0,1.0,379
61381,2016,1,16,10.0,1.0,380
61381,2016,1,17,2.0,1.0,381
61381,2016,1,18,1.0,1.0,382
61381,2016,1,19,0.0,1.0,383
61381,2016,1,20,0.0,1.0,384
61381,2016,1,21,0.0,1.0,385
61381,2016,1,22,39.0,1.0,386
61381,2016,1,23,39.0,1.0,387
61381,2016,1,24,1.0,1.0,388
61381,2016,1,25,0.0,1.0,389
61381,2016,1,26,2.0,1.0,390
61381,2016,1,27,2.0,1.0,391
61381,2016,1,28,6.0,1.0,392
61381,2016,1,29,2.0,1.0,393
61381,2016,1,30,0.0,1.0,394
61381,2016,1,31,0.0,1.0,395
61381,2016,2,1,0.0,1.0,396
61381,2016,2,2,0.0,1.0,397
61381,2016,2,3,0.0,1.0,398
61381,2016,2,4,13.0,1.0,399
61381,2016,2,5,7.0,1.0,400
61381,2016,2,6,1.0,1.0,401
61381,2016,2,7,0.0,1.0,402
61381,2016,2,8,0.0,1.0,403
61381,2016,2,9,0.0,1.0,404
61381,2016,2,10,0.0,1.0,405
61381,2016,2,11,0.0,1.0,406
61381,2016,2,12,0.0,1.0,407
61381,2016,2,13,0.0,1.0,408
61381,2016,2,14,0.0,1.0,409
61381,2016,2,15,0.0,1.0,410
61381,2016,2,16,0.0,1.0,411
61381,2016,2,17,0.0,1.0,412
61381,2016,2,18,0.0,1.0,413
61381,2016,2,19,0.0,1.0,414
61381,2016,2,20,0.0,1.0,415
61381,2016,2,21,11.0,1.0,416
61381,2016,2,22,0.0,1.0,417
61381,2016,2,23,0.0,1.0,418
61381,2016,2,24,0.0,1.0,419
61381,2016,2,25,0.0,1.0,420
61381,2016,2,26,0.0,1.0,421
61381,2016,2,27,0.0,1.0,422
61381,2016,2,28,0.0,1.0,423
61381,2016,2,29,0.0,1.0,424
61381,2016,3,1,0.0,1.0,425
61381,2016,3,2,0.0,1.0,426
61381,2016,3,3,0.0,1.0,427
61381,2016,3,4,0.0,1.0,428
61381,2016,3,5,0.0,1.0,429
61381,2016,3,6,0.0,1.0,430
61381,2016,3,7,0.0,1.0,431
61381,2016,3,8,0.0,1.0,432
61381,2016,3,9,1.0,1.0,433
61381,2016,3,10,0.0,1.0,434
61381,2016,3,11,0.0,1.0,435
61381,2016,3,12,2.0,1.0,436
61381,2016,3,13,0.0,1.0,437
61381,2016,3,14,0.0,1.0,438
61381,2016,3,15,10.0,1.0,439
61381,2016,3,16,51.0,1.0,440
61381,2016,3,17,7.0,1.0,441
61381,2016,3,18,16.0,1.0,442
61381,2016,3,19,12.0,1.0,443
61381,2016,3,20,3.0,1.0,444
61381,2016,3,21,38.0,1.0,445
61381,2016,3,22,8.0,1.0,446
61381,2016,3,23,0.0,1.0,447
61381,2016,3,24,0.0,1.0,448
61381,2016,3,25,0.0,1.0,449
61381,2016,3,26,0.0,1.0,450
61381,2016,3,27,0.0,1.0,451
61381,2016,3,28,13.0,1.0,452
61381,2016,3,29,0.0,1.0,453
61381,2016,3,30,0.0,1.0,454
61381,2016,3,31,0.0,1.0,455
61381,2016,4,1,0.0,1.0,456
61381,2016,4,2,0.0,1.0,457
61381,2016,4,3,0.0,1.0,458
61381,2016,4,4,55.0,1.0,459
61381,2016,4,5,2.0,1.0,460
61381,2016,4,6,0.0,1.0,461
61381,2016,4,7,0.0,1.0,462
61381,2016,4,8,0.0,1.0,463
61381,2016,4,9,1.0,1.0,464
61381,2016,4,10,0.0,1.0,465
61381,2016,4,11,0.0,1.0,466
61381,2016,4,12,5.0,1.0,467
61381,2016,4,13,1.0,1.0,468
61381,2016,4,14,0.0,1.0,469
61381,2016,4,15,0.0,1.0,470
61381,2016,4,16,0.0,1.0,471
61381,2016,4,17,3.0,1.0,472
61381,2016,4,18,10.0,1.0,473
61381,2016,4,19,4.0,1.0,474
61381,2016,4,20,0.0,1.0,475
61381,2016,4,21,1.0,1.0,476
61381,2016,4,22,0.0,1.0,477
61381,2016,4,23,4.0,1.0,478
61381,2016,4,24,12.0,1.0,479
61381,2016,4,25,0.0,1.0,480
61381,2016,4,26,0.0,1.0,481
61381,2016,4,27,0.0,1.0,482
61381,2016,4,28,0.0,1.0,483
61381,2016,4,29,0.0,1.0,484
61381,2016,4,30,0.0,1.0,485
61381,2016,5,1,7.0,1.0,486
61381,2016,5,2,0.0,1.0,487
61381,2016,5,3,0.0,1.0,488
61381,2016,5,4,0.0,1.0,489
61381,2016,5,5,0.0,1.0,490
61381,2016,5,6,0.0,1.0,491
61381,2016,5,7,0.0,1.0,492
61381,2016,5,8,0.0,1.0,493
61381,2016,5,9,0.0,1.0,494
61381,2016,5,10,0.0,1.0,495
61381,2016,5,11,0.0,1.0,496
61381,2016,5,12,0.0,1.0,497
61381,2016,5,13,0.0,1.0,498
61381,2016,5,14,0.0,1.0,499
61381,2016,5,15,0.0,1.0,500
61381,2016,5,16,0.0,1.0,501
61381,2016,5,17,0.0,1.0,502
61381,2016,5,18,0.0,1.0,503
61381,2016,5,19,0.0,1.0,504
61381,2016,5,20,0.0,1.0,505
61381,2016,5,21,0.0,1.0,506
61381,2016,5,22,0.0,1.0,507
61381,2016,5,23,0.0,1.0,508
61381,2016,5,24,0.0,1.0,509
61381,2016,5,25,0.0,1.0,510
61381,2016,5,26,1.0,1.0,511
61381,2016,5,27,0.0,1.0,512
61381,2016,5,28,0.0,1.0,513
61381,2016,5,29,1.0,1.0,514
61381,2016,5,30,0.0,1.0,515
61381,2016,5,31,0.0,1.0,516
61381,2016,6,1,20.0,1.0,517
61381,2016,6,2,0.0,1.0,518
61381,2016,6,3,0.0,1.0,519
61381,2016,6,4,18.0,1.0,520
61381,2016,6,5,137.0,1.0,521
61381,2016,6,6,91.0,1.0,522
61381,2016,6,7,0.0,1.0,523
61381,2016,6,8,0.0,1.0,524
61381,2016,6,9,0.0,1.0,525
61381,2016,6,10,0.0,1.0,526
61381,2016,6,11,0.0,1.0,527
61381,2016,6,12,0.0,1.0,528
61381,2016,6,13,0.0,1.0,529
61381,2016,6,14,0.0,1.0,530
61381,2016,6,15,0.0,1.0,531
61381,2016,6,16,0.0,1.0,532
61381,2016,6,17,0.0,1.0,533
61381,2016,6,18,2.0,1.0,534
61381,2016,6,19,1.0,1.0,535
61381,2016,6,20,39.0,1.0,536
61381,2016,6,21,0.0,1.0,537
61381,2016,6,22,0.0,1.0,538
61381,2016,6,23,0.0,1.0,539
61381,2016,6,24,0.0,1.0,540
61381,2016,6,25,1.0,1.0,541
61381,2016,6,26,0.0,1.0,542
61381,2016,6,27,0.0,1.0,543
61381,2016,6,28,1.0,1.0,544
61381,2016,6,29,0.0,1.0,545
61381,2016,6,30,0.0,1.0,546
61381,2016,7,1,0.0,1.0,547
61381,2016,7,2,0.0,1.0,548
61381,2016,7,3,0.0,1.0,549
61381,2016,7,4,0.0,1.0,550
61381,2016,7,5,5.0,1.0,551
61381,2016,7,6,0.0,1.0,552
61381,2016,7,7,12.0,1.0,553
61381,2016,7,8,29.0,1.0,554
61381,2016,7,9,12.0,1.0,555
61381,2016,7,10,1.0,1.0,556
61381,2016,7,11,0.0,1.0,557
61381,2016,7,12,0.0,1.0,558
61381,2016,7,13,0.0,1.0,559
61381,2016,7,14,0.0,1.0,560
61381,2016,7,15,0.0,1.0,561
61381,2016,7,16,0.0,1.0,562
61381,2016,7,17,3.0,1.0,563
61381,2016,7,18,0.0,1.0,564
61381,2016,7,19,0.0,1.0,565
61381,2016,7,20,19.0,1.0,566
61381,2016,7,21,18.0,1.0,567
61381,2016,7,22,2.0,1.0,568
61381,2016,7,23,2.0,1.0,569
61381,2016,7,24,0.0,1.0,570
61381,2016,7,25,0.0,1.0,571
61381,2016,7,26,0.0,1.0,572
61381,2016,7,27,0.0,1.0,573
61381,2016,7,28,0.0,1.0,574
61381,2016,7,29,0.0,1.0,575
61381,2016,7,30,0.0,1.0,576
61381,2016,7,31,0.0,1.0,577
61381,2016,8,1,0.0,1.0,578
61381,2016,8,2,0.0,1.0,579
61381,2016,8,3,31.0,1.0,580
61381,2016,8,4,21.0,1.0,581
61381,2016,8,5,4.0,1.0,582
61381,2016,8,6,2.0,1.0,583
61381,2016,8,7,2.0,1.0,584
61381,2016,8,8,0.0,1.0,585
61381,2016,8,9,0.0,1.0,586
61381,2016,8,10,0.0,1.0,587
61381,2016,8,11,0.0,1.0,588
61381,2016,8,12,0.0,1.0,589
61381,2016,8,13,0.0,1.0,590
61381,2016,8,14,0.0,1.0,591
61381,2016,8,15,0.0,1.0,592
61381,2016,8,16,0.0,1.0,593
61381,2016,8,17,0.0,1.0,594
61381,2016,8,18,0.0,1.0,595
61381,2016,8,19,0.0,1.0,596
61381,2016,8,20,0.0,1.0,597
61381,2016,8,21,0.0,1.0,598
61381,2016,8,22,0.0,1.0,599
61381,2016,8,23,1.0,1.0,600
61381,2016,8,24,20.0,1.0,601
61381,2016,8,25,48.0,1.0,602
61381,2016,8,26,1.0,1.0,603
61381,2016,8,27,8.0,1.0,604
61381,2016,8,28,0.0,1.0,605
61381,2016,8,29,0.0,1.0,606
61381,2016,8,30,0.0,1.0,607
61381,2016,8,31,0.0,1.0,608
61381,2016,9,1,0.0,1.0,609
61381,2016,9,2,19.0,1.0,610
61381,2016,9,3,10.0,1.0,611
61381,2016,9,4,0.0,1.0,612
61381,2016,9,5,0.0,1.0,613
61381,2016,9,6,0.0,1.0,614
61381,2016,9,7,0.0,1.0,615
61381,2016,9,8,0.0,1.0,616
61381,2016,9,9,0.0,1.0,617
61381,2016,9,10,2.0,1.0,618
61381,2016,9,11,0.0,1.0,619
61381,2016,9,12,0.0,1.0,620
61381,2016,9,13,0.0,1.0,621
61381,2016,9,14,8.0,1.0,622
61381,2016,9,15,0.0,1.0,623
61381,2016,9,16,0.0,1.0,624
61381,2016,9,17,0.0,1.0,625
61381,2016,9,18,0.0,1.0,626
61381,2016,9,19,34.0,1.0,627
61381,2016,9,20,0.0,1.0,628
61381,2016,9,21,0.0,1.0,629
61381,2016,9,22,1.0,1.0,630
61381,2016,9,23,0.0,1.0,631
61381,2016,9,24,0.0,1.0,632
61381,2016,9,25,1.0,1.0,633
61381,2016,9,26,0.0,1.0,634
61381,2016,9,27,0.0,1.0,635
61381,2016,9,28,0.0,1.0,636
61381,2016,9,29,1.0,1.0,637
61381,2016,9,30,2.0,1.0,638
61381,2016,10,1,0.0,1.0,639
61381,2016,10,2,0.0,1.0,640
61381,2016,10,3,0.0,1.0,641
61381,2016,10,4,0.0,1.0,642
61381,2016,10,5,0.0,1.0,643
61381,2016,10,6,0.0,1.0,644
61381,2016,10,7,0.0,1.0,645
61381,2016,10,8,0.0,1.0,646
61381,2016,10,9,0.0,1.0,647
61381,2016,10,10,0.0,1.0,648
61381,2016,10,11,4.0,1.0,649
61381,2016,10,12,0.0,1.0,650
61381,2016,10,13,2.0,1.0,651
61381,2016,10,14,9.0,1.0,652
61381,2016,10,15,0.0,1.0,653
61381,2016,10,16,0.0,1.0,654
61381,2016,10,17,0.0,1.0,655
61381,2016,10,18,4.0,1.0,656
61381,2016,10,19,0.0,1.0,657
61381,2016,10,20,0.0,1.0,658
61381,2016,10,21,0.0,1.0,659
61381,2016,10,22,13.0,1.0,660
61381,2016,10,23,6.0,1.0,661
61381,2016,10,24,0.0,1.0,662
61381,2016,10,25,0.0,1.0,663
61381,2016,10,26,0.0,1.0,664
61381,2016,10,27,0.0,1.0,665
61381,2016,10,28,12.0,1.0,666
61381,2016,10,29,3.0,1.0,667
61381,2016,10,30,0.0,1.0,668
61381,2016,10,31,2.0,1.0,669
61381,2016,11,1,0.0,1.0,670
61381,2016,11,2,0.0,1.0,671
61381,2016,11,3,0.0,1.0,672
61381,2016,11,4,0.0,1.0,673
61381,2016,11,5,0.0,1.0,674
61381,2016,11,6,0.0,1.0,675
61381,2016,11,7,0.0,1.0,676
61381,2016,11,8,0.0,1.0,677
61381,2016,11,9,1.0,1.0,678
61381,2016,11,10,20.0,1.0,679
61381,2016,11,11,0.0,1.0,680
61381,2016,11,12,20.0,1.0,681
61381,2016,11,13,0.0,1.0,682
61381,2016,11,14,0.0,1.0,683
61381,2016,11,15,5.0,1.0,684
61381,2016,11,16,0.0,1.0,685
61381,2016,11,17,0.0,1.0,686
61381,2016,11,18,0.0,1.0,687
61381,2016,11,19,0.0,1.0,688
61381,2016,11,20,0.0,1.0,689
61381,2016,11,21,0.0,1.0,690
61381,2016,11,22,0.0,1.0,691
61381,2016,11,23,0.0,1.0,692
61381,2016,11,24,3.0,1.0,693
61381,2016,11,25,0.0,1.0,694
61381,2016,11,26,0.0,1.0,695
61381,2016,11,27,0.0,1.0,696
61381,2016,11,28,0.0,1.0,697
61381,2016,11,29,0.0,1.0,698
61381,2016,11,30,0.0,1.0,699
61381,2016,12,1,0.0,1.0,700
61381,2016,12,2,0.0,1.0,701
61381,2016,12,3,0.0,1.0,702
61381,2016,12,4,0.0,1.0,703
61381,2016,12,5,0.0,1.0,704
61381,2016,12,6,3.0,1.0,705
61381,2016,12,7,13.0,1.0,706
61381,2016,12,8,0.0,1.0,707
61381,2016,12,9,0.0,1.0,708
61381,2016,12,10,0.0,1.0,709
61381,2016,12,11,0.0,1.0,710
61381,2016,12,12,0.0,1.0,711
61381,2016,12,13,0.0,1.0,712
61381,2016,12,14,0.0,1.0,713
61381,2016,12,15,12.0,1.0,714
61381,2016,12,16,38.0,1.0,715
61381,2016,12,17,3.0,1.0,716
61381,2016,12,18,0.0,1.0,717
61381,2016,12,19,1.0,1.0,718
61381,2016,12,20,0.0,1.0,719
61381,2016,12,21,0.0,1.0,720
61381,2016,12,22,0.0,1.0,721
61381,2016,12,23,0.0,1.0,722
61381,2016,12,24,0.0,1.0,723
61381,2016,12,25,0.0,1.0,724
61381,2016,12,26,0.0,1.0,725
61381,2016,12,27,0.0,1.0,726
61381,2016,12,28,0.0,1.0,727
61381,2016,12,29,0.0,1.0,728
61381,2016,12,30,0.0,1.0,729
61381,2016,12,31,0.0,1.0,730
61381,2017,1,1,0.0,1.0,731
61381,2017,1,2,2.0,1.0,732
61381,2017,1,3,0.0,1.0,733
61381,2017,1,4,2.0,1.0,734
61381,2017,1,5,4.0,1.0,735
61381,2017,1,6,6.0,1.0,736
61381,2017,1,7,0.0,1.0,737
61381,2017,1,8,0.0,1.0,738
61381,2017,1,9,0.0,1.0,739
61381,2017,1,10,0.0,1.0,740
61381,2017,1,11,0.0,1.0,741
61381,2017,1,12,0.0,1.0,742
61381,2017,1,13,0.0,1.0,743
61381,2017,1,14,0.0,1.0,744
61381,2017,1,15,1.0,1.0,745
61381,2017,1,16,0.0,1.0,746
61381,2017,1,17,0.0,1.0,747
61381,2017,1,18,0.0,1.0,748
61381,2017,1,19,1.0,1.0,749
61381,2017,1,20,0.0,1.0,750
61381,2017,1,21,7.0,1.0,751
61381,2017,1,22,0.0,1.0,752
61381,2017,1,23,0.0,1.0,753
61381,2017,1,24,0.0,1.0,754
61381,2017,1,25,30.0,1.0,755
61381,2017,1,26,0.0,1.0,756
61381,2017,1,27,1.0,1.0,757
61381,2017,1,28,0.0,1.0,758
61381,2017,1,29,0.0,1.0,759
61381,2017,1,30,0.0,1.0,760
61381,2017,1,31,0.0,1.0,761
61381,2017,2,1,2.0,1.0,762
61381,2017,2,2,4.0,1.0,763
61381,2017,2,3,0.0,1.0,764
61381,2017,2,4,2.0,1.0,765
61381,2017,2,5,0.0,1.0,766
61381,2017,2,6,0.0,1.0,767
61381,2017,2,7,1.0,1.0,768
61381,2017,2,8,12.0,1.0,769
61381,2017,2,9,2.0,1.0,770
61381,2017,2,10,0.0,1.0,771
61381,2017,2,11,0.0,1.0,772
61381,2017,2,12,0.0,1.0,773
61381,2017,2,13,0.0,1.0,774
61381,2017,2,14,0.0,1.0,775
61381,2017,2,15,3.0,1.0,776
61381,2017,2,16,0.0,1.0,777
61381,2017,2,17,0.0,1.0,778
61381,2017,2,18,26.0,1.0,779
61381,2017,2,19,14.0,1.0,780
61381,2017,2,20,37.0,1.0,781
61381,2017,2,21,0.0,1.0,782
61381,2017,2,22,0.0,1.0,783
61381,2017,2,23,0.0,1.0,784
61381,2017,2,24,0.0,1.0,785
61381,2017,2,25,0.0,1.0,786
61381,2017,2,26,42.0,1.0,787
61381,2017,2,27,15.0,1.0,788
61381,2017,2,28,20.0,1.0,789
61381,2017,3,1,25.0,1.0,790
61381,2017,3,2,9.0,1.0,791
61381,2017,3,3,0.0,1.0,792
61381,2017,3,4,54.0,1.0,793
61381,2017,3,5,7.0,1.0,794
61381,2017,3,6,4.0,1.0,795
61381,2017,3,7,1.0,1.0,796
61381,2017,3,8,7.0,1.0,797
61381,2017,3,9,3.0,1.0,798
61381,2017,3,10,0.0,1.0,799
61381,2017,3,11,0.0,1.0,800
61381,2017,3,12,0.0,1.0,801
61381,2017,3,13,0.0,1.0,802
61381,2017,3,14,19.0,1.0,803
61381,2017,3,15,64.0,1.0,804
61381,2017,3,16,20.0,1.0,805
61381,2017,3,17,19.0,1.0,806
61381,2017,3,18,48.0,1.0,807
61381,2017,3,19,21.0,1.0,808
61381,2017,3,20,1.0,1.0,809
61381,2017,3,21,0.0,1.0,810
61381,2017,3,22,19.0,1.0,811
61381,2017,3,23,18.0,1.0,812
61381,2017,3,24,6.0,1.0,813
61381,2017,3,25,1.0,1.0,814
61381,2017,3,26,0.0,1.0,815
61381,2017,3,27,0.0,1.0,816
61381,2017,3,28,0.0,1.0,817
61381,2017,3,29,0.0,1.0,818
61381,2017,3,30,0.0,1.0,819
61381,2017,3,31,82.0,1.0,820
61381,2017,4,1,1.0,1.0,821
61381,2017,4,2,0.0,1.0,822
61381,2017,4,3,23.0,1.0,823
61381,2017,4,4,53.0,1.0,824
61381,2017,4,5,3.0,1.0,825
61381,2017,4,6,1.0,1.0,826
61381,2017,4,7,0.0,1.0,827
61381,2017,4,8,0.0,1.0,828
61381,2017,4,9,0.0,1.0,829
61381,2017,4,10,7.0,1.0,830
61381,2017,4,11,0.0,1.0,831
61381,2017,4,12,20.0,1.0,832
61381,2017,4,13,1.0,1.0,833
61381,2017,4,14,0.0,1.0,834
61381,2017,4,15,0.0,1.0,835
61381,2017,4,16,0.0,1.0,836
61381,2017,4,17,0.0,1.0,837
61381,2017,4,18,0.0,1.0,838
61381,2017,4,19,0.0,1.0,839
61381,2017,4,20,0.0,1.0,840
61381,2017,4,21,0.0,1.0,841
61381,2017,4,22,0.0,1.0,842
61381,2017,4,23,0.0,1.0,843
61381,2017,4,24,0.0,1.0,844
61381,2017,4,25,0.0,1.0,845
61381,2017,4,26,3.0,1.0,846
61381,2017,4,27,0.0,1.0,847
61381,2017,4,28,0.0,1.0,848
61381,2017,4,29,0.0,1.0,849
61381,2017,4,30,0.0,1.0,850
61381,2017,5,1,0.0,1.0,851
61381,2017,5,2,0.0,1.0,852
61381,2017,5,3,1.0,1.0,853
61381,2017,5,4,0.0,1.0,854
61381,2017,5,5,0.0,1.0,855
61381,2017,5,6,0.0,1.0,856
61381,2017,5,7,0.0,1.0,857
61381,2017,5,8,0.0,1.0,858
61381,2017,5,9,0.0,1.0,859
61381,2017,5,10,0.0,1.0,860
61381,2017,5,11,0.0,1.0,861
61381,2017,5,12,0.0,1.0,862
61381,2017,5,13,2.0,1.0,863
61381,2017,5,14,0.0,1.0,864
61381,2017,5,15,6.0,1.0,865
61381,2017,5,16,0.0,1.0,866
61381,2017,5,17,0.0,1.0,867
61381,2017,5,18,0.0,1.0,868
61381,2017,5,19,2.0,1.0,869
61381,2017,5,20,20.0,1.0,870
61381,2017,5,21,1.0,1.0,871
61381,2017,5,22,0.0,1.0,872
61381,2017,5,23,0.0,1.0,873
61381,2017,5,24,0.0,1.0,874
61381,2017,5,25,0.0,1.0,875
61381,2017,5,26,0.0,1.0,876
61381,2017,5,27,0.0,1.0,877
61381,2017,5,28,0.0,1.0,878
61381,2017,5,29,0.0,1.0,879
61381,2017,5,30,0.0,1.0,880
61381,2017,5,31,0.0,1.0,881
61381,2017,6,1,0.0,1.0,882
61381,2017,6,2,0.0,1.0,883
61381,2017,6,3,0.0,1.0,884
61381,2017,6,4,1.0,1.0,885
61381,2017,6,5,0.0,1.0,886
61381,2017,6,6,0.0,1.0,887
61381,2017,6,7,72.0,1.0,888
61381,2017,6,8,63.0,1.0,889
61381,2017,6,9,15.0,1.0,890
61381,2017,6,10,22.0,1.0,891
61381,2017,6,11,16.0,1.0,892
61381,2017,6,12,0.0,1.0,893
61381,2017,6,13,0.0,1.0,894
61381,2017,6,14,3.0,1.0,895
61381,2017,6,15,0.0,1.0,896
61381,2017,6,16,1.0,1.0,897
61381,2017,6,17,0.0,1.0,898
61381,2017,6,18,0.0,1.0,899
61381,2017,6,19,6.0,1.0,900
61381,2017,6,20,11.0,1.0,901
61381,2017,6,21,0.0,1.0,902
61381,2017,6,22,0.0,1.0,903
61381,2017,6,23,0.0,1.0,904
61381,2017,6,24,0.0,1.0,905
61381,2017,6,25,0.0,1.0,906
61381,2017,6,26,0.0,1.0,907
61381,2017,6,27,0.0,1.0,908
61381,2017,6,28,0.0,1.0,909
61381,2017,6,29,6.0,1.0,910
61381,2017,6,30,0.0,1.0,911
61381,2017,7,1,0.0,1.0,912
61381,2017,7,2,0.0,1.0,913
61381,2017,7,3,0.0,1.0,914
61381,2017,7,4,0.0,1.0,915
61381,2017,7,5,0.0,1.0,916
61381,2017,7,6,0.0,1.0,917
61381,2017,7,7,0.0,1.0,918
61381,2017,7,8,0.0,1.0,919
61381,2017,7,9,0.0,1.0,920
61381,2017,7,10,0.0,1.0,921
61381,2017,7,11,0.0,1.0,922
61381,2017,7,12,4.0,1.0,923
61381,2017,7,13,5.0,1.0,924
61381,2017,7,14,0.0,1.0,925
61381,2017,7,15,0.0,1.0,926
61381,2017,7,16,0.0,1.0,927
61381,2017,7,17,0.0,1.0,928
61381,2017,7,18,0.0,1.0,929
61381,2017,7,19,0.0,1.0,930
61381,2017,7,20,0.0,1.0,931
61381,2017,7,21,0.0,1.0,932
61381,2017,7,22,0.0,1.0,933
61381,2017,7,23,0.0,1.0,934
61381,2017,7,24,0.0,1.0,935
61381,2017,7,25,0.0,1.0,936
61381,2017,7,26,0.0,1.0,937
61381,2017,7,27,0.0,1.0,938
61381,2017,7,28,0.0,1.0,939
61381,2017,7,29,0.0,1.0,940
61381,2017,7,30,0.0,1.0,941
61381,2017,7,31,0.0,1.0,942
61381,2017,8,1,0.0,1.0,943
61381,2017,8,2,0.0,1.0,944
61381,2017,8,3,0.0,1.0,945
61381,2017,8,4,7.0,1.0,946
61381,2017,8,5,0.0,1.0,947
61381,2017,8,6,0.0,1.0,948
61381,2017,8,7,0.0,1.0,949
61381,2017,8,8,0.0,1.0,950
61381,2017,8,9,0.0,1.0,951
61381,2017,8,10,0.0,1.0,952
61381,2017,8,11,0.0,1.0,953
61381,2017,8,12,0.0,1.0,954
61381,2017,8,13,0.0,1.0,955
61381,2017,8,14,0.0,1.0,956
61381,2017,8,15,0.0,1.0,957
61381,2017,8,16,0.0,1.0,958
61381,2017,8,17,0.0,1.0,959
61381,2017,8,18,0.0,1.0,960
61381,2017,8,19,0.0,1.0,961
61381,2017,8,20,0.0,1.0,962
61381,2017,8,21,4.0,1.0,963
61381,2017,8,22,0.0,1.0,964
61381,2017,8,23,0.0,1.0,965
61381,2017,8,24,0.0,1.0,966
61381,2017,8,25,0.0,1.0,967
61381,2017,8,26,0.0,1.0,968
61381,2017,8,27,0.0,1.0,969
61381,2017,8,28,1.0,1.0,970
61381,2017,8,29,0.0,1.0,971
61381,2017,8,30,0.0,1.0,972
61381,2017,8,31,0.0,1.0,973
61381,2017,9,1,0.0,1.0,974
61381,2017,9,2,0.0,1.0,975
61381,2017,9,3,0.0,1.0,976
61381,2017,9,4,0.0,1.0,977
61381,2017,9,5,0.0,1.0,978
61381,2017,9,6,0.0,1.0,979
61381,2017,9,7,0.0,1.0,980
61381,2017,9,8,0.0,1.0,981
61381,2017,9,9,0.0,1.0,982
61381,2017,9,10,0.0,1.0,983
61381,2017,9,11,0.0,1.0,984
61381,2017,9,12,0.0,1.0,985
61381,2017,9,13,0.0,1.0,986
61381,2017,9,14,2.0,1.0,987
61381,2017,9,15,0.0,1.0,988
61381,2017,9,16,0.0,1.0,989
61381,2017,9,17,0.0,1.0,990
61381,2017,9,18,0.0,1.0,991
61381,2017,9,19,0.0,1.0,992
61381,2017,9,20,0.0,1.0,993
61381,2017,9,21,0.0,1.0,994
61381,2017,9,22,0.0,1.0,995
61381,2017,9,23,0.0,1.0,996
61381,2017,9,24,0.0,1.0,997
61381,2017,9,25,0.0,1.0,998
61381,2017,9,26,0.0,1.0,999
61381,2017,9,27,0.0,1.0,1000
61381,2017,9,28,0.0,1.0,1001
61381,2017,9,29,0.0,1.0,1002
61381,2017,9,30,0.0,1.0,1003
61381,2017,10,1,0.0,1.0,1004
61381,2017,10,2,0.0,1.0,1005
61381,2017,10,3,0.0,1.0,1006
61381,2017,10,4,0.0,1.0,1007
61381,2017,10,5,0.0,1.0,1008
61381,2017,10,6,0.0,1.0,1009
61381,2017,10,7,0.0,1.0,1010
61381,2017,10,8,0.0,1.0,1011
61381,2017,10,9,0.0,1.0,1012
61381,2017,10,10,0.0,1.0,1013
61381,2017,10,11,3.0,1.0,1014
61381,2017,10,12,3.0,1.0,1015
61381,2017,10,13,0.0,1.0,1016
61381,2017,10,14,2.0,1.0,1017
61381,2017,10,15,22.0,1.0,1018
61381,2017,10,16,1.0,1.0,1019
61381,2017,10,17,0.0,1.0,1020
61381,2017,10,18,0.0,1.0,1021
61381,2017,10,19,0.0,1.0,1022
61381,2017,10,20,5.0,1.0,1023
61381,2017,10,21,25.0,1.0,1024
61381,2017,10,22,0.0,1.0,1025
61381,2017,10,23,9.0,1.0,1026
61381,2017,10,24,0.0,1.0,1027
61381,2017,10,25,0.0,1.0,1028
61381,2017,10,26,0.0,1.0,1029
61381,2017,10,27,15.0,1.0,1030
61381,2017,10,28,0.0,1.0,1031
61381,2017,10,29,0.0,1.0,1032
61381,2017,10,30,0.0,1.0,1033
61381,2017,10,31,0.0,1.0,1034
61381,2017,11,1,0.0,1.0,1035
61381,2017,11,2,0.0,1.0,1036
61381,2017,11,3,0.0,1.0,1037
61381,2017,11,4,1.0,1.0,1038
61381,2017,11,5,33.0,1.0,1039
61381,2017,11,6,22.0,1.0,1040
61381,2017,11,7,9.0,1.0,1041
61381,2017,11,8,25.0,1.0,1042
61381,2017,11,9,1.0,1.0,1043
61381,2017,11,10,0.0,1.0,1044
61381,2017,11,11,0.0,1.0,1045
61381,2017,11,12,0.0,1.0,1046
61381,2017,11,13,0.0,1.0,1047
61381,2017,11,14,0.0,1.0,1048
61381,2017,11,15,0.0,1.0,1049
61381,2017,11,16,0.0,1.0,1050
61381,2017,11,17,0.0,1.0,1051
61381,2017,11,18,0.0,1.0,1052
61381,2017,11,19,0.0,1.0,1053
61381,2017,11,20,1.0,1.0,1054
61381,2017,11,21,0.0,1.0,1055
61381,2017,11,22,1.0,1.0,1056
61381,2017,11,23,0.0,1.0,1057
61381,2017,11,24,0.0,1.0,1058
61381,2017,11,25,0.0,1.0,1059
61381,2017,11,26,0.0,1.0,1060
61381,2017,11,27,0.0,1.0,1061
61381,2017,11,28,0.0,1.0,1062
61381,2017,11,29,1.0,1.0,1063
61381,2017,11,30,0.0,1.0,1064
61381,2017,12,1,0.0,1.0,1065
61381,2017,12,2,0.0,1.0,1066
61381,2017,12,3,24.0,1.0,1067
61381,2017,12,4,1.0,1.0,1068
61381,2017,12,5,3.0,1.0,1069
61381,2017,12,6,0.0,1.0,1070
61381,2017,12,7,9.0,1.0,1071
61381,2017,12,8,0.0,1.0,1072
61381,2017,12,9,6.0,1.0,1073
61381,2017,12,10,0.0,1.0,1074
61381,2017,12,11,0.0,1.0,1075
61381,2017,12,12,0.0,1.0,1076
61381,2017,12,13,0.0,1.0,1077
61381,2017,12,14,0.0,1.0,1078
61381,2017,12,15,0.0,1.0,1079
61381,2017,12,16,0.0,1.0,1080
61381,2017,12,17,0.0,1.0,1081
61381,2017,12,18,0.0,1.0,1082
61381,2017,12,19,0.0,1.0,1083
61381,2017,12,20,0.0,1.0,1084
61381,2017,12,21,3.0,1.0,1085
61381,2017,12,22,9.0,1.0,1086
61381,2017,12,23,0.0,1.0,1087
61381,2017,12,24,0.0,1.0,1088
61381,2017,12,25,0.0,1.0,1089
61381,2017,12,26,5.0,1.0,1090
61381,2017,12,27,0.0,1.0,1091
61381,2017,12,28,0.0,1.0,1092
61381,2017,12,29,0.0,1.0,1093
61381,2017,12,30,2.0,1.0,1094
61381,2017,12,31,0.0,1.0,1095
61381,2018,1,1,0.0,1.0,1096
61381,2018,1,2,0.0,1.0,1097
61381,2018,1,3,0.0,1.0,1098
61381,2018,1,4,2.0,1.0,1099
61381,2018,1,5,0.0,1.0,1100
61381,2018,1,6,0.0,1.0,1101
61381,2018,1,7,0.0,1.0,1102
61381,2018,1,8,0.0,1.0,1103
61381,2018,1,9,22.0,1.0,1104
61381,2018,1,10,4.0,1.0,1105
61381,2018,1,11,0.0,1.0,1106
61381,2018,1,12,0.0,1.0,1107
61381,2018,1,13,0.0,1.0,1108
61381,2018,1,14,0.0,1.0,1109
61381,2018,1,15,1.0,1.0,1110
61381,2018,1,16,0.0,1.0,1111
61381,2018,1,17,0.0,1.0,1112
61381,2018,1,18,0.0,1.0,1113
61381,2018,1,19,0.0,1.0,1114
61381,2018,1,20,0.0,1.0,1115
61381,2018,1,21,0.0,1.0,1116
61381,2018,1,22,0.0,1.0,1117
61381,2018,1,23,0.0,1.0,1118
61381,2018,1,24,0.0,1.0,1119
61381,2018,1,25,0.0,1.0,1120
61381,2018,1,26,0.0,1.0,1121
61381,2018,1,27,0.0,1.0,1122
61381,2018,1,28,0.0,1.0,1123
61381,2018,1,29,0.0,1.0,1124
61381,2018,1,30,0.0,1.0,1125
61381,2018,1,31,2.0,1.0,1126
61381,2018,2,1,1.0,1.0,1127
61381,2018,2,2,7.0,1.0,1128
61381,2018,2,3,11.0,1.0,1129
61381,2018,2,4,2.0,1.0,1130
61381,2018,2,5,0.0,1.0,1131
61381,2018,2,6,0.0,1.0,1132
61381,2018,2,7,0.0,1.0,1133
61381,2018,2,8,0.0,1.0,1134
61381,2018,2,9,0.0,1.0,1135
61381,2018,2,10,1.0,1.0,1136
61381,2018,2,11,0.0,1.0,1137
61381,2018,2,12,0.0,1.0,1138
61381,2018,2,13,0.0,1.0,1139
61381,2018,2,14,0.0,1.0,1140
61381,2018,2,15,0.0,1.0,1141
61381,2018,2,16,0.0,1.0,1142
61381,2018,2,17,0.0,1.0,1143
61381,2018,2,18,0.0,1.0,1144
61381,2018,2,19,0.0,1.0,1145
61381,2018,2,20,46.0,1.0,1146
61381,2018,2,21,1.0,1.0,1147
61381,2018,2,22,0.0,1.0,1148
61381,2018,2,23,0.0,1.0,1149
61381,2018,2,24,0.0,1.0,1150
61381,2018,2,25,0.0,1.0,1151
61381,2018,2,26,88.0,1.0,1152
61381,2018,2,27,21.0,1.0,1153
61381,2018,2,28,0.0,1.0,1154
61381,2018,3,1,0.0,1.0,1155
61381,2018,3,2,3.0,1.0,1156
61381,2018,3,3,0.0,1.0,1157
61381,2018,3,4,0.0,1.0,1158
61381,2018,3,5,0.0,1.0,1159
61381,2018,3,6,16.0,1.0,1160
61381,2018,3,7,5.0,1.0,1161
61381,2018,3,8,1.0,1.0,1162
61381,2018,3,9,0.0,1.0,1163
61381,2018,3,10,2.0,1.0,1164
61381,2018,3,11,0.0,1.0,1165
61381,2018,3,12,0.0,1.0,1166
61381,2018,3,13,2.0,1.0,1167
61381,2018,3,14,3.0,1.0,1168
61381,2018,3,15,0.0,1.0,1169
61381,2018,3,16,0.0,1.0,1170
61381,2018,3,17,0.0,1.0,1171
61381,2018,3,18,0.0,1.0,1172
61381,2018,3,19,0.0,1.0,1173
61381,2018,3,20,0.0,1.0,1174
61381,2018,3,21,20.0,1.0,1175
61381,2018,3,22,30.0,1.0,1176
61381,2018,3,23,13.0,1.0,1177
61381,2018,3,24,0.0,1.0,1178
61381,2018,3,25,0.0,1.0,1179
61381,2018,3,26,17.0,1.0,1180
61381,2018,3,27,0.0,1.0,1181
61381,2018,3,28,0.0,1.0,1182
61381,2018,3,29,0.0,1.0,1183
61381,2018,3,30,0.0,1.0,1184
61381,2018,3,31,0.0,1.0,1185
61381,2018,4,1,0.0,1.0,1186
61381,2018,4,2,0.0,1.0,1187
61381,2018,4,3,61.0,1.0,1188
61381,2018,4,4,1.0,1.0,1189
61381,2018,4,5,0.0,1.0,1190
61381,2018,4,6,0.0,1.0,1191
61381,2018,4,7,0.0,1.0,1192
61381,2018,4,8,0.0,1.0,1193
61381,2018,4,9,0.0,1.0,1194
61381,2018,4,10,0.0,1.0,1195
61381,2018,4,11,0.0,1.0,1196
61381,2018,4,12,0.0,1.0,1197
61381,2018,4,13,0.0,1.0,1198
61381,2018,4,14,0.0,1.0,1199
61381,2018,4,15,0.0,1.0,1200
61381,2018,4,16,0.0,1.0,1201
61381,2018,4,17,0.0,1.0,1202
61381,2018,4,18,0.0,1.0,1203
61381,2018,4,19,0.0,1.0,1204
61381,2018,4,20,1.0,1.0,1205
61381,2018,4,21,0.0,1.0,1206
61381,2018,4,22,0.0,1.0,1207
61381,2018,4,23,0.0,1.0,1208
61381,2018,4,24,0.0,1.0,1209
61381,2018,4,25,1.0,1.0,1210
61381,2018,4,26,3.0,1.0,1211
61381,2018,4,27,7.0,1.0,1212
61381,2018,4,28,6.0,1.0,1213
61381,2018,4,29,1.0,1.0,1214
61381,2018,4,30,10.0,1.0,1215
61381,2018,5,1,2.0,1.0,1216
61381,2018,5,2,0.0,1.0,1217
61381,2018,5,3,0.0,1.0,1218
61381,2018,5,4,0.0,1.0,1219
61381,2018,5,5,0.0,1.0,1220
61381,2018,5,6,0.0,1.0,1221
61381,2018,5,7,0.0,1.0,1222
61381,2018,5,8,0.0,1.0,1223
61381,2018,5,9,0.0,1.0,1224
61381,2018,5,10,0.0,1.0,1225
61381,2018,5,11,0.0,1.0,1226
61381,2018,5,12,1.0,1.0,1227
61381,2018,5,13,1.0,1.0,1228
61381,2018,5,14,7.0,1.0,1229
61381,2018,5,15,0.0,1.0,1230
61381,2018,5,16,0.0,1.0,1231
61381,2018,5,17,0.0,1.0,1232
61381,2018,5,18,0.0,1.0,1233
61381,2018,5,19,0.0,1.0,1234
61381,2018,5,20,0.0,1.0,1235
61381,2018,5,21,0.0,1.0,1236
61381,2018,5,22,0.0,1.0,1237
61381,2018,5,23,0.0,1.0,1238
61381,2018,5,24,0.0,1.0,1239
61381,2018,5,25,0.0,1.0,1240
61381,2018,5,26,0.0,1.0,1241
61381,2018,5,27,0.0,1.0,1242
61381,2018,5,28,0.0,1.0,1243
61381,2018,5,29,0.0,1.0,1244
61381,2018,5,30,7.0,1.0,1245
61381,2018,5,31,0.0,1.0,1246
61381,2018,6,1,0.0,1.0,1247
61381,2018,6,2,0.0,1.0,1248
61381,2018,6,3,37.0,1.0,1249
61381,2018,6,4,0.0,1.0,1250
61381,2018,6,5,10.0,1.0,1251
61381,2018,6,6,30.0,1.0,1252
61381,2018,6,7,15.0,1.0,1253
61381,2018,6,8,0.0,1.0,1254
61381,2018,6,9,5.0,1.0,1255
61381,2018,6,10,7.0,1.0,1256
61381,2018,6,11,9.0,1.0,1257
61381,2018,6,12,0.0,1.0,1258
61381,2018,6,13,1.0,1.0,1259
61381,2018,6,14,0.0,1.0,1260
61381,2018,6,15,0.0,1.0,1261
61381,2018,6,16,0.0,1.0,1262
61381,2018,6,17,0.0,1.0,1263
61381,2018,6,18,0.0,1.0,1264
61381,2018,6,19,23.0,1.0,1265
61381,2018,6,20,60.0,1.0,1266
61381,2018,6,21,1.0,1.0,1267
61381,2018,6,22,1.0,1.0,1268
61381,2018,6,23,0.0,1.0,1269
61381,2018,6,24,0.0,1.0,1270
61381,2018,6,25,0.0,1.0,1271
61381,2018,6,26,0.0,1.0,1272
61381,2018,6,27,1.0,1.0,1273
61381,2018,6,28,4.0,1.0,1274
61381,2018,6,29,2.0,1.0,1275
61381,2018,6,30,0.0,1.0,1276
61381,2018,7,1,0.0,1.0,1277
61381,2018,7,2,10.0,1.0,1278
61381,2018,7,3,15.0,1.0,1279
61381,2018,7,4,0.0,1.0,1280
61381,2018,7,5,0.0,1.0,1281
61381,2018,7,6,1.0,1.0,1282
61381,2018,7,7,0.0,1.0,1283
61381,2018,7,8,0.0,1.0,1284
61381,2018,7,9,0.0,1.0,1285
61381,2018,7,10,0.0,1.0,1286
61381,2018,7,11,0.0,1.0,1287
61381,2018,7,12,0.0,1.0,1288
61381,2018,7,13,0.0,1.0,1289
61381,2018,7,14,0.0,1.0,1290
61381,2018,7,15,0.0,1.0,1291
61381,2018,7,16,0.0,1.0,1292
61381,2018,7,17,0.0,1.0,1293
61381,2018,7,18,0.0,1.0,1294
61381,2018,7,19,0.0,1.0,1295
61381,2018,7,20,0.0,1.0,1296
61381,2018,7,21,0.0,1.0,1297
61381,2018,7,22,0.0,1.0,1298
61381,2018,7,23,0.0,1.0,1299
61381,2018,7,24,0.0,1.0,1300
61381,2018,7,25,0.0,1.0,1301
61381,2018,7,26,0.0,1.0,1302
61381,2018,9,21,0.0,1.0,1359
61381,2018,9,22,0.0,1.0,1360
61381,2018,9,23,0.0,1.0,1361
61381,2018,9,24,3.0,1.0,1362
61381,2018,9,25,12.0,1.0,1363
61381,2018,9,26,1.0,1.0,1364
61381,2018,9,27,6.0,1.0,1365
61381,2018,9,28,0.0,1.0,1366
61381,2018,9,29,0.0,1.0,1367
61381,2018,9,30,0.0,1.0,1368
61381,2018,10,1,0.0,1.0,1369
61381,2018,10,2,0.0,1.0,1370
61381,2018,10,3,0.0,1.0,1371
61381,2018,10,4,2.0,1.0,1372
61381,2018,10,5,37.0,1.0,1373
61381,2018,10,6,37.0,1.0,1374
61381,2018,10,7,15.0,1.0,1375
61381,2018,10,8,14.0,1.0,1376
61381,2018,10,9,1.0,1.0,1377
61381,2018,10,10,0.0,1.0,1378
61381,2018,10,11,58.0,1.0,1379
61381,2018,10,12,6.0,1.0,1380
61381,2018,10,13,4.0,1.0,1381
61381,2018,10,14,65.0,1.0,1382
61381,2018,10,15,3.0,1.0,1383
61381,2018,10,16,0.0,1.0,1384
61381,2018,10,17,0.0,1.0,1385
61381,2018,10,18,1.0,1.0,1386
61381,2018,10,19,54.0,1.0,1387
61381,2018,10,20,0.0,1.0,1388
61381,2018,10,21,14.0,1.0,1389
61381,2018,10,22,3.0,1.0,1390
61381,2018,10,23,0.0,1.0,1391
61381,2018,10,24,0.0,1.0,1392
61381,2018,10,25,1.0,1.0,1393
61381,2018,10,26,0.0,1.0,1394
61381,2018,10,27,0.0,1.0,1395
61381,2018,10,28,1.0,1.0,1396
61381,2018,10,29,0.0,1.0,1397
61381,2018,10,30,0.0,1.0,1398
61381,2018,10,31,0.0,1.0,1399
61381,2018,11,1,1.0,1.0,1400
61381,2018,11,2,0.0,1.0,1401
61381,2018,11,3,0.0,1.0,1402
61381,2018,11,4,0.0,1.0,1403
61381,2018,11,5,0.0,1.0,1404
61381,2018,11,6,0.0,1.0,1405
61381,2018,11,7,0.0,1.0,1406
61381,2018,11,8,20.0,1.0,1407
61381,2018,11,9,0.0,1.0,1408
61381,2018,11,10,0.0,1.0,1409
61381,2018,11,11,0.0,1.0,1410
61381,2018,11,12,0.0,1.0,1411
61381,2018,11,13,0.0,1.0,1412
61381,2018,11,14,0.0,1.0,1413
61381,2018,11,15,0.0,1.0,1414
61381,2018,11,16,10.0,1.0,1415
61381,2018,11,17,0.0,1.0,1416
61381,2018,11,18,4.0,1.0,1417
61381,2018,11,19,0.0,1.0,1418
61381,2018,11,20,0.0,1.0,1419
61381,2018,11,21,2.0,1.0,1420
61381,2018,11,22,0.0,1.0,1421
61381,2018,11,23,0.0,1.0,1422
61381,2018,11,24,0.0,1.0,1423
61381,2018,11,25,0.0,1.0,1424
61381,2018,11,26,0.0,1.0,1425
61381,2018,11,27,0.0,1.0,1426
61381,2018,11,28,37.0,1.0,1427
61381,2018,11,29,88.0,1.0,1428
61381,2018,11,30,2.0,1.0,1429
61381,2018,12,1,0.0,1.0,1430
61381,2018,12,2,0.0,1.0,1431
61381,2018,12,3,0.0,1.0,1432
61381,2018,12,4,0.0,1.0,1433
61381,2018,12,5,1.0,1.0,1434
61381,2018,12,6,0.0,1.0,1435
61381,2018,12,7,0.0,1.0,1436
61381,2018,12,8,0.0,1.0,1437
61381,2018,12,9,0.0,1.0,1438
61381,2018,12,10,0.0,1.0,1439
61381,2018,12,11,1.0,1.0,1440
61381,2018,12,12,1.0,1.0,1441
61381,2018,12,13,0.0,1.0,1442
61381,2018,12,14,0.0,1.0,1443
61381,2018,12,15,2.0,1.0,1444
61381,2018,12,16,3.0,1.0,1445
61381,2018,12,17,0.0,1.0,1446
61381,2018,12,18,0.0,1.0,1447
61381,2018,12,19,1.0,1.0,1448
61381,2018,12,20,23.0,1.0,1449
61381,2018,12,21,18.0,1.0,1450
61381,2018,12,22,2.0,1.0,1451
61381,2018,12,23,6.0,1.0,1452
61381,2018,12,24,0.0,1.0,1453
61381,2018,12,25,0.0,1.0,1454
61381,2018,12,26,0.0,1.0,1455
61381,2018,12,27,0.0,1.0,1456
61381,2018,12,28,0.0,1.0,1457
61381,2018,12,29,0.0,1.0,1458
61381,2018,12,30,0.0,1.0,1459
61381,2018,12,31,0.0,1.0,1460
61381,2019,1,1,1.0,1.0,1461
61381,2019,1,2,0.0,1.0,1462
61381,2019,1,3,0.0,1.0,1463
61381,2019,1,4,0.0,1.0,1464
61381,2019,1,5,0.0,1.0,1465
61381,2019,1,6,31.0,1.0,1466
61381,2019,1,7,11.0,1.0,1467
61381,2019,1,8,5.0,1.0,1468
61381,2019,1,9,0.0,1.0,1469
61381,2019,1,10,0.0,1.0,1470
61381,2019,1,11,0.0,1.0,1471
61381,2019,1,12,5.0,1.0,1472
61381,2019,1,13,0.0,1.0,1473
61381,2019,1,14,0.0,1.0,1474
61381,2019,1,15,0.0,1.0,1475
61381,2019,1,16,0.0,1.0,1476
61381,2019,1,17,0.0,1.0,1477
61381,2019,1,18,0.0,1.0,1478
61381,2019,1,19,0.0,1.0,1479
61381,2019,1,20,7.0,1.0,1480
61381,2019,1,21,12.0,1.0,1481
61381,2019,1,22,0.0,1.0,1482
61381,2019,1,23,0.0,1.0,1483
61381,2019,1,24,1.0,1.0,1484
61381,2019,1,25,0.0,1.0,1485
61381,2019,1,26,0.0,1.0,1486
61381,2019,1,27,0.0,1.0,1487
61381,2019,1,28,23.0,1.0,1488
61381,2019,1,29,0.0,1.0,1489
61381,2019,1,30,0.0,1.0,1490
61381,2019,1,31,0.0,1.0,1491
61381,2019,2,1,4.0,1.0,1492
61381,2019,2,2,28.0,1.0,1493
61381,2019,2,3,1.0,1.0,1494
61381,2019,2,4,0.0,1.0,1495
61381,2019,2,5,0.0,1.0,1496
61381,2019,2,6,0.0,1.0,1497
61381,2019,2,7,0.0,1.0,1498
61381,2019,2,8,0.0,1.0,1499
61381,2019,2,9,29.0,1.0,1500
61381,2019,2,10,0.0,1.0,1501
61381,2019,2,11,0.0,1.0,1502
61381,2019,2,12,0.0,1.0,1503
61381,2019,2,13,0.0,1.0,1504
61381,2019,2,14,0.0,1.0,1505
61381,2019,2,15,0.0,1.0,1506
61381,2019,2,16,0.0,1.0,1507
61381,2019,2,17,0.0,1.0,1508
61381,2019,2,18,0.0,1.0,1509
61381,2019,2,19,0.0,1.0,1510
61381,2019,2,20,10.0,1.0,1511
61381,2019,2,21,29.0,1.0,1512
61381,2019,2,22,14.0,1.0,1513
61381,2019,2,23,10.0,1.0,1514
61381,2019,2,24,7.0,1.0,1515
61381,2019,2,25,2.0,1.0,1516
61381,2019,2,26,0.0,1.0,1517
61381,2019,2,27,0.0,1.0,1518
61381,2019,2,28,0.0,1.0,1519
61381,2019,3,1,0.0,1.0,1520
61381,2019,3,2,0.0,1.0,1521
61381,2019,3,3,1.0,1.0,1522
61381,2019,3,4,0.0,1.0,1523
61381,2019,3,5,0.0,1.0,1524
61381,2019,3,6,0.0,1.0,1525
61381,2019,3,7,5.0,1.0,1526
61381,2019,3,8,0.0,1.0,1527
61381,2019,3,9,1.0,1.0,1528
61381,2019,3,10,1.0,1.0,1529
61381,2019,3,11,0.0,1.0,1530
61381,2019,3,12,0.0,1.0,1531
61381,2019,3,13,5.0,1.0,1532
61381,2019,3,14,3.0,1.0,1533
61381,2019,3,15,20.0,1.0,1534
61381,2019,3,16,12.0,1.0,1535
61381,2019,3,17,82.0,1.0,1536
61381,2019,3,18,26.0,1.0,1537
61381,2019,3,19,6.0,1.0,1538
61381,2019,3,20,4.0,1.0,1539
61381,2019,3,21,0.0,1.0,1540
61381,2019,3,22,5.0,1.0,1541
61381,2019,3,23,1.0,1.0,1542
61381,2019,3,24,4.0,1.0,1543
61381,2019,3,25,4.0,1.0,1544
61381,2019,3,26,4.0,1.0,1545
61381,2019,3,27,0.0,1.0,1546
61381,2019,3,28,0.0,1.0,1547
61381,2019,3,29,0.0,1.0,1548
61381,2019,3,30,33.0,1.0,1549
61381,2019,3,31,0.0,1.0,1550
61381,2019,4,1,0.0,1.0,1551
61381,2019,4,2,38.0,1.0,1552
61381,2019,4,3,10.0,1.0,1553
61381,2019,4,4,0.0,1.0,1554
61381,2019,4,5,3.0,1.0,1555
61381,2019,4,6,1.0,1.0,1556
61381,2019,4,7,0.0,1.0,1557
61381,2019,4,8,0.0,1.0,1558
61381,2019,4,9,0.0,1.0,1559
61381,2019,4,10,0.0,1.0,1560
61381,2019,4,11,2.0,1.0,1561
61381,2019,4,12,2.0,1.0,1562
61381,2019,4,13,0.0,1.0,1563
61381,2019,4,14,0.0,1.0,1564
61381,2019,4,15,0.0,1.0,1565
61381,2019,4,16,0.0,1.0,1566
61381,2019,4,17,0.0,1.0,1567
61381,2019,4,18,0.0,1.0,1568
61381,2019,4,19,0.0,1.0,1569
61381,2019,4,20,0.0,1.0,1570
61381,2019,4,21,1.0,1.0,1571
61381,2019,4,22,0.0,1.0,1572
61381,2019,4,23,0.0,1.0,1573
61381,2019,4,24,3.0,1.0,1574
61381,2019,4,25,0.0,1.0,1575
61381,2019,4,26,0.0,1.0,1576
61381,2019,4,27,0.0,1.0,1577
61381,2019,4,28,0.0,1.0,1578
61381,2019,4,29,0.0,1.0,1579
61381,2019,4,30,0.0,1.0,1580
61381,2019,5,1,0.0,1.0,1581
61381,2019,5,2,0.0,1.0,1582
61381,2019,5,3,0.0,1.0,1583
61381,2019,5,4,4.0,1.0,1584
61381,2019,5,5,0.0,1.0,1585
61381,2019,5,6,6.0,1.0,1586
61381,2019,5,7,0.0,1.0,1587
61381,2019,5,8,0.0,1.0,1588
61381,2019,5,9,0.0,1.0,1589
61381,2019,5,10,0.0,1.0,1590
61381,2019,5,11,0.0,1.0,1591
61381,2019,5,12,0.0,1.0,1592
61381,2019,5,13,0.0,1.0,1593
61381,2019,5,14,0.0,1.0,1594
61381,2019,5,15,0.0,1.0,1595
61381,2019,5,16,0.0,1.0,1596
61381,2019,5,17,0.0,1.0,1597
61381,2019,5,18,0.0,1.0,1598
61381,2019,5,19,2.0,1.0,1599
61381,2019,5,20,0.0,1.0,1600
61381,2019,5,21,0.0,1.0,1601
61381,2019,5,22,0.0,1.0,1602
61381,2019,5,23,0.0,1.0,1603
61381,2019,5,24,0.0,1.0,1604
61381,2019,5,25,0.0,1.0,1605
61381,2019,5,26,0.0,1.0,1606
61381,2019,5,27,0.0,1.0,1607
61381,2019,5,28,1.0,1.0,1608
61381,2019,5,29,0.0,1.0,1609
61381,2019,5,30,0.0,1.0,1610
61381,2019,5,31,0.0,1.0,1611
61381,2019,6,1,0.0,1.0,1612
61381,2019,6,2,3.0,1.0,1613
61381,2019,6,3,0.0,1.0,1614
61381,2019,6,4,12.0,1.0,1615
61381,2019,6,5,24.0,1.0,1616
61381,2019,6,6,2.0,1.0,1617
61381,2019,6,7,1.0,1.0,1618
61381,2019,6,8,3.0,1.0,1619
61381,2019,6,9,1.0,1.0,1620
61381,2019,6,10,0.0,1.0,1621
61381,2019,6,11,0.0,1.0,1622
61381,2019,6,12,0.0,1.0,1623
61381,2019,6,13,0.0,1.0,1624
61381,2019,6,14,0.0,1.0,1625
61381,2019,6,15,0.0,1.0,1626
61381,2019,6,16,0.0,1.0,1627
61381,2019,6,17,1.0,1.0,1628
61381,2019,6,18,11.0,1.0,1629
61381,2019,6,19,1.0,1.0,1630
61381,2019,6,20,0.0,1.0,1631
61381,2019,6,21,0.0,1.0,1632
61381,2019,6,22,0.0,1.0,1633
61381,2019,6,23,0.0,1.0,1634
61381,2019,6,24,70.0,1.0,1635
61381,2019,6,25,38.0,1.0,1636
61381,2019,6,26,31.0,1.0,1637
61381,2019,6,27,3.0,1.0,1638
61381,2019,6,28,0.0,1.0,1639
61381,2019,6,29,0.0,1.0,1640
61381,2019,6,30,0.0,1.0,1641
61381,2019,7,1,0.0,1.0,1642
61381,2019,7,2,0.0,1.0,1643
61381,2019,7,3,0.0,1.0,1644
61381,2019,7,4,11.0,1.0,1645
61381,2019,7,5,14.0,1.0,1646
61381,2019,7,6,4.0,1.0,1647
61381,2019,7,7,12.0,1.0,1648
61381,2019,7,8,2.0,1.0,1649
61381,2019,7,9,1.0,1.0,1650
61381,2019,7,10,0.0,1.0,1651
61381,2019,7,11,0.0,1.0,1652
61381,2019,7,12,0.0,1.0,1653
61381,2019,7,13,0.0,1.0,1654
61381,2019,7,14,0.0,1.0,1655
61381,2019,7,15,0.0,1.0,1656
61381,2019,7,16,0.0,1.0,1657
61381,2019,7,17,0.0,1.0,1658
61381,2019,7,18,0.0,1.0,1659
61381,2019,7,19,0.0,1.0,1660
61381,2019,7,20,0.0,1.0,1661
61381,2019,7,21,0.0,1.0,1662
61381,2019,7,22,0.0,1.0,1663
61381,2019,7,23,0.0,1.0,1664
61381,2019,7,24,0.0,1.0,1665
61381,2019,7,25,0.0,1.0,1666
61381,2019,7,26,0.0,1.0,1667
61381,2019,7,27,0.0,1.0,1668
61381,2019,7,28,0.0,1.0,1669
61381,2019,7,29,0.0,1.0,1670
61381,2019,7,30,1.0,1.0,1671
61381,2019,7,31,18.0,1.0,1672
61381,2019,8,1,5.0,1.0,1673
61381,2019,8,2,1.0,1.0,1674
61381,2019,8,3,0.0,1.0,1675
61381,2019,8,4,0.0,1.0,1676
61381,2019,8,5,0.0,1.0,1677
61381,2019,8,6,0.0,1.0,1678
61381,2019,8,7,0.0,1.0,1679
61381,2019,8,8,0.0,1.0,1680
61381,2019,8,9,0.0,1.0,1681
61381,2019,9,11,6.0,1.0,1714
61381,2019,9,12,0.0,1.0,1715
61381,2019,9,13,0.0,1.0,1716
61381,2019,9,14,0.0,1.0,1717
61381,2019,9,15,0.0,1.0,1718
61381,2019,9,16,0.0,1.0,1719
61381,2019,9,17,10.0,1.0,1720
61381,2019,9,18,70.0,1.0,1721
61381,2019,9,19,12.0,1.0,1722
61381,2019,9,20,0.0,1.0,1723
61381,2019,9,21,0.0,1.0,1724
61381,2019,9,22,0.0,1.0,1725
61381,2019,9,23,0.0,1.0,1726
61381,2019,9,24,0.0,1.0,1727
61381,2019,9,25,0.0,1.0,1728
61381,2019,9,26,0.0,1.0,1729
61381,2019,9,27,0.0,1.0,1730
61381,2019,9,28,0.0,1.0,1731
61381,2019,9,29,0.0,1.0,1732
61381,2019,9,30,0.0,1.0,1733
61381,2019,10,1,2.0,1.0,1734
61381,2019,10,2,0.0,1.0,1735
61381,2019,10,3,0.0,1.0,1736
61381,2019,10,4,0.0,1.0,1737
61381,2019,10,5,13.0,1.0,1738
61381,2019,10,6,15.0,1.0,1739
61381,2019,10,7,0.0,1.0,1740
61381,2019,10,8,0.0,1.0,1741
61381,2019,10,9,1.0,1.0,1742
61381,2019,10,10,0.0,1.0,1743
61381,2019,10,11,1.0,1.0,1744
61381,2019,10,12,22.0,1.0,1745
61381,2019,10,13,1.0,1.0,1746
61381,2019,10,14,0.0,1.0,1747
61381,2019,10,15,0.0,1.0,1748
61381,2019,10,16,0.0,1.0,1749
61381,2019,10,17,1.0,1.0,1750
61381,2019,10,18,0.0,1.0,1751
61381,2019,10,19,0.0,1.0,1752
61381,2019,10,20,0.0,1.0,1753
61381,2019,10,21,0.0,1.0,1754
61381,2019,10,22,0.0,1.0,1755
61381,2019,10,23,0.0,1.0,1756
61381,2019,10,24,0.0,1.0,1757
61381,2019,10,25,0.0,1.0,1758
61381,2019,10,26,0.0,1.0,1759
61381,2019,10,27,0.0,1.0,1760
61381,2019,10,28,0.0,1.0,1761
61381,2019,10,29,0.0,1.0,1762
61381,2019,10,30,0.0,1.0,1763
61381,2019,10,31,0.0,1.0,1764
61381,2019,11,1,0.0,1.0,1765
61381,2019,11,2,0.0,1.0,1766
61381,2019,11,3,0.0,1.0,1767
61381,2019,11,4,13.0,1.0,1768
61381,2019,11,5,1.0,1.0,1769
61381,2019,11,6,0.0,1.0,1770
61381,2019,11,7,0.0,1.0,1771
61381,2019,11,8,0.0,1.0,1772
61381,2019,11,9,0.0,1.0,1773
61381,2019,11,10,0.0,1.0,1774
61381,2019,11,11,0.0,1.0,1775
61381,2019,11,12,0.0,1.0,1776
61381,2019,11,13,0.0,1.0,1777
61381,2019,11,14,0.0,1.0,1778
61381,2019,11,15,0.0,1.0,1779
61381,2019,11,16,0.0,1.0,1780
61381,2019,11,17,0.0,1.0,1781
61381,2019,11,18,0.0,1.0,1782
61381,2019,11,19,0.0,1.0,1783
61381,2019,11,20,0.0,1.0,1784
61381,2019,11,21,0.0,1.0,1785
61381,2019,11,22,0.0,1.0,1786
61381,2019,11,23,0.0,1.0,1787
61381,2019,11,24,0.0,1.0,1788
61381,2019,11,25,0.0,1.0,1789
61381,2019,11,26,0.0,1.0,1790
61381,2019,11,27,3.0,1.0,1791
61381,2019,11,28,0.0,1.0,1792
61381,2019,11,29,0.0,1.0,1793
61381,2019,11,30,0.0,1.0,1794
61381,2019,12,1,3.0,1.0,1795
61381,2019,12,2,0.0,1.0,1796
61381,2019,12,3,0.0,1.0,1797
61381,2019,12,4,0.0,1.0,1798
61381,2019,12,5,0.0,1.0,1799
61381,2019,12,6,0.0,1.0,1800
61381,2019,12,7,0.0,1.0,1801
61381,2019,12,8,0.0,1.0,1802
61381,2019,12,9,0.0,1.0,1803
61381,2019,12,10,0.0,1.0,1804
61381,2019,12,11,0.0,1.0,1805
61381,2019,12,12,0.0,1.0,1806
61381,2019,12,13,0.0,1.0,1807
61381,2019,12,14,0.0,1.0,1808
61381,2019,12,15,0.0,1.0,1809
61381,2019,12,16,0.0,1.0,1810
61381,2019,12,17,0.0,1.0,1811
61381,2019,12,18,0.0,1.0,1812
61381,2019,12,19,0.0,1.0,1813
61381,2019,12,20,0.0,1.0,1814
61381,2019,12,21,0.0,1.0,1815
61381,2019,12,22,0.0,1.0,1816
61381,2019,12,23,0.0,1.0,1817
61381,2019,12,24,1.0,1.0,1818
61381,2019,12,25,0.0,1.0,1819
61381,2019,12,26,0.0,1.0,1820
61381,2019,12,27,0.0,1.0,1821
61381,2019,12,28,0.0,1.0,1822
61381,2019,12,29,0.0,1.0,1823
61381,2019,12,30,0.0,1.0,1824
61381,2019,12,31,0.0,1.0,1825
61381,2020,1,1,0.0,1.0,1826
61381,2020,1,2,0.0,1.0,1827
61381,2020,1,3,1.0,1.0,1828
61381,2020,1,4,0.0,1.0,1829
61381,2020,1,5,0.0,1.0,1830
61381,2020,1,6,0.0,1.0,1831
61381,2020,1,7,18.0,1.0,1832
61381,2020,1,8,0.0,1.0,1833
61381,2020,1,9,1.0,1.0,1834
61381,2020,1,10,3.0,1.0,1835
61381,2020,1,11,0.0,1.0,1836
61381,2020,1,12,0.0,1.0,1837
61381,2020,1,13,0.0,1.0,1838
61381,2020,1,14,0.0,1.0,1839
61381,2020,1,15,0.0,1.0,1840
61381,2020,1,16,0.0,1.0,1841
61381,2020,1,17,0.0,1.0,1842
61381,2020,1,18,32.0,1.0,1843
61381,2020,1,19,19.0,1.0,1844
61381,2020,1,20,0.0,1.0,1845
61381,2020,1,21,8.0,1.0,1846
61381,2020,1,22,0.0,1.0,1847
61381,2020,1,23,0.0,1.0,1848
61381,2020,1,24,1.0,1.0,1849
61381,2020,1,25,0.0,1.0,1850
61381,2020,1,26,1.0,1.0,1851
61381,2020,1,27,0.0,1.0,1852
61381,2020,1,28,0.0,1.0,1853
61381,2020,1,29,10.0,1.0,1854
61381,2020,1,30,0.0,1.0,1855
61381,2020,1,31,0.0,1.0,1856
61381,2020,2,1,0.0,1.0,1857
61381,2020,2,2,0.0,1.0,1858
61381,2020,2,3,8.0,1.0,1859
61381,2020,2,4,1.0,1.0,1860
61381,2020,2,5,0.0,1.0,1861
61381,2020,2,6,10.0,1.0,1862
61381,2020,2,7,61.0,1.0,1863
61381,2020,2,8,229.0,1.0,1864
61381,2020,2,9,68.0,1.0,1865
61381,2020,2,10,122.0,1.0,1866
61381,2020,2,11,0.0,1.0,1867
61381,2020,2,12,0.0,1.0,1868
61381,2020,2,13,5.0,1.0,1869
61381,2020,2,14,8.0,1.0,1870
61381,2020,2,15,0.0,1.0,1871
61381,2020,2,16,6.0,1.0,1872
61381,2020,2,17,2.0,1.0,1873
61381,2020,2,18,4.0,1.0,1874
61381,2020,3,21,0.0,1.0,1906
61381,2020,3,22,0.0,1.0,1907
61381,2020,3,23,1.0,1.0,1908
61381,2020,3,24,7.0,1.0,1909
61381,2020,3,25,0.0,1.0,1910
61381,2020,3,26,33.0,1.0,1911
61381,2020,3,27,5.0,1.0,1912
61381,2020,3,28,0.0,1.0,1913
61381,2020,3,29,21.0,1.0,1914
61381,2020,3,30,1.0,1.0,1915
61381,2020,3,31,0.0,1.0,1916
61381,2020,4,1,2.0,1.0,1917
61381,2020,4,2,0.0,1.0,1918
61381,2020,4,3,4.0,1.0,1919
61381,2020,4,4,10.0,1.0,1920
61381,2020,4,5,0.0,1.0,1921
61381,2020,4,6,0.0,1.0,1922
61381,2020,4,7,3.0,1.0,1923
61381,2020,4,8,11.0,1.0,1924
61381,2020,4,9,19.0,1.0,1925
61381,2020,4,10,1.0,1.0,1926
61381,2020,4,11,2.0,1.0,1927
61381,2020,4,12,0.0,1.0,1928
61381,2020,4,13,0.0,1.0,1929
61381,2020,4,14,0.0,1.0,1930
61381,2020,4,15,0.0,1.0,1931
61381,2020,4,16,0.0,1.0,1932
61381,2020,4,17,0.0,1.0,1933
61381,2020,4,18,0.0,1.0,1934
61381,2020,4,19,0.0,1.0,1935
61381,2020,4,20,0.0,1.0,1936
61381,2020,4,21,0.0,1.0,1937
61381,2020,4,22,0.0,1.0,1938
61381,2020,4,23,0.0,1.0,1939
61381,2020,4,24,0.0,1.0,1940
61381,2020,4,25,0.0,1.0,1941
61381,2020,4,26,0.0,1.0,1942
61381,2020,4,27,1.0,1.0,1943
61381,2020,4,28,2.0,1.0,1944
61381,2020,4,29,0.0,1.0,1945
61381,2020,4,30,0.0,1.0,1946
61381,2020,5,1,6.0,1.0,1947
61381,2020,5,2,0.0,1.0,1948
61381,2020,5,3,0.0,1.0,1949
61381,2020,5,4,0.0,1.0,1950
61381,2020,5,5,4.0,1.0,1951
61381,2020,5,6,2.0,1.0,1952
61381,2020,5,7,0.0,1.0,1953
61381,2020,5,8,0.0,1.0,1954
61381,2020,5,9,0.0,1.0,1955
61381,2020,5,10,0.0,1.0,1956
61381,2020,5,11,0.0,1.0,1957
61381,2020,5,12,0.0,1.0,1958
61381,2020,5,13,0.0,1.0,1959
61381,2020,5,14,0.0,1.0,1960
61381,2020,5,15,36.0,1.0,1961
61381,2020,5,16,10.0,1.0,1962
61381,2020,5,17,0.0,1.0,1963
61381,2020,5,18,1.0,1.0,1964
61381,2020,5,19,1.0,1.0,1965
61381,2020,5,20,0.0,1.0,1966
61381,2020,5,21,0.0,1.0,1967
61381,2020,5,22,7.0,1.0,1968
61381,2020,5,23,2.0,1.0,1969
61381,2020,5,24,0.0,1.0,1970
61381,2020,5,25,0.0,1.0,1971
61381,2020,5,26,64.0,1.0,1972
61381,2020,5,27,3.0,1.0,1973
61381,2020,5,28,0.0,1.0,1974
61381,2020,5,29,0.0,1.0,1975
61381,2020,5,30,0.0,1.0,1976
61381,2020,5,31,0.0,1.0,1977
61381,2020,6,1,0.0,1.0,1978
61381,2020,6,2,2.0,1.0,1979
61381,2020,6,3,3.0,1.0,1980
61381,2020,6,4,0.0,1.0,1981
61381,2020,6,5,0.0,1.0,1982
61381,2020,6,6,0.0,1.0,1983
61381,2020,6,7,0.0,1.0,1984
61381,2020,6,8,0.0,1.0,1985
61381,2020,6,9,2.0,1.0,1986
61381,2020,6,10,21.0,1.0,1987
61381,2020,6,11,9.0,1.0,1988
61381,2020,6,12,0.0,1.0,1989
61381,2020,6,13,0.0,1.0,1990
61381,2020,6,14,7.0,1.0,1991
61381,2020,6,15,0.0,1.0,1992
61381,2020,6,16,0.0,1.0,1993
61381,2020,6,17,0.0,1.0,1994
61381,2020,6,18,4.0,1.0,1995
61381,2020,6,19,0.0,1.0,1996
61381,2020,6,20,0.0,1.0,1997
61381,2020,6,21,2.0,1.0,1998
61381,2020,6,22,2.0,1.0,1999
61381,2020,6,23,0.0,1.0,2000
61381,2020,6,24,0.0,1.0,2001
61381,2020,6,25,0.0,1.0,2002
61381,2020,6,26,0.0,1.0,2003
61381,2020,6,27,0.0,1.0,2004
61381,2020,6,28,1.0,1.0,2005
61381,2020,6,29,12.0,1.0,2006
61381,2020,6,30,0.0,1.0,2007
61381,2020,7,1,0.0,1.0,2008
61381,2020,7,2,0.0,1.0,2009
61381,2020,7,3,0.0,1.0,2010
61381,2020,7,4,1.0,1.0,2011
61381,2020,7,5,0.0,1.0,2012
61381,2020,7,6,0.0,1.0,2013
61381,2020,7,7,0.0,1.0,2014
61381,2020,7,8,9.0,1.0,2015
61381,2020,7,9,0.0,1.0,2016
61381,2020,7,10,0.0,1.0,2017
61381,2020,7,11,5.0,1.0,2018
61381,2020,7,12,4.0,1.0,2019
61381,2020,7,13,12.0,1.0,2020
61381,2020,7,14,14.0,1.0,2021
61381,2020,7,15,14.0,1.0,2022
61381,2020,7,16,0.0,1.0,2023
61381,2020,7,17,0.0,1.0,2024
61381,2020,7,18,2.0,1.0,2025
61381,2020,7,19,0.0,1.0,2026
61381,2020,7,20,0.0,1.0,2027
61381,2020,7,21,0.0,1.0,2028
61381,2020,7,22,0.0,1.0,2029
61381,2020,7,23,0.0,1.0,2030
61381,2020,7,24,0.0,1.0,2031
61381,2020,7,25,0.0,1.0,2032
61381,2020,7,26,6.0,1.0,2033
61381,2020,7,27,104.0,1.0,2034
61381,2020,7,28,32.0,1.0,2035
61381,2020,7,29,2.0,1.0,2036
61381,2020,7,30,0.0,1.0,2037
61381,2020,7,31,0.0,1.0,2038
61381,2020,8,1,0.0,1.0,2039
61381,2020,8,2,0.0,1.0,2040
61381,2020,8,3,0.0,1.0,2041
61381,2020,8,4,0.0,1.0,2042
61381,2020,8,5,0.0,1.0,2043
61381,2020,8,6,0.0,1.0,2044
61381,2020,8,7,0.0,1.0,2045
61381,2020,8,8,11.0,1.0,2046
61381,2020,8,9,0.0,1.0,2047
61381,2020,8,10,36.0,1.0,2048
61381,2020,8,11,1.0,1.0,2049
61381,2020,8,12,0.0,1.0,2050
61381,2020,8,13,3.0,1.0,2051
61381,2020,8,14,0.0,1.0,2052
61381,2020,8,15,4.0,1.0,2053
61381,2020,8,16,0.0,1.0,2054
61381,2020,8,17,0.0,1.0,2055
61381,2020,8,18,0.0,1.0,2056
61381,2020,8,19,0.0,1.0,2057
61381,2020,8,20,0.0,1.0,2058
61381,2020,8,21,0.0,1.0,2059
61381,2020,8,22,0.0,1.0,2060
61381,2020,8,23,0.0,1.0,2061
61381,2020,8,24,0.0,1.0,2062
61381,2020,8,25,0.0,1.0,2063
61381,2020,8,26,0.0,1.0,2064
61381,2020,8,27,0.0,1.0,2065
61381,2020,8,28,0.0,1.0,2066
61381,2020,8,29,0.0,1.0,2067
61381,2020,8,30,0.0,1.0,2068
61381,2020,8,31,0.0,1.0,2069
61381,2020,9,1,0.0,1.0,2070
61381,2020,9,2,0.0,1.0,2071
61381,2020,9,3,0.0,1.0,2072
61381,2020,9,4,0.0,1.0,2073
61381,2020,9,5,21.0,1.0,2074
61381,2020,9,6,0.0,1.0,2075
61381,2020,9,7,0.0,1.0,2076
61381,2020,9,8,0.0,1.0,2077
61381,2020,9,9,0.0,1.0,2078
61381,2020,9,10,13.0,1.0,2079
61381,2020,9,11,12.0,1.0,2080
61381,2020,9,12,0.0,1.0,2081
61381,2020,9,13,0.0,1.0,2082
61381,2020,9,14,0.0,1.0,2083
61381,2020,9,15,0.0,1.0,2084
61381,2020,9,16,0.0,1.0,2085
61381,2020,9,17,0.0,1.0,2086
61381,2020,9,18,0.0,1.0,2087
61381,2020,9,19,3.0,1.0,2088
61381,2020,9,20,2.0,1.0,2089
61381,2020,9,21,7.0,1.0,2090
61381,2020,9,22,0.0,1.0,2091
61381,2020,9,23,0.0,1.0,2092
61381,2020,9,24,0.0,1.0,2093
61381,2020,9,25,0.0,1.0,2094
61381,2020,9,26,1.0,1.0,2095
61381,2020,9,27,0.0,1.0,2096
61381,2020,9,28,0.0,1.0,2097
61381,2020,9,29,0.0,1.0,2098
61381,2020,9,30,0.0,1.0,2099
61381,2020,10,1,2.0,1.0,2100
61381,2020,10,2,0.0,1.0,2101
61381,2020,10,3,0.0,1.0,2102
61381,2020,10,4,0.0,1.0,2103
61381,2020,10,5,0.0,1.0,2104
61381,2020,10,6,0.0,1.0,2105
61381,2020,10,7,0.0,1.0,2106
61381,2020,10,8,1.0,1.0,2107
61381,2020,10,9,0.0,1.0,2108
61381,2020,10,10,0.0,1.0,2109
61381,2020,10,11,0.0,1.0,2110
61381,2020,10,12,0.0,1.0,2111
61381,2020,10,13,0.0,1.0,2112
61381,2020,10,14,0.0,1.0,2113
61381,2020,10,15,0.0,1.0,2114
61381,2020,10,16,0.0,1.0,2115
61381,2020,10,17,0.0,1.0,2116
61381,2020,10,18,1.0,1.0,2117
61381,2020,10,19,45.0,1.0,2118
61381,2020,10,20,19.0,1.0,2119
61381,2020,10,21,1.0,1.0,2120
61381,2020,10,22,0.0,1.0,2121
61381,2020,10,23,0.0,1.0,2122
61381,2020,10,24,8.0,1.0,2123
61381,2020,10,25,28.0,1.0,2124
61381,2020,10,26,157.0,1.0,2125
61381,2020,10,27,52.0,1.0,2126
61381,2020,10,28,0.0,1.0,2127
61381,2020,10,29,1.0,1.0,2128
61381,2020,10,30,0.0,1.0,2129
61381,2020,10,31,14.0,1.0,2130
61381,2020,11,1,3.0,1.0,2131
61381,2020,11,2,6.0,1.0,2132
61381,2020,11,3,0.0,1.0,2133
61381,2020,11,4,0.0,1.0,2134
61381,2020,11,5,1.0,1.0,2135
61381,2020,11,6,28.0,1.0,2136
61381,2020,11,7,0.0,1.0,2137
61381,2020,11,8,2.0,1.0,2138
61381,2020,11,9,0.0,1.0,2139
61381,2020,11,10,0.0,1.0,2140
61381,2020,11,11,0.0,1.0,2141
61381,2020,11,12,0.0,1.0,2142
61381,2020,11,13,3.0,1.0,2143
61381,2020,11,14,2.0,1.0,2144
61381,2020,11,15,0.0,1.0,2145
61381,2020,11,16,0.0,1.0,2146
61381,2020,11,17,0.0,1.0,2147
61381,2020,11,18,0.0,1.0,2148
61381,2020,11,19,0.0,1.0,2149
61381,2020,11,20,0.0,1.0,2150
61381,2020,11,21,0.0,1.0,2151
61381,2020,11,22,0.0,1.0,2152
61381,2020,11,23,4.0,1.0,2153
61381,2020,11,24,1.0,1.0,2154
61381,2020,11,25,0.0,1.0,2155
61381,2020,11,26,0.0,1.0,2156
61381,2020,11,27,0.0,1.0,2157
61381,2020,11,28,0.0,1.0,2158
61381,2020,11,29,0.0,1.0,2159
61381,2020,11,30,0.0,1.0,2160
61381,2020,12,1,0.0,1.0,2161
61381,2020,12,2,8.0,1.0,2162
61381,2020,12,3,4.0,1.0,2163
61381,2020,12,4,0.0,1.0,2164
61381,2020,12,5,0.0,1.0,2165
61381,2020,12,6,22.0,1.0,2166
61381,2020,12,7,0.0,1.0,2167
61381,2020,12,8,0.0,1.0,2168
61381,2020,12,9,0.0,1.0,2169
61381,2020,12,10,0.0,1.0,2170
61381,2020,12,11,3.0,1.0,2171
61381,2020,12,12,0.0,1.0,2172
61381,2020,12,13,0.0,1.0,2173
61381,2020,12,14,7.0,1.0,2174
61381,2020,12,15,19.0,1.0,2175
61381,2020,12,16,16.0,1.0,2176
61381,2020,12,17,0.0,1.0,2177
61381,2020,12,18,0.0,1.0,2178
61381,2020,12,19,5.0,1.0,2179
61381,2020,12,20,14.0,1.0,2180
61381,2020,12,21,4.0,1.0,2181
61381,2020,12,22,60.0,1.0,2182
61381,2020,12,23,0.0,1.0,2183
61381,2020,12,24,0.0,1.0,2184
61381,2020,12,25,1.0,1.0,2185
61381,2020,12,26,18.0,1.0,2186
61381,2020,12,27,2.0,1.0,2187
61381,2020,12,28,0.0,1.0,2188
61381,2020,12,29,12.0,1.0,2189
61381,2020,12,30,39.0,1.0,2190
61381,2020,12,31,21.0,1.0,2191
61381,2021,1,1,3.0,1.0,2192
61381,2021,1,2,1.0,1.0,2193
61381,2021,1,3,1.0,1.0,2194
61381,2021,1,4,0.0,1.0,2195
61381,2021,1,5,21.0,1.0,2196
61381,2021,1,6,1.0,1.0,2197
61381,2021,1,7,0.0,1.0,2198
61381,2021,1,8,3.0,1.0,2199
61381,2021,1,9,1.0,1.0,2200
61381,2021,1,10,0.0,1.0,2201
61381,2021,1,11,0.0,1.0,2202
61381,2021,1,12,0.0,1.0,2203
61381,2021,1,13,0.0,1.0,2204
61381,2021,1,14,0.0,1.0,2205
61381,2021,1,15,8.0,1.0,2206
61381,2021,1,16,0.0,1.0,2207
61381,2021,1,17,0.0,1.0,2208
61381,2021,1,18,0.0,1.0,2209
61381,2021,1,19,0.0,1.0,2210
61381,2021,1,20,5.0,1.0,2211
61381,2021,1,21,0.0,1.0,2212
61381,2021,1,22,0.0,1.0,2213
61381,2021,1,23,1.0,1.0,2214
61381,2021,1,24,0.0,1.0,2215
61381,2021,1,25,0.0,1.0,2216
61381,2021,1,26,0.0,1.0,2217
61381,2021,1,27,0.0,1.0,2218
61381,2021,1,28,32.0,1.0,2219
61381,2021,1,29,39.0,1.0,2220
61381,2021,1,30,44.0,1.0,2221
61381,2021,1,31,0.0,1.0,2222
61381,2021,2,1,5.0,1.0,2223
61381,2021,2,2,8.0,1.0,2224
61381,2021,2,3,2.0,1.0,2225
61381,2021,2,4,0.0,1.0,2226
61381,2021,2,5,0.0,1.0,2227
61381,2021,2,6,0.0,1.0,2228
61381,2021,2,7,3.0,1.0,2229
61381,2021,2,8,1.0,1.0,2230
61381,2021,2,9,0.0,1.0,2231
61381,2021,2,10,1.0,1.0,2232
61381,2021,2,11,0.0,1.0,2233
61381,2021,2,12,0.0,1.0,2234
61381,2021,2,13,36.0,1.0,2235
61381,2021,2,14,17.0,1.0,2236
61381,2021,2,15,0.0,1.0,2237
61381,2021,2,16,33.0,1.0,2238
61381,2021,2,17,2.0,1.0,2239
61381,2021,2,18,0.0,1.0,2240
61381,2021,2,19,18.0,1.0,2241
61381,2021,2,20,1.0,1.0,2242
61381,2021,2,21,6.0,1.0,2243
61381,2021,2,22,0.0,1.0,2244
61381,2021,2,23,2.0,1.0,2245
61381,2021,2,24,5.0,1.0,2246
61381,2021,2,25,2.0,1.0,2247
61381,2021,2,26,0.0,1.0,2248
61381,2021,2,27,1.0,1.0,2249
61381,2021,2,28,1.0,1.0,2250
61381,2021,3,1,0.0,1.0,2251
61381,2021,3,2,0.0,1.0,2252
61381,2021,3,3,0.0,1.0,2253
61381,2021,3,4,0.0,1.0,2254
61381,2021,3,5,0.0,1.0,2255
61381,2021,3,6,1.0,1.0,2256
61381,2021,3,7,0.0,1.0,2257
61381,2021,3,8,0.0,1.0,2258
61381,2021,3,9,1.0,1.0,2259
61381,2021,3,10,0.0,1.0,2260
61381,2021,3,11,1.0,1.0,2261
61381,2021,3,12,0.0,1.0,2262
61381,2021,3,13,0.0,1.0,2263
61381,2021,3,14,32.0,1.0,2264
61381,2021,3,15,53.0,1.0,2265
61381,2021,3,16,0.0,1.0,2266
61381,2021,3,17,2.0,1.0,2267
61381,2021,3,18,21.0,1.0,2268
61381,2021,3,19,95.0,1.0,2269
61381,2021,3,20,63.0,1.0,2270
61381,2021,3,21,133.0,1.0,2271
61381,2021,3,22,69.0,1.0,2272
61381,2021,3,23,45.0,1.0,2273
61381,2021,3,24,9.0,1.0,2274
61381,2021,3,25,0.0,1.0,2275
61381,2021,3,26,1.0,1.0,2276
61381,2021,3,27,0.0,1.0,2277
61381,2021,3,28,0.0,1.0,2278
61381,2021,3,29,0.0,1.0,2279
61381,2021,3,30,10.0,1.0,2280
61381,2021,3,31,8.0,1.0,2281
61381,2021,4,1,1.0,1.0,2282
61381,2021,4,2,0.0,1.0,2283
61381,2021,4,3,0.0,1.0,2284
61381,2021,4,4,0.0,1.0,2285
61381,2021,4,5,0.0,1.0,2286
61381,2021,4,6,0.0,1.0,2287
61381,2021,4,7,3.0,1.0,2288
61381,2021,4,8,1.0,1.0,2289
61381,2021,4,9,0.0,1.0,2290
61381,2021,4,10,0.0,1.0,2291
61381,2021,4,11,0.0,1.0,2292
61381,2021,4,12,0.0,1.0,2293
61381,2021,4,13,0.0,1.0,2294
61381,2021,4,14,0.0,1.0,2295
61381,2021,4,15,0.0,1.0,2296
61381,2021,4,16,0.0,1.0,2297
61381,2021,4,17,0.0,1.0,2298
61381,2021,4,18,1.0,1.0,2299
61381,2021,4,19,0.0,1.0,2300
61381,2021,4,20,0.0,1.0,2301
61381,2021,4,21,0.0,1.0,2302
61381,2021,4,22,0.0,1.0,2303
61381,2021,4,23,0.0,1.0,2304
61381,2021,4,24,0.0,1.0,2305
61381,2021,4,25,0.0,1.0,2306
61381,2021,4,26,0.0,1.0,2307
61381,2021,4,27,0.0,1.0,2308
61381,2021,4,28,0.0,1.0,2309
61381,2021,4,29,0.0,1.0,2310
61381,2021,4,30,0.0,1.0,2311
61381,2021,5,1,0.0,1.0,2312
61381,2021,5,2,0.0,1.0,2313
61381,2021,5,3,0.0,1.0,2314
61381,2021,5,4,0.0,1.0,2315
61381,2021,5,5,6.0,1.0,2316
61381,2021,5,6,30.0,1.0,2317
61381,2021,5,7,7.0,1.0,2318
61381,2021,5,8,0.0,1.0,2319
61381,2021,5,9,0.0,1.0,2320
61381,2021,5,10,1.0,1.0,2321
61381,2021,5,11,1.0,1.0,2322
61381,2021,5,12,0.0,1.0,2323
61381,2021,5,13,7.0,1.0,2324
61381,2021,5,14,0.0,1.0,2325
61381,2021,5,15,0.0,1.0,2326
61381,2021,5,16,0.0,1.0,2327
61381,2021,5,17,0.0,1.0,2328
61381,2021,5,18,0.0,1.0,2329
61381,2021,5,19,0.0,1.0,2330
61381,2021,5,20,0.0,1.0,2331
61381,2021,5,21,0.0,1.0,2332
61381,2021,5,22,5.0,1.0,2333
61381,2021,5,23,0.0,1.0,2334
61381,2021,5,24,4.0,1.0,2335
61381,2021,5,25,0.0,1.0,2336
61381,2021,5,26,0.0,1.0,2337
61381,2021,5,27,0.0,1.0,2338
61381,2021,5,28,0.0,1.0,2339
61381,2021,5,29,0.0,1.0,2340
61381,2021,5,30,0.0,1.0,2341
61381,2021,5,31,0.0,1.0,2342
61381,2021,6,1,0.0,1.0,2343
61381,2021,6,2,0.0,1.0,2344
61381,2021,6,3,0.0,1.0,2345
61381,2021,6,4,9.0,1.0,2346
61381,2021,6,5,0.0,1.0,2347
61381,2021,6,6,0.0,1.0,2348
61381,2021,6,7,0.0,1.0,2349
61381,2021,6,8,0.0,1.0,2350
61381,2021,6,9,11.0,1.0,2351
61381,2021,6,10,2.0,1.0,2352
61381,2021,6,11,3.0,1.0,2353
61381,2021,6,12,0.0,1.0,2354
61381,2021,6,13,0.0,1.0,2355
61381,2021,6,14,0.0,1.0,2356
61381,2021,6,15,0.0,1.0,2357
61381,2021,6,16,0.0,1.0,2358
61381,2021,6,17,1.0,1.0,2359
61381,2021,6,18,0.0,1.0,2360
61381,2021,6,19,0.0,1.0,2361
61381,2021,6,20,10.0,1.0,2362
61381,2021,6,21,9.0,1.0,2363
61381,2021,6,22,2.0,1.0,2364
61381,2021,6,23,0.0,1.0,2365
61381,2021,6,24,0.0,1.0,2366
61381,2021,6,25,0.0,1.0,2367
61381,2021,6,26,0.0,1.0,2368
61381,2021,6,27,0.0,1.0,2369
61381,2021,6,28,0.0,1.0,2370
61381,2021,6,29,10.0,1.0,2371
61381,2021,6,30,12.0,1.0,2372
61381,2021,7,1,1.0,1.0,2373
61381,2021,7,2,1.0,1.0,2374
61381,2021,7,3,0.0,1.0,2375
61381,2021,7,4,0.0,1.0,2376
61381,2021,7,5,0.0,1.0,2377
61381,2021,7,6,0.0,1.0,2378
61381,2021,7,7,0.0,1.0,2379
61381,2021,7,8,0.0,1.0,2380
61381,2021,7,9,3.0,1.0,2381
61381,2021,7,10,4.0,1.0,2382
61381,2021,7,11,29.0,1.0,2383
61381,2021,7,12,2.0,1.0,2384
61381,2021,7,13,0.0,1.0,2385
61381,2021,7,14,0.0,1.0,2386
61381,2021,7,15,0.0,1.0,2387
61381,2021,7,16,0.0,1.0,2388
61381,2021,7,17,2.0,1.0,2389
61381,2021,7,18,0.0,1.0,2390
61381,2021,7,19,0.0,1.0,2391
61381,2021,7,20,0.0,1.0,2392
61381,2021,7,21,0.0,1.0,2393
61381,2021,7,22,0.0,1.0,2394
61381,2021,7,23,0.0,1.0,2395
61381,2021,7,24,0.0,1.0,2396
61381,2021,7,25,0.0,1.0,2397
61381,2021,7,26,0.0,1.0,2398
61381,2021,7,27,0.0,1.0,2399
61381,2021,7,28,0.0,1.0,2400
61381,2021,7,29,0.0,1.0,2401
61381,2021,7,30,0.0,1.0,2402
61381,2021,7,31,0.0,1.0,2403
61381,2021,8,1,0.0,1.0,2404
61381,2021,8,2,0.0,1.0,2405
61381,2021,8,3,1.0,1.0,2406
61381,2021,8,4,0.0,1.0,2407
61381,2021,8,5,0.0,1.0,2408
61381,2021,8,6,0.0,1.0,2409
61381,2021,8,7,0.0,1.0,2410
61381,2021,8,8,1.0,1.0,2411
61381,2021,8,9,11.0,1.0,2412
61381,2021,8,10,0.0,1.0,2413
61381,2021,8,11,0.0,1.0,2414
61381,2021,8,12,0.0,1.0,2415
61381,2021,8,13,0.0,1.0,2416
61381,2021,8,14,0.0,1.0,2417
61381,2021,8,15,0.0,1.0,2418
61381,2021,8,16,0.0,1.0,2419
61381,2021,8,17,0.0,1.0,2420
61381,2021,8,18,0.0,1.0,2421
61381,2021,8,19,0.0,1.0,2422
61381,2021,8,20,0.0,1.0,2423
61381,2021,8,21,0.0,1.0,2424
61381,2021,8,22,0.0,1.0,2425
61381,2021,8,23,0.0,1.0,2426
61381,2021,8,24,46.0,1.0,2427
61381,2021,8,25,18.0,1.0,2428
61381,2021,8,26,0.0,1.0,2429
61381,2021,8,27,0.0,1.0,2430
61381,2021,8,28,0.0,1.0,2431
61381,2021,8,29,0.0,1.0,2432
61381,2021,8,30,0.0,1.0,2433
61381,2021,8,31,0.0,1.0,2434
61381,2021,9,1,0.0,1.0,2435
61381,2021,9,2,0.0,1.0,2436
61381,2021,9,3,0.0,1.0,2437
61381,2021,9,4,0.0,1.0,2438
61381,2021,9,5,4.0,1.0,2439
61381,2021,9,6,0.0,1.0,2440
61381,2021,9,7,0.0,1.0,2441
61381,2021,9,8,0.0,1.0,2442
61381,2021,9,9,0.0,1.0,2443
61381,2021,9,10,0.0,1.0,2444
61381,2021,9,11,0.0,1.0,2445
61381,2021,9,12,0.0,1.0,2446
61381,2021,9,13,0.0,1.0,2447
61381,2021,9,14,10.0,1.0,2448
61381,2021,9,15,5.0,1.0,2449
61381,2021,9,16,0.0,1.0,2450
61381,2021,9,17,1.0,1.0,2451
61381,2021,9,18,1.0,1.0,2452
61381,2021,9,19,0.0,1.0,2453
61381,2021,9,20,0.0,1.0,2454
61381,2021,9,21,0.0,1.0,2455
61381,2021,9,22,0.0,1.0,2456
61381,2021,9,23,0.0,1.0,2457
61381,2021,9,24,0.0,1.0,2458
61381,2021,9,25,0.0,1.0,2459
61381,2021,9,26,4.0,1.0,2460
61381,2021,9,27,7.0,1.0,2461
61381,2021,9,28,0.0,1.0,2462
61381,2021,9,29,0.0,1.0,2463
61381,2021,9,30,3.0,1.0,2464
61381,2021,10,1,0.0,1.0,2465
61381,2021,10,2,1.0,1.0,2466
61381,2021,10,3,1.0,1.0,2467
61381,2021,10,4,0.0,1.0,2468
61381,2021,10,5,0.0,1.0,2469
61381,2021,10,6,0.0,1.0,2470
61381,2021,10,7,0.0,1.0,2471
61381,2021,10,8,0.0,1.0,2472
61381,2021,10,9,0.0,1.0,2473
61381,2021,10,10,0.0,1.0,2474
61381,2021,10,11,10.0,1.0,2475
61381,2021,10,12,10.0,1.0,2476
61381,2021,10,13,31.0,1.0,2477
61381,2021,10,14,4.0,1.0,2478
61381,2021,10,15,2.0,1.0,2479
61381,2021,10,16,1.0,1.0,2480
61381,2021,10,17,0.0,1.0,2481
61381,2021,10,18,0.0,1.0,2482
61381,2021,10,19,0.0,1.0,2483
61381,2021,10,20,1.0,1.0,2484
61381,2021,10,21,0.0,1.0,2485
61381,2021,10,22,0.0,1.0,2486
61381,2021,10,23,0.0,1.0,2487
61381,2021,10,24,0.0,1.0,2488
61381,2021,10,25,0.0,1.0,2489
61381,2021,10,26,0.0,1.0,2490
61381,2021,10,27,0.0,1.0,2491
61381,2021,10,28,0.0,1.0,2492
61381,2021,10,29,0.0,1.0,2493
61381,2021,10,30,0.0,1.0,2494
61381,2021,10,31,0.0,1.0,2495
61381,2021,11,1,0.0,1.0,2496
61381,2021,11,2,0.0,1.0,2497
61381,2021,11,3,0.0,1.0,2498
61381,2021,11,4,0.0,1.0,2499
61381,2021,11,5,5.0,1.0,2500
61381,2021,11,6,0.0,1.0,2501
61381,2021,11,7,0.0,1.0,2502
61381,2021,11,8,21.0,1.0,2503
61381,2021,11,9,0.0,1.0,2504
61381,2021,11,10,0.0,1.0,2505
61381,2021,11,11,20.0,1.0,2506
61381,2021,11,12,49.0,1.0,2507
61381,2021,11,13,0.0,1.0,2508
61381,2021,11,14,0.0,1.0,2509
61381,2021,11,15,0.0,1.0,2510
61381,2021,11,16,0.0,1.0,2511
61381,2021,11,17,0.0,1.0,2512
61381,2021,11,18,0.0,1.0,2513
61381,2021,11,19,0.0,1.0,2514
61381,2021,11,20,0.0,1.0,2515
61381,2021,11,21,10.0,1.0,2516
61381,2021,11,22,39.0,1.0,2517
61381,2021,11,23,7.0,1.0,2518
61381,2021,11,24,4.0,1.0,2519
61381,2021,11,25,6.0,1.0,2520
61381,2021,11,26,25.0,1.0,2521
61381,2021,11,27,35.0,1.0,2522
61381,2021,11,28,6.0,1.0,2523
61381,2021,11,29,1.0,1.0,2524
61381,2021,11,30,0.0,1.0,2525
61381,2021,12,1,1.0,1.0,2526
61381,2021,12,2,0.0,1.0,2527
61381,2021,12,3,0.0,1.0,2528
61381,2021,12,4,1.0,1.0,2529
61381,2021,12,5,1.0,1.0,2530
61381,2021,12,6,1.0,1.0,2531
61381,2021,12,7,0.0,1.0,2532
61381,2021,12,8,6.0,1.0,2533
61381,2021,12,9,8.0,1.0,2534
61381,2021,12,10,52.0,1.0,2535
61381,2021,12,11,0.0,1.0,2536
61381,2021,12,12,0.0,1.0,2537
61381,2021,12,13,0.0,1.0,2538
61381,2021,12,14,0.0,1.0,2539
61381,2021,12,15,0.0,1.0,2540
61381,2021,12,16,2.0,1.0,2541
61381,2021,12,17,0.0,1.0,2542
61381,2021,12,18,0.0,1.0,2543
61381,2021,12,19,1.0,1.0,2544
61381,2021,12,20,0.0,1.0,2545
61381,2021,12,21,0.0,1.0,2546
61381,2021,12,22,0.0,1.0,2547
61381,2021,12,23,17.0,1.0,2548
61381,2021,12,24,24.0,1.0,2549
61381,2021,12,25,0.0,1.0,2550
61381,2021,12,26,0.0,1.0,2551
61381,2021,12,27,11.0,1.0,2552
61381,2021,12,28,40.0,1.0,2553
61381,2021,12,29,16.0,1.0,2554
61381,2021,12,30,0.0,1.0,2555
61381,2021,12,31,0.0,1.0,2556
61381,2022,1,1,0.0,1.0,2557
61381,2022,1,2,0.0,1.0,2558
61381,2022,1,3,0.0,1.0,2559
61381,2022,1,4,0.0,1.0,2560
61381,2022,1,5,6.0,1.0,2561
61381,2022,1,6,30.0,1.0,2562
61381,2022,1,7,0.0,1.0,2563
61381,2022,1,8,22.0,1.0,2564
61381,2022,1,9,11.0,1.0,2565
61381,2022,1,10,2.0,1.0,2566
61381,2022,1,11,0.0,1.0,2567
61381,2022,1,12,0.0,1.0,2568
61381,2022,1,13,0.0,1.0,2569
61381,2022,1,14,0.0,1.0,2570
61381,2022,1,15,0.0,1.0,2571
61381,2022,1,16,9.0,1.0,2572
61381,2022,1,17,0.0,1.0,2573
61381,2022,1,18,0.0,1.0,2574
61381,2022,1,19,34.0,1.0,2575
61381,2022,1,20,12.0,1.0,2576
61381,2022,1,21,0.0,1.0,2577
61381,2022,1,22,7.0,1.0,2578
61381,2022,1,23,3.0,1.0,2579
61381,2022,1,24,2.0,1.0,2580
61381,2022,1,25,0.0,1.0,2581
61381,2022,1,26,0.0,1.0,2582
61381,2022,1,27,0.0,1.0,2583
61381,2022,1,28,0.0,1.0,2584
61381,2022,1,29,0.0,1.0,2585
61381,2022,1,30,0.0,1.0,2586
61381,2022,1,31,0.0,1.0,2587
61381,2022,2,1,0.0,1.0,2588
61381,2022,2,2,18.0,1.0,2589
61381,2022,2,3,18.0,1.0,2590
61381,2022,2,4,48.0,1.0,2591
61381,2022,2,5,14.0,1.0,2592
61381,2022,2,6,7.0,1.0,2593
61381,2022,2,7,25.0,1.0,2594
61381,2022,2,8,4.0,1.0,2595
61381,2022,2,9,0.0,1.0,2596
61381,2022,2,10,0.0,1.0,2597
61381,2022,2,11,1.0,1.0,2598
61381,2022,2,12,13.0,1.0,2599
61381,2022,2,13,3.0,1.0,2600
61381,2022,2,14,0.0,1.0,2601
61381,2022,2,15,0.0,1.0,2602
61381,2022,2,16,0.0,1.0,2603
61381,2022,2,17,0.0,1.0,2604
61381,2022,2,18,8.0,1.0,2605
61381,2022,2,19,0.0,1.0,2606
61381,2022,2,20,0.0,1.0,2607
61381,2022,2,21,0.0,1.0,2608
61381,2022,2,22,16.0,1.0,2609
61381,2022,2,23,78.0,1.0,2610
61381,2022,2,24,14.0,1.0,2611
61381,2022,2,25,116.0,1.0,2612
61381,2022,2,26,43.0,1.0,2613
61381,2022,2,27,11.0,1.0,2614
61381,2022,2,28,9.0,1.0,2615
61381,2022,3,1,18.0,1.0,2616
61381,2022,3,2,33.0,1.0,2617
61381,2022,3,3,75.0,1.0,2618
61381,2022,3,4,37.0,1.0,2619
61381,2022,3,5,8.0,1.0,2620
61381,2022,3,6,17.0,1.0,2621
61381,2022,3,7,24.0,1.0,2622
61381,2022,3,8,36.0,1.0,2623
61381,2022,3,9,44.0,1.0,2624
61381,2022,3,10,0.0,1.0,2625
61381,2022,3,11,0.0,1.0,2626
61381,2022,3,12,0.0,1.0,2627
61381,2022,3,13,1.0,1.0,2628
61381,2022,3,14,0.0,1.0,2629
61381,2022,3,15,1.0,1.0,2630
61381,2022,3,16,21.0,1.0,2631
61381,2022,3,17,14.0,1.0,2632
61381,2022,3,18,0.0,1.0,2633
61381,2022,3,19,30.0,1.0,2634
61381,2022,3,20,6.0,1.0,2635
61381,2022,3,21,0.0,1.0,2636
61381,2022,3,22,0.0,1.0,2637
61381,2022,3,23,0.0,1.0,2638
61381,2022,3,24,24.0,1.0,2639
61381,2022,3,25,20.0,1.0,2640
61381,2022,3,27,1.0,1.0,2642
61381,2022,3,29,4.0,1.0,2644
61381,2022,3,31,5.0,1.0,2646
61381,2022,4,1,16.0,1.0,2647
61381,2022,4,2,4.0,1.0,2648
61381,2022,4,3,0.0,1.0,2649
61381,2022,4,4,0.0,1.0,2650
61381,2022,4,5,0.0,1.0,2651
61381,2022,4,6,0.0,1.0,2652
61381,2022,4,7,3.0,1.0,2653
61381,2022,4,8,92.0,1.0,2654
61381,2022,4,9,6.0,1.0,2655
61381,2022,4,10,3.0,1.0,2656
61381,2022,4,11,0.0,1.0,2657
61381,2022,4,12,0.0,1.0,2658
61381,2022,4,13,18.0,1.0,2659
61381,2022,4,14,13.0,1.0,2660
61381,2022,4,15,0.0,1.0,2661
61381,2022,4,16,0.0,1.0,2662
61381,2022,4,17,0.0,1.0,2663
61381,2022,4,18,0.0,1.0,2664
61381,2022,4,19,0.0,1.0,2665
61381,2022,4,20,4.0,1.0,2666
61381,2022,4,21,0.0,1.0,2667
61381,2022,4,22,26.0,1.0,2668
61381,2022,4,23,18.0,1.0,2669
61381,2022,4,24,7.0,1.0,2670
61381,2022,6,8,6.0,1.0,2715
61381,2022,6,9,0.0,1.0,2716
61381,2022,6,10,0.0,1.0,2717
61381,2022,6,11,0.0,1.0,2718
61381,2022,6,12,0.0,1.0,2719
61381,2022,6,13,0.0,1.0,2720
61381,2022,6,14,0.0,1.0,2721
61381,2022,6,15,0.0,1.0,2722
61381,2022,6,16,0.0,1.0,2723
61381,2022,6,17,0.0,1.0,2724
61381,2022,6,18,0.0,1.0,2725
61381,2022,6,19,8.0,1.0,2726
61381,2022,6,20,6.0,1.0,2727
61381,2022,6,21,0.0,1.0,2728
61381,2022,6,22,1.0,1.0,2729
61381,2022,6,23,0.0,1.0,2730
61381,2022,6,24,0.0,1.0,2731
61381,2022,6,25,0.0,1.0,2732
61381,2022,6,26,0.0,1.0,2733
61381,2022,6,27,0.0,1.0,2734
61381,2022,6,28,1.0,1.0,2735
61381,2022,6,29,4.0,1.0,2736
61381,2022,6,30,0.0,1.0,2737
61381,2022,7,1,1.0,1.0,2738
61381,2022,7,2,6.0,1.0,2739
61381,2022,7,3,62.0,1.0,2740
61381,2022,7,4,92.0,1.0,2741
61381,2022,7,5,108.0,1.0,2742
61381,2022,7,6,25.0,1.0,2743
61381,2022,7,7,70.0,1.0,2744
61381,2022,7,8,0.0,1.0,2745
61381,2022,7,9,0.0,1.0,2746
61381,2022,7,10,18.0,1.0,2747
61381,2022,7,11,9.0,1.0,2748
61381,2022,7,12,0.0,1.0,2749
61381,2022,7,13,0.0,1.0,2750
61381,2022,7,14,9.0,1.0,2751
61381,2022,7,15,0.0,1.0,2752
61381,2022,7,16,0.0,1.0,2753
61381,2022,7,17,0.0,1.0,2754
61381,2022,7,18,0.0,1.0,2755
61381,2022,7,19,3.0,1.0,2756
61381,2022,7,20,24.0,1.0,2757
61381,2022,7,21,5.0,1.0,2758
61381,2022,7,22,13.0,1.0,2759
61381,2022,7,23,7.0,1.0,2760
61381,2022,7,24,2.0,1.0,2761
61381,2022,7,25,0.0,1.0,2762
61381,2022,7,26,2.0,1.0,2763
61381,2022,7,27,0.0,1.0,2764
