Bureau of Meteorology station number,Year,Month,Day,Daily global solar exposure (MJ/m*m),index
66013,2015,1,1,30.9,0
66013,2015,1,2,20.1,1
66013,2015,1,3,31.4,2
66013,2015,1,4,24.9,3
66013,2015,1,5,15.1,4
66013,2015,1,6,27.4,5
66013,2015,1,7,30.4,6
66013,2015,1,8,31.8,7
66013,2015,1,9,25.3,8
66013,2015,1,10,15.0,9
66013,2015,1,11,3.1,10
66013,2015,1,12,13.7,11
66013,2015,1,13,20.3,12
66013,2015,1,14,29.5,13
66013,2015,1,15,29.1,14
66013,2015,1,16,28.5,15
66013,2015,1,17,32.2,16
66013,2015,1,18,30.3,17
66013,2015,1,19,5.6,18
66013,2015,1,20,21.0,19
66013,2015,1,21,27.6,20
66013,2015,1,22,28.9,21
66013,2015,1,23,28.5,22
66013,2015,1,24,26.4,23
66013,2015,1,25,26.3,24
66013,2015,1,26,3.3,25
66013,2015,1,27,3.6,26
66013,2015,1,28,4.7,27
66013,2015,1,29,27.7,28
66013,2015,1,30,27.7,29
66013,2015,1,31,26.9,30
66013,2015,2,1,20.3,31
66013,2015,2,2,23.6,32
66013,2015,2,3,22.8,33
66013,2015,2,4,19.6,34
66013,2015,2,5,11.6,35
66013,2015,2,6,17.6,36
66013,2015,2,7,21.5,37
66013,2015,2,8,27.4,38
66013,2015,2,9,11.1,39
66013,2015,2,10,23.0,40
66013,2015,2,11,22.9,41
66013,2015,2,12,24.0,42
66013,2015,2,13,16.7,43
66013,2015,2,14,16.3,44
66013,2015,2,15,22.1,45
66013,2015,2,16,23.8,46
66013,2015,2,17,26.8,47
66013,2015,2,18,24.4,48
66013,2015,2,19,17.7,49
66013,2015,2,20,15.2,50
66013,2015,2,21,10.2,51
66013,2015,2,22,19.4,52
66013,2015,2,23,17.8,53
66013,2015,2,24,18.9,54
66013,2015,2,25,10.2,55
66013,2015,2,26,15.4,56
66013,2015,2,27,18.7,57
66013,2015,2,28,21.2,58
66013,2015,3,1,17.6,59
66013,2015,3,2,10.5,60
66013,2015,3,3,20.6,61
66013,2015,3,4,17.4,62
66013,2015,3,5,23.4,63
66013,2015,3,6,24.1,64
66013,2015,3,7,15.1,65
66013,2015,3,8,20.7,66
66013,2015,3,9,24.0,67
66013,2015,3,10,9.8,68
66013,2015,3,11,17.3,69
66013,2015,3,12,18.7,70
66013,2015,3,13,3.7,71
66013,2015,3,14,19.9,72
66013,2015,3,15,14.2,73
66013,2015,3,16,13.7,74
66013,2015,3,17,12.7,75
66013,2015,3,18,16.3,76
66013,2015,3,19,21.9,77
66013,2015,3,20,16.4,78
66013,2015,3,21,8.1,79
66013,2015,3,22,6.9,80
66013,2015,3,23,17.6,81
66013,2015,3,24,5.4,82
66013,2015,3,25,15.4,83
66013,2015,3,26,20.4,84
66013,2015,3,27,21.2,85
66013,2015,3,28,18.6,86
66013,2015,3,29,16.5,87
66013,2015,3,30,10.5,88
66013,2015,3,31,6.3,89
66013,2015,4,1,14.7,90
66013,2015,4,2,13.9,91
66013,2015,4,3,3.0,92
66013,2015,4,4,3.4,93
66013,2015,4,5,17.1,94
66013,2015,4,6,14.7,95
66013,2015,4,7,14.4,96
66013,2015,4,8,12.0,97
66013,2015,4,9,13.3,98
66013,2015,4,10,12.7,99
66013,2015,4,11,11.3,100
66013,2015,4,12,12.8,101
66013,2015,4,13,13.9,102
66013,2015,4,14,16.2,103
66013,2015,4,15,15.6,104
66013,2015,4,16,14.7,105
66013,2015,4,17,3.9,106
66013,2015,4,18,11.8,107
66013,2015,4,19,14.6,108
66013,2015,4,20,2.9,109
66013,2015,4,21,4.2,110
66013,2015,4,22,3.7,111
66013,2015,4,23,12.4,112
66013,2015,4,24,13.4,113
66013,2015,4,25,13.7,114
66013,2015,4,26,4.2,115
66013,2015,4,27,13.9,116
66013,2015,4,28,15.0,117
66013,2015,4,29,8.3,118
66013,2015,4,30,8.0,119
66013,2015,5,1,8.5,120
66013,2015,5,2,8.0,121
66013,2015,5,3,5.3,122
66013,2015,5,4,7.2,123
66013,2015,5,5,13.5,124
66013,2015,5,6,14.0,125
66013,2015,5,7,13.8,126
66013,2015,5,8,13.7,127
66013,2015,5,9,13.4,128
66013,2015,5,10,11.4,129
66013,2015,5,11,12.7,130
66013,2015,5,12,13.2,131
66013,2015,5,13,12.3,132
66013,2015,5,14,12.9,133
66013,2015,5,15,11.6,134
66013,2015,5,16,11.8,135
66013,2015,5,17,9.5,136
66013,2015,5,18,7.0,137
66013,2015,5,19,7.1,138
66013,2015,5,20,10.8,139
66013,2015,5,21,10.4,140
66013,2015,5,22,5.0,141
66013,2015,5,23,11.5,142
66013,2015,5,24,11.8,143
66013,2015,5,25,9.9,144
66013,2015,5,26,10.7,145
66013,2015,5,27,10.4,146
66013,2015,5,28,10.0,147
66013,2015,5,29,3.9,148
66013,2015,5,30,6.4,149
66013,2015,5,31,4.7,150
66013,2015,6,1,11.1,151
66013,2015,6,2,11.1,152
66013,2015,6,3,10.7,153
66013,2015,6,4,10.9,154
66013,2015,6,5,10.3,155
66013,2015,6,6,9.9,156
66013,2015,6,7,10.8,157
66013,2015,6,8,11.0,158
66013,2015,6,9,9.6,159
66013,2015,6,10,4.7,160
66013,2015,6,11,6.4,161
66013,2015,6,12,7.7,162
66013,2015,6,13,8.9,163
66013,2015,6,14,9.9,164
66013,2015,6,15,5.4,165
66013,2015,6,16,3.1,166
66013,2015,6,17,3.4,167
66013,2015,6,18,6.0,168
66013,2015,6,19,7.7,169
66013,2015,6,20,10.4,170
66013,2015,6,21,6.3,171
66013,2015,6,22,10.6,172
66013,2015,6,23,10.1,173
66013,2015,6,24,9.1,174
66013,2015,6,25,6.8,175
66013,2015,6,26,9.8,176
66013,2015,6,27,10.6,177
66013,2015,6,28,10.4,178
66013,2015,6,29,10.1,179
66013,2015,6,30,7.9,180
66013,2015,7,1,10.0,181
66013,2015,7,2,10.5,182
66013,2015,7,3,10.6,183
66013,2015,7,4,10.7,184
66013,2015,7,5,10.8,185
66013,2015,7,6,10.9,186
66013,2015,7,7,7.4,187
66013,2015,7,8,8.8,188
66013,2015,7,9,10.8,189
66013,2015,7,10,6.5,190
66013,2015,7,11,10.8,191
66013,2015,7,12,10.2,192
66013,2015,7,13,9.4,193
66013,2015,7,14,11.3,194
66013,2015,7,15,11.3,195
66013,2015,7,16,5.5,196
66013,2015,7,17,5.9,197
66013,2015,7,18,9.8,198
66013,2015,7,19,10.2,199
66013,2015,7,20,9.0,200
66013,2015,7,21,11.4,201
66013,2015,7,22,6.8,202
66013,2015,7,23,8.5,203
66013,2015,7,24,8.9,204
66013,2015,7,25,12.2,205
66013,2015,7,26,11.8,206
66013,2015,7,27,12.6,207
66013,2015,7,28,12.2,208
66013,2015,7,29,12.4,209
66013,2015,7,30,12.2,210
66013,2015,7,31,12.6,211
66013,2015,8,1,10.8,212
66013,2015,8,2,11.0,213
66013,2015,8,3,13.2,214
66013,2015,8,4,10.0,215
66013,2015,8,5,7.6,216
66013,2015,8,6,12.0,217
66013,2015,8,7,13.3,218
66013,2015,8,8,12.6,219
66013,2015,8,9,13.6,220
66013,2015,8,10,13.9,221
66013,2015,8,11,13.7,222
66013,2015,8,12,10.6,223
66013,2015,8,13,14.4,224
66013,2015,8,14,14.4,225
66013,2015,8,15,9.8,226
66013,2015,8,16,13.2,227
66013,2015,8,17,14.5,228
66013,2015,8,18,13.8,229
66013,2015,8,19,11.6,230
66013,2015,8,20,14.9,231
66013,2015,8,21,15.3,232
66013,2015,8,22,14.6,233
66013,2015,8,23,4.8,234
66013,2015,8,24,5.9,235
66013,2015,8,25,10.6,236
66013,2015,8,26,7.8,237
66013,2015,8,27,10.0,238
66013,2015,8,28,13.5,239
66013,2015,8,29,16.5,240
66013,2015,8,30,16.3,241
66013,2015,8,31,16.0,242
66013,2015,9,1,17.6,243
66013,2015,9,2,15.1,244
66013,2015,9,3,15.0,245
66013,2015,9,4,12.1,246
66013,2015,9,5,15.8,247
66013,2015,9,6,9.0,248
66013,2015,9,7,15.7,249
66013,2015,9,8,18.5,250
66013,2015,9,9,18.6,251
66013,2015,9,10,13.7,252
66013,2015,9,11,19.1,253
66013,2015,9,12,19.3,254
66013,2015,9,13,18.8,255
66013,2015,9,14,19.3,256
66013,2015,9,15,18.4,257
66013,2015,9,16,19.9,258
66013,2015,9,17,14.4,259
66013,2015,9,18,19.0,260
66013,2015,9,19,15.1,261
66013,2015,9,20,13.0,262
66013,2015,9,21,18.1,263
66013,2015,9,22,19.6,264
66013,2015,9,23,18.9,265
66013,2015,9,24,18.3,266
66013,2015,9,25,11.9,267
66013,2015,9,26,14.6,268
66013,2015,9,27,15.1,269
66013,2015,9,28,22.6,270
66013,2015,9,29,22.0,271
66013,2015,9,30,15.0,272
66013,2015,10,1,21.3,273
66013,2015,10,2,21.8,274
66013,2015,10,3,23.8,275
66013,2015,10,4,18.8,276
66013,2015,10,5,23.4,277
66013,2015,10,6,24.2,278
66013,2015,10,7,8.4,279
66013,2015,10,8,9.0,280
66013,2015,10,9,23.3,281
66013,2015,10,10,21.1,282
66013,2015,10,11,17.2,283
66013,2015,10,12,20.1,284
66013,2015,10,13,6.9,285
66013,2015,10,14,18.9,286
66013,2015,10,15,25.5,287
66013,2015,10,16,25.5,288
66013,2015,10,17,21.3,289
66013,2015,10,18,14.6,290
66013,2015,10,19,22.2,291
66013,2015,10,20,20.7,292
66013,2015,10,21,8.5,293
66013,2015,10,22,6.4,294
66013,2015,10,23,12.9,295
66013,2015,10,24,25.9,296
66013,2015,10,25,22.1,297
66013,2015,10,26,14.8,298
66013,2015,10,27,10.9,299
66013,2015,10,28,20.2,300
66013,2015,10,29,25.7,301
66013,2015,10,30,24.4,302
66013,2015,10,31,16.5,303
66013,2015,11,1,23.9,304
66013,2015,11,2,25.4,305
66013,2015,11,3,3.8,306
66013,2015,11,4,4.1,307
66013,2015,11,5,7.4,308
66013,2015,11,6,15.3,309
66013,2015,11,7,17.5,310
66013,2015,11,8,13.8,311
66013,2015,11,9,28.9,312
66013,2015,11,10,29.2,313
66013,2015,11,11,9.5,314
66013,2015,11,12,15.1,315
66013,2015,11,13,16.2,316
66013,2015,11,14,8.1,317
66013,2015,11,15,14.4,318
66013,2015,11,16,27.0,319
66013,2015,11,17,30.7,320
66013,2015,11,18,30.2,321
66013,2015,11,19,29.5,322
66013,2015,11,20,30.7,323
66013,2015,11,21,11.0,324
66013,2015,11,22,7.9,325
66013,2015,11,23,30.2,326
66013,2015,11,24,29.7,327
66013,2015,11,25,32.3,328
66013,2015,11,26,27.6,329
66013,2015,11,27,23.8,330
66013,2015,11,28,8.3,331
66013,2015,11,29,21.5,332
66013,2015,11,30,30.6,333
66013,2015,12,1,28.3,334
66013,2015,12,2,16.1,335
66013,2015,12,3,14.6,336
66013,2015,12,4,23.0,337
66013,2015,12,5,32.1,338
66013,2015,12,6,31.2,339
66013,2015,12,7,25.3,340
66013,2015,12,8,11.8,341
66013,2015,12,9,22.6,342
66013,2015,12,10,21.4,343
66013,2015,12,11,29.8,344
66013,2015,12,12,24.1,345
66013,2015,12,13,20.9,346
66013,2015,12,14,32.6,347
66013,2015,12,15,22.2,348
66013,2015,12,16,7.3,349
66013,2015,12,17,25.7,350
66013,2015,12,18,32.2,351
66013,2015,12,19,32.2,352
66013,2015,12,20,32.4,353
66013,2015,12,21,10.5,354
66013,2015,12,22,2.7,355
66013,2015,12,23,15.4,356
66013,2015,12,24,24.9,357
66013,2015,12,25,22.7,358
66013,2015,12,26,16.5,359
66013,2015,12,27,17.8,360
66013,2015,12,28,18.2,361
66013,2015,12,29,27.9,362
66013,2015,12,30,33.3,363
66013,2015,12,31,29.8,364
66013,2016,1,1,32.4,365
66013,2016,1,2,22.8,366
66013,2016,1,3,10.4,367
66013,2016,1,4,7.6,368
66013,2016,1,5,3.4,369
66013,2016,1,6,2.9,370
66013,2016,1,7,21.0,371
66013,2016,1,8,28.8,372
66013,2016,1,9,23.1,373
66013,2016,1,10,30.9,374
66013,2016,1,11,26.5,375
66013,2016,1,12,19.9,376
66013,2016,1,13,30.4,377
66013,2016,1,14,15.2,378
66013,2016,1,15,15.0,379
66013,2016,1,16,21.6,380
66013,2016,1,17,26.2,381
66013,2016,1,18,30.1,382
66013,2016,1,19,31.2,383
66013,2016,1,20,28.9,384
66013,2016,1,21,21.5,385
66013,2016,1,22,5.7,386
66013,2016,1,23,17.3,387
66013,2016,1,24,10.2,388
66013,2016,1,25,4.6,389
66013,2016,1,26,26.6,390
66013,2016,1,27,7.8,391
66013,2016,1,28,22.0,392
66013,2016,1,29,12.5,393
66013,2016,1,30,18.4,394
66013,2016,1,31,26.4,395
66013,2016,2,1,12.7,396
66013,2016,2,2,26.9,397
66013,2016,2,3,26.2,398
66013,2016,2,4,9.6,399
66013,2016,2,5,17.4,400
66013,2016,2,6,19.8,401
66013,2016,2,7,21.2,402
66013,2016,2,8,27.9,403
66013,2016,2,9,25.6,404
66013,2016,2,10,28.0,405
66013,2016,2,11,24.2,406
66013,2016,2,12,26.0,407
66013,2016,2,13,27.8,408
66013,2016,2,14,22.4,409
66013,2016,2,15,19.7,410
66013,2016,2,16,21.2,411
66013,2016,2,17,20.7,412
66013,2016,2,18,22.6,413
66013,2016,2,19,25.9,414
66013,2016,2,20,17.2,415
66013,2016,2,21,20.3,416
66013,2016,2,22,24.2,417
66013,2016,2,23,25.6,418
66013,2016,2,24,23.4,419
66013,2016,2,25,26.0,420
66013,2016,2,26,12.6,421
66013,2016,2,27,20.2,422
66013,2016,2,28,22.1,423
66013,2016,2,29,13.1,424
66013,2016,3,1,18.3,425
66013,2016,3,2,22.5,426
66013,2016,3,3,23.1,427
66013,2016,3,4,21.3,428
66013,2016,3,5,24.3,429
66013,2016,3,6,22.6,430
66013,2016,3,7,22.9,431
66013,2016,3,8,22.4,432
66013,2016,3,9,22.3,433
66013,2016,3,10,19.1,434
66013,2016,3,11,6.6,435
66013,2016,3,12,21.7,436
66013,2016,3,13,17.7,437
66013,2016,3,14,14.5,438
66013,2016,3,15,11.7,439
66013,2016,3,16,16.4,440
66013,2016,3,17,17.7,441
66013,2016,3,18,6.6,442
66013,2016,3,19,20.6,443
66013,2016,3,20,15.3,444
66013,2016,3,21,11.6,445
66013,2016,3,22,16.9,446
66013,2016,3,23,20.6,447
66013,2016,3,24,20.8,448
66013,2016,3,25,6.5,449
66013,2016,3,26,20.0,450
66013,2016,3,27,16.3,451
66013,2016,3,28,13.0,452
66013,2016,3,29,4.7,453
66013,2016,3,30,14.3,454
66013,2016,3,31,18.7,455
66013,2016,4,1,19.6,456
66013,2016,4,2,18.8,457
66013,2016,4,3,14.8,458
66013,2016,4,4,10.2,459
66013,2016,4,5,19.5,460
66013,2016,4,6,19.1,461
66013,2016,4,7,4.3,462
66013,2016,4,8,4.8,463
66013,2016,4,9,17.5,464
66013,2016,4,10,18.1,465
66013,2016,4,11,18.0,466
66013,2016,4,12,10.0,467
66013,2016,4,13,13.4,468
66013,2016,4,14,9.0,469
66013,2016,4,15,17.5,470
66013,2016,4,16,15.5,471
66013,2016,4,17,7.0,472
66013,2016,4,18,13.5,473
66013,2016,4,19,13.5,474
66013,2016,4,20,16.1,475
66013,2016,4,21,16.9,476
66013,2016,4,22,10.0,477
66013,2016,4,23,5.2,478
66013,2016,4,24,13.0,479
66013,2016,4,25,15.7,480
66013,2016,4,26,14.6,481
66013,2016,4,27,16.0,482
66013,2016,4,28,13.4,483
66013,2016,4,29,10.9,484
66013,2016,4,30,11.0,485
66013,2016,5,1,9.1,486
66013,2016,5,2,12.5,487
66013,2016,5,3,15.6,488
66013,2016,5,4,15.3,489
66013,2016,5,5,15.2,490
66013,2016,5,6,15.2,491
66013,2016,5,7,14.5,492
66013,2016,5,8,5.2,493
66013,2016,5,9,4.3,494
66013,2016,5,10,14.7,495
66013,2016,5,11,13.9,496
66013,2016,5,12,14.1,497
66013,2016,5,13,14.5,498
66013,2016,5,14,14.3,499
66013,2016,5,15,9.2,500
66013,2016,5,16,12.2,501
66013,2016,5,17,12.4,502
66013,2016,5,18,9.7,503
66013,2016,5,19,12.1,504
66013,2016,5,20,12.1,505
66013,2016,5,21,10.0,506
66013,2016,5,22,11.7,507
66013,2016,5,23,10.7,508
66013,2016,5,24,11.6,509
66013,2016,5,25,11.3,510
66013,2016,5,26,6.7,511
66013,2016,5,27,11.6,512
66013,2016,5,28,5.6,513
66013,2016,5,29,11.5,514
66013,2016,5,30,11.4,515
66013,2016,5,31,6.7,516
66013,2016,6,1,6.6,517
66013,2016,6,2,10.0,518
66013,2016,6,3,7.4,519
66013,2016,6,4,3.7,520
66013,2016,6,5,2.9,521
66013,2016,6,6,6.5,522
66013,2016,6,7,9.5,523
66013,2016,6,8,11.1,524
66013,2016,6,9,8.1,525
66013,2016,6,10,10.9,526
66013,2016,6,11,10.9,527
66013,2016,6,12,10.6,528
66013,2016,6,13,9.6,529
66013,2016,6,14,10.9,530
66013,2016,6,15,10.0,531
66013,2016,6,16,11.0,532
66013,2016,6,17,6.1,533
66013,2016,6,18,8.2,534
66013,2016,6,19,3.4,535
66013,2016,6,20,8.8,536
66013,2016,6,21,9.7,537
66013,2016,6,22,10.3,538
66013,2016,6,23,9.5,539
66013,2016,6,24,8.3,540
66013,2016,6,25,11.0,541
66013,2016,6,26,8.9,542
66013,2016,6,27,5.0,543
66013,2016,6,28,11.1,544
66013,2016,6,29,11.1,545
66013,2016,6,30,7.8,546
66013,2016,7,1,11.1,547
66013,2016,7,2,11.2,548
66013,2016,7,3,11.2,549
66013,2016,7,4,10.1,550
66013,2016,7,5,9.6,551
66013,2016,7,6,9.1,552
66013,2016,7,7,5.8,553
66013,2016,7,8,5.4,554
66013,2016,7,9,9.3,555
66013,2016,7,10,10.7,556
66013,2016,7,11,3.7,557
66013,2016,7,12,10.9,558
66013,2016,7,13,11.5,559
66013,2016,7,14,11.5,560
66013,2016,7,15,14.7,561
66013,2016,7,16,10.5,562
66013,2016,7,17,8.7,563
66013,2016,7,18,12.1,564
66013,2016,7,19,10.3,565
66013,2016,7,20,4.0,566
66013,2016,7,21,7.2,567
66013,2016,7,22,10.4,568
66013,2016,7,23,12.5,569
66013,2016,7,24,10.4,570
66013,2016,7,25,12.7,571
66013,2016,7,26,12.5,572
66013,2016,7,27,12.6,573
66013,2016,7,28,13.0,574
66013,2016,7,29,13.0,575
66013,2016,7,30,12.8,576
66013,2016,7,31,9.2,577
66013,2016,8,1,6.5,578
66013,2016,8,2,6.5,579
66013,2016,8,3,6.5,580
66013,2016,8,4,9.9,581
66013,2016,8,5,8.7,582
66013,2016,8,6,10.4,583
66013,2016,8,7,9.4,584
66013,2016,8,8,14.2,585
66013,2016,8,9,12.8,586
66013,2016,8,10,13.4,587
66013,2016,8,11,14.6,588
66013,2016,8,12,14.1,589
66013,2016,8,13,14.8,590
66013,2016,8,14,14.0,591
66013,2016,8,15,14.7,592
66013,2016,8,16,15.2,593
66013,2016,8,17,15.3,594
66013,2016,8,18,15.4,595
66013,2016,8,19,13.7,596
66013,2016,8,20,12.8,597
66013,2016,8,21,15.9,598
66013,2016,8,22,5.7,599
66013,2016,8,23,11.2,600
66013,2016,8,24,3.7,601
66013,2016,8,25,14.0,602
66013,2016,8,26,13.7,603
66013,2016,8,27,16.8,604
66013,2016,8,28,17.0,605
66013,2016,8,29,13.0,606
66013,2016,8,30,14.1,607
66013,2016,8,31,9.4,608
66013,2016,9,1,16.0,609
66013,2016,9,2,3.5,610
66013,2016,9,3,13.9,611
66013,2016,9,4,17.7,612
66013,2016,9,5,18.3,613
66013,2016,9,6,18.5,614
66013,2016,9,7,17.0,615
66013,2016,9,8,14.5,616
66013,2016,9,9,18.6,617
66013,2016,9,10,18.3,618
66013,2016,9,11,18.4,619
66013,2016,9,12,18.2,620
66013,2016,9,13,9.5,621
66013,2016,9,14,12.0,622
66013,2016,9,15,17.9,623
66013,2016,9,16,17.2,624
66013,2016,9,17,18.9,625
66013,2016,9,18,4.0,626
66013,2016,9,19,20.4,627
66013,2016,9,20,18.7,628
66013,2016,9,21,10.4,629
66013,2016,9,22,12.8,630
66013,2016,9,23,12.0,631
66013,2016,9,24,20.6,632
66013,2016,9,25,11.7,633
66013,2016,9,26,21.8,634
66013,2016,9,27,19.4,635
66013,2016,9,28,21.5,636
66013,2016,9,29,11.9,637
66013,2016,9,30,18.5,638
66013,2016,10,1,22.8,639
66013,2016,10,2,23.2,640
66013,2016,10,3,18.7,641
66013,2016,10,4,23.4,642
66013,2016,10,5,23.7,643
66013,2016,10,6,23.3,644
66013,2016,10,7,21.9,645
66013,2016,10,8,15.4,646
66013,2016,10,9,22.5,647
66013,2016,10,10,20.5,648
66013,2016,10,11,24.8,649
66013,2016,10,12,21.7,650
66013,2016,10,13,17.4,651
66013,2016,10,14,24.8,652
66013,2016,10,15,25.4,653
66013,2016,10,16,25.6,654
66013,2016,10,17,6.7,655
66013,2016,10,18,25.9,656
66013,2016,10,19,22.7,657
66013,2016,10,20,20.1,658
66013,2016,10,21,20.7,659
66013,2016,10,22,7.7,660
66013,2016,10,23,23.6,661
66013,2016,10,24,27.0,662
66013,2016,10,25,26.8,663
66013,2016,10,26,23.0,664
66013,2016,10,27,15.7,665
66013,2016,10,28,6.8,666
66013,2016,10,29,17.8,667
66013,2016,10,30,15.1,668
66013,2016,10,31,28.0,669
66013,2016,11,1,26.8,670
66013,2016,11,2,28.2,671
66013,2016,11,3,28.3,672
66013,2016,11,4,28.4,673
66013,2016,11,5,28.6,674
66013,2016,11,6,28.7,675
66013,2016,11,7,28.8,676
66013,2016,11,8,16.7,677
66013,2016,11,9,13.0,678
66013,2016,11,10,26.7,679
66013,2016,11,11,26.1,680
66013,2016,11,12,23.9,681
66013,2016,11,13,29.4,682
66013,2016,11,14,17.8,683
66013,2016,11,15,22.0,684
66013,2016,11,16,29.2,685
66013,2016,11,17,27.5,686
66013,2016,11,18,30.1,687
66013,2016,11,19,21.8,688
66013,2016,11,20,26.8,689
66013,2016,11,21,18.7,690
66013,2016,11,22,25.9,691
66013,2016,11,23,20.3,692
66013,2016,11,24,30.7,693
66013,2016,11,25,30.6,694
66013,2016,11,26,29.7,695
66013,2016,11,27,16.1,696
66013,2016,11,28,23.9,697
66013,2016,11,29,22.8,698
66013,2016,11,30,19.0,699
66013,2016,12,1,23.9,700
66013,2016,12,2,24.3,701
66013,2016,12,3,24.7,702
66013,2016,12,4,27.2,703
66013,2016,12,5,17.5,704
66013,2016,12,6,5.4,705
66013,2016,12,7,23.2,706
66013,2016,12,8,30.6,707
66013,2016,12,9,31.8,708
66013,2016,12,10,24.2,709
66013,2016,12,11,28.5,710
66013,2016,12,12,30.6,711
66013,2016,12,13,23.8,712
66013,2016,12,14,9.6,713
66013,2016,12,15,1.4,714
66013,2016,12,16,3.2,715
66013,2016,12,17,26.9,716
66013,2016,12,18,8.9,717
66013,2016,12,19,19.6,718
66013,2016,12,20,30.3,719
66013,2016,12,21,29.2,720
66013,2016,12,22,13.7,721
66013,2016,12,23,21.4,722
66013,2016,12,24,22.8,723
66013,2016,12,25,31.2,724
66013,2016,12,26,30.4,725
66013,2016,12,27,25.4,726
66013,2016,12,28,28.4,727
66013,2016,12,29,21.1,728
66013,2016,12,30,12.7,729
66013,2016,12,31,21.1,730
66013,2017,1,1,10.3,731
66013,2017,1,2,16.5,732
66013,2017,1,3,22.6,733
66013,2017,1,4,20.2,734
66013,2017,1,5,15.9,735
66013,2017,1,6,20.2,736
66013,2017,1,7,28.8,737
66013,2017,1,8,29.0,738
66013,2017,1,9,29.1,739
66013,2017,1,10,21.0,740
66013,2017,1,11,25.6,741
66013,2017,1,12,24.5,742
66013,2017,1,13,28.1,743
66013,2017,1,14,21.0,744
66013,2017,1,15,23.2,745
66013,2017,1,16,27.9,746
66013,2017,1,17,29.3,747
66013,2017,1,18,28.3,748
66013,2017,1,19,7.8,749
66013,2017,1,20,7.5,750
66013,2017,1,21,27.0,751
66013,2017,1,22,23.2,752
66013,2017,1,23,30.3,753
66013,2017,1,24,12.2,754
66013,2017,1,25,6.0,755
66013,2017,1,26,7.8,756
66013,2017,1,27,17.3,757
66013,2017,1,28,29.9,758
66013,2017,1,29,23.1,759
66013,2017,1,30,26.1,760
66013,2017,1,31,21.5,761
66013,2017,2,1,4.8,762
66013,2017,2,2,17.4,763
66013,2017,2,3,5.5,764
66013,2017,2,4,17.3,765
66013,2017,2,5,20.8,766
66013,2017,2,6,27.9,767
66013,2017,2,7,5.0,768
66013,2017,2,8,14.8,769
66013,2017,2,9,28.2,770
66013,2017,2,10,28.1,771
66013,2017,2,11,26.2,772
66013,2017,2,12,22.8,773
66013,2017,2,13,27.0,774
66013,2017,2,14,12.5,775
66013,2017,2,15,19.9,776
66013,2017,2,16,27.2,777
66013,2017,2,17,13.5,778
66013,2017,2,18,19.3,779
66013,2017,2,19,21.9,780
66013,2017,2,20,26.6,781
66013,2017,2,21,22.5,782
66013,2017,2,22,25.9,783
66013,2017,2,23,26.0,784
66013,2017,2,24,16.1,785
66013,2017,2,25,2.7,786
66013,2017,2,26,18.0,787
66013,2017,2,27,20.8,788
66013,2017,2,28,18.8,789
66013,2017,3,1,15.4,790
66013,2017,3,2,15.5,791
66013,2017,3,3,6.9,792
66013,2017,3,4,7.6,793
66013,2017,3,5,8.3,794
66013,2017,3,6,17.8,795
66013,2017,3,7,12.2,796
66013,2017,3,8,10.3,797
66013,2017,3,9,13.4,798
66013,2017,3,10,19.0,799
66013,2017,3,11,21.3,800
66013,2017,3,12,22.3,801
66013,2017,3,13,19.2,802
66013,2017,3,14,1.7,803
66013,2017,3,15,12.2,804
66013,2017,3,16,5.4,805
66013,2017,3,17,7.0,806
66013,2017,3,18,8.9,807
66013,2017,3,19,12.8,808
66013,2017,3,20,13.8,809
66013,2017,3,21,10.7,810
66013,2017,3,22,12.7,811
66013,2017,3,23,4.7,812
66013,2017,3,24,13.8,813
66013,2017,3,25,11.2,814
66013,2017,3,26,20.1,815
66013,2017,3,27,19.9,816
66013,2017,3,28,6.3,817
66013,2017,3,29,17.9,818
66013,2017,3,30,1.1,819
66013,2017,3,31,18.0,820
66013,2017,4,1,17.5,821
66013,2017,4,2,7.1,822
66013,2017,4,3,9.1,823
66013,2017,4,4,14.6,824
66013,2017,4,5,12.1,825
66013,2017,4,6,16.8,826
66013,2017,4,7,17.5,827
66013,2017,4,8,16.7,828
66013,2017,4,9,17.5,829
66013,2017,4,10,10.2,830
66013,2017,4,11,12.2,831
66013,2017,4,12,10.7,832
66013,2017,4,13,13.3,833
66013,2017,4,14,16.8,834
66013,2017,4,15,15.7,835
66013,2017,4,16,15.5,836
66013,2017,4,17,14.6,837
66013,2017,4,18,15.9,838
66013,2017,4,19,13.0,839
66013,2017,4,20,13.7,840
66013,2017,4,21,12.8,841
66013,2017,4,22,11.7,842
66013,2017,4,23,15.3,843
66013,2017,4,24,15.2,844
66013,2017,4,25,8.3,845
66013,2017,4,26,12.3,846
66013,2017,4,27,13.3,847
66013,2017,4,28,14.7,848
66013,2017,4,29,14.6,849
66013,2017,4,30,12.9,850
66013,2017,5,1,14.0,851
66013,2017,5,2,13.2,852
66013,2017,5,3,7.2,853
66013,2017,5,4,8.6,854
66013,2017,5,5,13.5,855
66013,2017,5,6,13.1,856
66013,2017,5,7,13.5,857
66013,2017,5,8,12.9,858
66013,2017,5,9,12.9,859
66013,2017,5,10,12.5,860
66013,2017,5,11,12.1,861
66013,2017,5,12,8.2,862
66013,2017,5,13,12.4,863
66013,2017,5,14,6.9,864
66013,2017,5,15,10.4,865
66013,2017,5,16,12.6,866
66013,2017,5,17,12.3,867
66013,2017,5,18,10.4,868
66013,2017,5,19,4.2,869
66013,2017,5,20,10.5,870
66013,2017,5,21,12.1,871
66013,2017,5,22,10.6,872
66013,2017,5,23,11.7,873
66013,2017,5,24,11.5,874
66013,2017,5,25,11.8,875
66013,2017,5,26,11.6,876
66013,2017,5,27,11.2,877
66013,2017,5,28,11.6,878
66013,2017,5,29,11.6,879
66013,2017,5,30,11.4,880
66013,2017,5,31,10.6,881
66013,2017,6,1,11.0,882
66013,2017,6,2,9.3,883
66013,2017,6,3,7.6,884
66013,2017,6,4,9.2,885
66013,2017,6,5,11.1,886
66013,2017,6,6,9.3,887
66013,2017,6,7,2.9,888
66013,2017,6,8,6.2,889
66013,2017,6,9,9.2,890
66013,2017,6,10,8.1,891
66013,2017,6,11,6.7,892
66013,2017,6,12,10.7,893
66013,2017,6,13,9.5,894
66013,2017,6,14,8.6,895
66013,2017,6,15,10.3,896
66013,2017,6,16,7.0,897
66013,2017,6,17,7.1,898
66013,2017,6,18,9.3,899
66013,2017,6,19,8.6,900
66013,2017,6,20,9.1,901
66013,2017,6,21,8.4,902
66013,2017,6,22,11.0,903
66013,2017,6,23,7.8,904
66013,2017,6,24,10.6,905
66013,2017,6,25,10.9,906
66013,2017,6,26,11.0,907
66013,2017,6,27,9.1,908
66013,2017,6,28,4.8,909
66013,2017,6,29,8.3,910
66013,2017,6,30,11.1,911
66013,2017,7,1,10.7,912
66013,2017,7,2,11.2,913
66013,2017,7,3,6.6,914
66013,2017,7,4,11.3,915
66013,2017,7,5,10.9,916
66013,2017,7,6,11.3,917
66013,2017,7,7,11.4,918
66013,2017,7,8,11.1,919
66013,2017,7,9,11.5,920
66013,2017,7,10,11.4,921
66013,2017,7,11,10.6,922
66013,2017,7,12,9.1,923
66013,2017,7,13,11.5,924
66013,2017,7,14,10.2,925
66013,2017,7,15,10.5,926
66013,2017,7,16,11.7,927
66013,2017,7,17,10.3,928
66013,2017,7,18,12.1,929
66013,2017,7,19,11.6,930
66013,2017,7,20,12.2,931
66013,2017,7,21,12.0,932
66013,2017,7,22,12.4,933
66013,2017,7,23,12.5,934
66013,2017,7,24,12.6,935
66013,2017,7,25,12.7,936
66013,2017,7,26,12.7,937
66013,2017,7,27,12.8,938
66013,2017,7,28,12.4,939
66013,2017,7,29,13.1,940
66013,2017,7,30,10.5,941
66013,2017,7,31,4.0,942
66013,2017,8,1,12.9,943
66013,2017,8,2,12.8,944
66013,2017,8,3,8.7,945
66013,2017,8,4,13.3,946
66013,2017,8,5,13.8,947
66013,2017,8,6,13.9,948
66013,2017,8,7,14.0,949
66013,2017,8,8,14.1,950
66013,2017,8,9,14.2,951
66013,2017,8,10,13.6,952
66013,2017,8,11,13.5,953
66013,2017,8,12,11.9,954
66013,2017,8,13,14.7,955
66013,2017,8,14,14.6,956
66013,2017,8,15,6.2,957
66013,2017,8,16,13.3,958
66013,2017,8,17,15.2,959
66013,2017,8,18,15.3,960
66013,2017,8,19,14.5,961
66013,2017,8,20,13.8,962
66013,2017,8,21,8.2,963
66013,2017,8,22,16.0,964
66013,2017,8,23,16.1,965
66013,2017,8,24,15.1,966
66013,2017,8,25,14.7,967
66013,2017,8,26,16.5,968
66013,2017,8,27,16.0,969
66013,2017,8,28,13.6,970
66013,2017,8,29,13.1,971
66013,2017,8,30,17.2,972
66013,2017,8,31,14.7,973
66013,2017,9,1,14.9,974
66013,2017,9,2,17.1,975
66013,2017,9,3,14.9,976
66013,2017,9,4,18.0,977
66013,2017,9,5,18.0,978
66013,2017,9,6,18.2,979
66013,2017,9,7,18.4,980
66013,2017,9,8,18.0,981
66013,2017,9,9,18.7,982
66013,2017,9,10,18.5,983
66013,2017,9,11,19.0,984
66013,2017,9,12,12.5,985
66013,2017,9,13,17.9,986
66013,2017,9,14,19.1,987
66013,2017,9,15,19.7,988
66013,2017,9,16,15.6,989
66013,2017,9,17,20.1,990
66013,2017,9,18,20.3,991
66013,2017,9,19,20.5,992
66013,2017,9,20,18.9,993
66013,2017,9,21,20.9,994
66013,2017,9,22,21.0,995
66013,2017,9,23,15.1,996
66013,2017,9,24,13.7,997
66013,2017,9,25,19.6,998
66013,2017,9,26,21.7,999
66013,2017,9,27,17.1,1000
66013,2017,9,28,10.9,1001
66013,2017,9,29,22.1,1002
66013,2017,9,30,13.9,1003
66013,2017,10,1,22.9,1004
66013,2017,10,2,21.8,1005
66013,2017,10,3,15.7,1006
66013,2017,10,4,22.4,1007
66013,2017,10,5,22.1,1008
66013,2017,10,6,11.3,1009
66013,2017,10,7,19.9,1010
66013,2017,10,8,12.9,1011
66013,2017,10,9,20.7,1012
66013,2017,10,10,12.9,1013
66013,2017,10,11,12.7,1014
66013,2017,10,12,23.7,1015
66013,2017,10,13,21.8,1016
66013,2017,10,14,4.4,1017
66013,2017,10,15,14.7,1018
66013,2017,10,16,24.1,1019
66013,2017,10,17,22.9,1020
66013,2017,10,18,20.5,1021
66013,2017,10,19,26.1,1022
66013,2017,10,20,3.4,1023
66013,2017,10,21,22.8,1024
66013,2017,10,22,18.6,1025
66013,2017,10,23,25.0,1026
66013,2017,10,24,26.4,1027
66013,2017,10,25,19.8,1028
66013,2017,10,26,14.1,1029
66013,2017,10,27,14.5,1030
66013,2017,10,28,21.2,1031
66013,2017,10,29,25.6,1032
66013,2017,10,30,24.6,1033
66013,2017,10,31,25.9,1034
66013,2017,11,1,24.9,1035
66013,2017,11,2,23.1,1036
66013,2017,11,3,14.7,1037
66013,2017,11,4,3.2,1038
66013,2017,11,5,5.3,1039
66013,2017,11,6,18.0,1040
66013,2017,11,7,28.6,1041
66013,2017,11,8,22.5,1042
66013,2017,11,9,28.7,1043
66013,2017,11,10,28.0,1044
66013,2017,11,11,27.6,1045
66013,2017,11,12,29.2,1046
66013,2017,11,13,27.2,1047
66013,2017,11,14,27.1,1048
66013,2017,11,15,28.9,1049
66013,2017,11,16,18.4,1050
66013,2017,11,17,20.0,1051
66013,2017,11,18,15.6,1052
66013,2017,11,19,26.3,1053
66013,2017,11,20,19.3,1054
66013,2017,11,21,25.2,1055
66013,2017,11,22,23.2,1056
66013,2017,11,23,29.4,1057
66013,2017,11,24,26.7,1058
66013,2017,11,25,30.7,1059
66013,2017,11,27,13.0,1061
66013,2017,11,28,24.7,1062
66013,2017,11,29,20.1,1063
66013,2017,11,30,28.3,1064
66013,2017,12,1,30.7,1065
66013,2017,12,2,12.0,1066
66013,2017,12,3,28.3,1067
66013,2017,12,4,6.7,1068
66013,2017,12,5,16.5,1069
66013,2017,12,6,19.1,1070
66013,2017,12,7,25.9,1071
66013,2017,12,8,20.6,1072
66013,2017,12,9,23.7,1073
66013,2017,12,10,30.4,1074
66013,2017,12,11,31.8,1075
66013,2017,12,12,31.1,1076
66013,2017,12,13,31.3,1077
66013,2017,12,14,28.4,1078
66013,2017,12,15,10.0,1079
66013,2017,12,16,31.1,1080
66013,2017,12,17,11.5,1081
66013,2017,12,18,22.2,1082
66013,2017,12,19,28.1,1083
66013,2017,12,20,19.5,1084
66013,2017,12,21,4.7,1085
66013,2017,12,22,22.7,1086
66013,2017,12,23,31.3,1087
66013,2017,12,24,22.3,1088
66013,2017,12,25,4.8,1089
66013,2017,12,26,6.9,1090
66013,2017,12,27,28.1,1091
66013,2017,12,28,29.7,1092
66013,2017,12,29,25.4,1093
66013,2017,12,30,22.1,1094
66013,2017,12,31,26.2,1095
66013,2018,1,1,31.1,1096
66013,2018,1,2,23.9,1097
66013,2018,1,3,19.1,1098
66013,2018,1,4,17.7,1099
66013,2018,1,5,30.3,1100
66013,2018,1,6,31.7,1101
66013,2018,1,7,27.1,1102
66013,2018,1,8,18.8,1103
66013,2018,1,9,12.9,1104
66013,2018,1,10,12.7,1105
66013,2018,1,11,12.6,1106
66013,2018,1,12,22.6,1107
66013,2018,1,13,22.4,1108
66013,2018,1,14,25.6,1109
66013,2018,1,15,28.5,1110
66013,2018,1,16,19.5,1111
66013,2018,1,17,30.6,1112
66013,2018,1,18,30.9,1113
66013,2018,1,19,30.8,1114
66013,2018,1,20,30.8,1115
66013,2018,1,21,30.7,1116
66013,2018,1,22,25.2,1117
66013,2018,1,23,5.8,1118
66013,2018,1,24,25.8,1119
66013,2018,1,25,7.6,1120
66013,2018,1,26,13.3,1121
66013,2018,1,27,27.5,1122
66013,2018,1,28,20.3,1123
66013,2018,1,29,26.8,1124
66013,2018,1,30,29.2,1125
66013,2018,1,31,5.2,1126
66013,2018,2,1,19.3,1127
66013,2018,2,2,12.9,1128
66013,2018,2,3,22.2,1129
66013,2018,2,4,25.9,1130
66013,2018,2,5,28.0,1131
66013,2018,2,6,26.6,1132
66013,2018,2,7,27.8,1133
66013,2018,2,8,28.4,1134
66013,2018,2,9,21.5,1135
66013,2018,2,10,25.3,1136
66013,2018,2,11,18.3,1137
66013,2018,2,12,24.7,1138
66013,2018,2,13,23.1,1139
66013,2018,2,14,25.0,1140
66013,2018,2,15,26.0,1141
66013,2018,2,16,23.5,1142
66013,2018,2,17,25.3,1143
66013,2018,2,18,24.3,1144
66013,2018,2,19,18.0,1145
66013,2018,2,20,14.8,1146
66013,2018,2,21,17.1,1147
66013,2018,2,22,17.9,1148
66013,2018,2,23,21.7,1149
66013,2018,2,24,19.2,1150
66013,2018,2,25,1.0,1151
66013,2018,2,26,10.0,1152
66013,2018,2,27,18.1,1153
66013,2018,2,28,25.1,1154
66013,2018,3,1,19.5,1155
66013,2018,3,2,17.5,1156
66013,2018,3,3,23.3,1157
66013,2018,3,4,13.6,1158
66013,2018,3,5,6.0,1159
66013,2018,3,6,14.2,1160
66013,2018,3,7,17.5,1161
66013,2018,3,8,17.8,1162
66013,2018,3,9,16.6,1163
66013,2018,3,10,15.3,1164
66013,2018,3,11,23.0,1165
66013,2018,3,12,20.7,1166
66013,2018,3,13,1.1,1167
66013,2018,3,14,16.6,1168
66013,2018,3,15,20.1,1169
66013,2018,3,16,12.4,1170
66013,2018,3,17,21.4,1171
66013,2018,3,18,21.4,1172
66013,2018,3,19,21.3,1173
66013,2018,3,20,16.8,1174
66013,2018,3,21,2.4,1175
66013,2018,3,22,11.6,1176
66013,2018,3,23,9.0,1177
66013,2018,3,24,15.2,1178
66013,2018,3,25,16.8,1179
66013,2018,3,26,20.0,1180
66013,2018,3,27,18.7,1181
66013,2018,3,28,19.7,1182
66013,2018,3,29,19.3,1183
66013,2018,3,30,19.4,1184
66013,2018,3,31,13.4,1185
66013,2018,4,1,19.1,1186
66013,2018,4,2,16.2,1187
66013,2018,4,3,10.5,1188
66013,2018,4,4,13.9,1189
66013,2018,4,5,18.3,1190
66013,2018,4,6,17.1,1191
66013,2018,4,7,17.7,1192
66013,2018,4,8,17.2,1193
66013,2018,4,9,17.1,1194
66013,2018,4,10,14.5,1195
66013,2018,4,11,17.3,1196
66013,2018,4,12,17.1,1197
66013,2018,4,13,14.8,1198
66013,2018,4,14,16.1,1199
66013,2018,4,15,15.6,1200
66013,2018,4,16,16.5,1201
66013,2018,4,17,11.4,1202
66013,2018,4,18,11.6,1203
66013,2018,4,19,11.5,1204
66013,2018,4,20,15.7,1205
66013,2018,4,21,12.9,1206
66013,2018,4,22,14.7,1207
66013,2018,4,23,15.3,1208
66013,2018,4,24,15.2,1209
66013,2018,4,25,10.8,1210
66013,2018,4,26,13.0,1211
66013,2018,4,27,8.5,1212
66013,2018,4,28,9.4,1213
66013,2018,4,29,12.6,1214
66013,2018,4,30,11.7,1215
66013,2018,5,1,14.3,1216
66013,2018,5,2,8.6,1217
66013,2018,5,3,14.0,1218
66013,2018,5,4,12.9,1219
66013,2018,5,5,13.8,1220
66013,2018,5,6,13.7,1221
66013,2018,5,7,13.6,1222
66013,2018,5,8,11.4,1223
66013,2018,5,9,13.1,1224
66013,2018,5,10,12.5,1225
66013,2018,5,11,12.6,1226
66013,2018,5,12,6.7,1227
66013,2018,5,13,7.4,1228
66013,2018,5,14,10.7,1229
66013,2018,5,15,12.7,1230
66013,2018,5,16,10.4,1231
66013,2018,5,17,12.5,1232
66013,2018,5,18,12.4,1233
66013,2018,5,19,12.0,1234
66013,2018,5,20,12.2,1235
66013,2018,5,21,12.1,1236
66013,2018,5,22,12.1,1237
66013,2018,5,23,12.0,1238
66013,2018,5,24,9.1,1239
66013,2018,5,25,7.8,1240
66013,2018,5,26,11.7,1241
66013,2018,5,27,11.3,1242
66013,2018,5,28,9.9,1243
66013,2018,5,29,11.6,1244
66013,2018,5,30,6.8,1245
66013,2018,5,31,10.6,1246
66013,2018,6,1,7.5,1247
66013,2018,6,2,4.6,1248
66013,2018,6,3,8.5,1249
66013,2018,6,4,9.1,1250
66013,2018,6,5,6.1,1251
66013,2018,6,6,6.4,1252
66013,2018,6,7,10.1,1253
66013,2018,6,8,5.1,1254
66013,2018,6,9,5.7,1255
66013,2018,6,10,8.1,1256
66013,2018,6,11,10.4,1257
66013,2018,6,12,7.7,1258
66013,2018,6,13,10.0,1259
66013,2018,6,14,10.9,1260
66013,2018,6,15,10.4,1261
66013,2018,6,16,11.0,1262
66013,2018,6,17,10.9,1263
66013,2018,6,18,7.7,1264
66013,2018,6,19,6.4,1265
66013,2018,6,20,8.2,1266
66013,2018,6,21,8.1,1267
66013,2018,6,22,11.0,1268
66013,2018,6,23,10.9,1269
66013,2018,6,24,10.4,1270
66013,2018,6,25,11.0,1271
66013,2018,6,26,10.4,1272
66013,2018,6,27,9.4,1273
66013,2018,6,28,8.2,1274
66013,2018,6,29,10.7,1275
66013,2018,6,30,11.1,1276
66013,2018,7,1,11.1,1277
66013,2018,7,2,8.2,1278
66013,2018,7,3,10.1,1279
66013,2018,7,4,10.4,1280
66013,2018,7,5,11.3,1281
66013,2018,7,6,10.4,1282
66013,2018,7,7,10.9,1283
66013,2018,7,8,11.4,1284
66013,2018,7,9,10.0,1285
66013,2018,7,10,11.5,1286
66013,2018,7,11,11.1,1287
66013,2018,7,12,11.3,1288
66013,2018,7,13,11.7,1289
66013,2018,7,14,11.8,1290
66013,2018,7,15,11.9,1291
66013,2018,7,16,11.1,1292
66013,2018,7,17,12.0,1293
66013,2018,7,18,12.1,1294
66013,2018,7,19,9.1,1295
66013,2018,7,20,11.2,1296
66013,2018,7,21,12.3,1297
66013,2018,7,22,12.4,1298
66013,2018,7,23,12.5,1299
66013,2018,7,24,12.5,1300
66013,2018,7,25,12.6,1301
66013,2018,7,26,12.7,1302
66013,2018,7,27,12.8,1303
66013,2018,7,28,10.0,1304
66013,2018,7,29,13.0,1305
66013,2018,7,30,13.1,1306
66013,2018,7,31,12.7,1307
66013,2018,8,1,13.3,1308
66013,2018,8,2,12.1,1309
66013,2018,8,3,13.3,1310
66013,2018,8,4,13.4,1311
66013,2018,8,5,13.5,1312
66013,2018,8,6,6.6,1313
66013,2018,8,7,13.8,1314
66013,2018,8,8,11.9,1315
66013,2018,8,9,14.2,1316
66013,2018,8,10,14.2,1317
66013,2018,8,11,14.3,1318
66013,2018,8,12,14.0,1319
66013,2018,8,13,14.6,1320
66013,2018,8,14,14.8,1321
66013,2018,8,15,14.9,1322
66013,2018,8,16,14.9,1323
66013,2018,8,17,15.2,1324
66013,2018,8,18,14.3,1325
66013,2018,8,19,14.3,1326
66013,2018,8,20,15.5,1327
66013,2018,8,21,15.7,1328
66013,2018,8,22,12.3,1329
66013,2018,8,23,11.0,1330
66013,2018,8,24,12.9,1331
66013,2018,8,25,8.3,1332
66013,2018,8,26,8.6,1333
66013,2018,8,27,5.6,1334
66013,2018,8,28,14.2,1335
66013,2018,8,29,17.0,1336
66013,2018,8,30,17.0,1337
66013,2018,8,31,7.1,1338
66013,2018,9,1,15.9,1339
66013,2018,9,2,10.4,1340
66013,2018,9,3,9.1,1341
66013,2018,9,4,15.2,1342
66013,2018,9,5,12.9,1343
66013,2018,9,6,12.7,1344
66013,2018,9,7,13.7,1345
66013,2018,9,8,4.6,1346
66013,2018,9,9,18.6,1347
66013,2018,9,10,18.9,1348
66013,2018,9,11,19.1,1349
66013,2018,9,12,19.0,1350
66013,2018,9,13,19.3,1351
66013,2018,9,14,18.6,1352
66013,2018,9,15,18.8,1353
66013,2018,9,16,20.0,1354
66013,2018,9,17,18.8,1355
66013,2018,9,18,20.4,1356
66013,2018,9,19,18.9,1357
66013,2018,9,20,12.2,1358
66013,2018,9,21,21.0,1359
66013,2018,9,22,19.3,1360
66013,2018,9,23,18.6,1361
66013,2018,9,24,9.7,1362
66013,2018,9,25,14.9,1363
66013,2018,9,26,9.6,1364
66013,2018,9,27,21.9,1365
66013,2018,9,28,19.8,1366
66013,2018,9,29,21.5,1367
66013,2018,9,30,22.4,1368
66013,2018,10,1,21.9,1369
66013,2018,10,2,23.1,1370
66013,2018,10,3,17.3,1371
66013,2018,10,4,4.6,1372
66013,2018,10,5,6.0,1373
66013,2018,10,6,14.3,1374
66013,2018,10,7,10.8,1375
66013,2018,10,8,14.0,1376
66013,2018,10,9,18.7,1377
66013,2018,10,10,3.6,1378
66013,2018,10,11,12.3,1379
66013,2018,10,12,8.9,1380
66013,2018,10,13,17.6,1381
66013,2018,10,14,19.0,1382
66013,2018,10,15,16.6,1383
66013,2018,10,16,22.2,1384
66013,2018,10,17,12.7,1385
66013,2018,10,18,14.2,1386
66013,2018,10,19,23.6,1387
66013,2018,10,20,18.1,1388
66013,2018,10,21,16.3,1389
66013,2018,10,22,21.2,1390
66013,2018,10,23,26.0,1391
66013,2018,10,24,12.3,1392
66013,2018,10,25,21.8,1393
66013,2018,10,26,19.2,1394
66013,2018,10,27,27.1,1395
66013,2018,10,28,15.2,1396
66013,2018,10,29,15.2,1397
66013,2018,10,30,27.7,1398
66013,2018,10,31,27.1,1399
66013,2018,11,1,26.3,1400
66013,2018,11,2,23.0,1401
66013,2018,11,3,26.3,1402
66013,2018,11,4,23.5,1403
66013,2018,11,5,15.6,1404
66013,2018,11,6,14.3,1405
66013,2018,11,7,4.8,1406
66013,2018,11,8,27.9,1407
66013,2018,11,9,22.8,1408
66013,2018,11,10,24.5,1409
66013,2018,11,11,29.4,1410
66013,2018,11,12,28.3,1411
66013,2018,11,13,27.5,1412
66013,2018,11,14,6.1,1413
66013,2018,11,15,14.1,1414
66013,2018,11,16,10.9,1415
66013,2018,11,17,17.2,1416
66013,2018,11,18,22.5,1417
66013,2018,11,19,25.2,1418
66013,2018,11,20,25.8,1419
66013,2018,11,21,8.0,1420
66013,2018,11,22,26.9,1421
66013,2018,11,23,30.7,1422
66013,2018,11,24,24.9,1423
66013,2018,11,25,24.5,1424
66013,2018,11,26,24.9,1425
66013,2018,11,27,21.8,1426
66013,2018,11,28,3.7,1427
66013,2018,11,29,16.7,1428
66013,2018,11,30,29.5,1429
66013,2018,12,1,30.7,1430
66013,2018,12,2,26.8,1431
66013,2018,12,3,31.5,1432
66013,2018,12,4,20.5,1433
66013,2018,12,5,10.3,1434
66013,2018,12,6,28.6,1435
66013,2018,12,7,30.6,1436
66013,2018,12,8,31.3,1437
66013,2018,12,9,30.7,1438
66013,2018,12,10,13.5,1439
66013,2018,12,11,10.8,1440
66013,2018,12,12,10.4,1441
66013,2018,12,13,19.4,1442
66013,2018,12,14,6.9,1443
66013,2018,12,15,19.5,1444
66013,2018,12,16,28.2,1445
66013,2018,12,17,31.9,1446
66013,2018,12,18,20.5,1447
66013,2018,12,19,5.5,1448
66013,2018,12,20,25.7,1449
66013,2018,12,21,9.1,1450
66013,2018,12,22,15.2,1451
66013,2018,12,23,29.8,1452
66013,2018,12,24,32.1,1453
66013,2018,12,25,32.1,1454
66013,2018,12,26,32.1,1455
66013,2018,12,27,31.8,1456
66013,2018,12,28,32.1,1457
66013,2018,12,29,32.1,1458
66013,2018,12,30,29.0,1459
66013,2018,12,31,23.0,1460
66013,2019,1,1,31.9,1461
66013,2019,1,2,21.5,1462
66013,2019,1,3,23.9,1463
66013,2019,1,4,30.3,1464
66013,2019,1,5,22.8,1465
66013,2019,1,6,3.2,1466
66013,2019,1,7,8.0,1467
66013,2019,1,8,29.1,1468
66013,2019,1,9,28.4,1469
66013,2019,1,10,7.5,1470
66013,2019,1,11,15.3,1471
66013,2019,1,12,30.5,1472
66013,2019,1,13,19.2,1473
66013,2019,1,14,29.5,1474
66013,2019,1,15,31.0,1475
66013,2019,1,16,30.6,1476
66013,2019,1,17,29.9,1477
66013,2019,1,18,30.3,1478
66013,2019,1,19,7.8,1479
66013,2019,1,20,9.4,1480
66013,2019,1,21,9.9,1481
66013,2019,1,22,29.6,1482
66013,2019,1,23,21.1,1483
66013,2019,1,24,11.7,1484
66013,2019,1,25,30.1,1485
66013,2019,1,26,29.0,1486
66013,2019,1,27,27.4,1487
66013,2019,1,28,19.8,1488
66013,2019,1,29,29.2,1489
66013,2019,1,30,15.9,1490
66013,2019,1,31,24.9,1491
66013,2019,2,1,4.8,1492
66013,2019,2,2,10.3,1493
66013,2019,2,3,29.2,1494
66013,2019,2,4,25.1,1495
66013,2019,2,5,12.7,1496
66013,2019,2,6,27.6,1497
66013,2019,2,7,28.4,1498
66013,2019,2,8,20.6,1499
66013,2019,2,9,24.0,1500
66013,2019,2,10,28.2,1501
66013,2019,2,11,28.0,1502
66013,2019,2,12,27.8,1503
66013,2019,2,13,25.2,1504
66013,2019,2,14,20.1,1505
66013,2019,2,15,25.7,1506
66013,2019,2,16,23.5,1507
66013,2019,2,17,27.0,1508
66013,2019,2,18,26.7,1509
66013,2019,2,19,24.6,1510
66013,2019,2,20,3.4,1511
66013,2019,2,21,6.0,1512
66013,2019,2,22,13.9,1513
66013,2019,2,23,11.4,1514
66013,2019,2,24,16.6,1515
66013,2019,2,25,22.5,1516
66013,2019,2,26,23.1,1517
66013,2019,2,27,18.9,1518
66013,2019,2,28,23.5,1519
66013,2019,3,1,21.5,1520
66013,2019,3,2,20.7,1521
66013,2019,3,3,20.5,1522
66013,2019,3,4,23.5,1523
66013,2019,3,5,20.9,1524
66013,2019,3,6,11.5,1525
66013,2019,3,7,6.7,1526
66013,2019,3,8,21.5,1527
66013,2019,3,9,6.7,1528
66013,2019,3,10,20.6,1529
66013,2019,3,11,19.4,1530
66013,2019,3,12,22.3,1531
66013,2019,3,13,4.0,1532
66013,2019,3,14,16.6,1533
66013,2019,3,15,10.8,1534
66013,2019,3,16,5.5,1535
66013,2019,3,17,4.3,1536
66013,2019,3,18,8.1,1537
66013,2019,3,19,13.6,1538
66013,2019,3,20,16.9,1539
66013,2019,3,21,15.2,1540
66013,2019,3,22,13.1,1541
66013,2019,3,23,17.5,1542
66013,2019,3,24,17.7,1543
66013,2019,3,25,5.2,1544
66013,2019,3,26,20.2,1545
66013,2019,3,27,13.3,1546
66013,2019,3,28,17.7,1547
66013,2019,3,29,16.8,1548
66013,2019,3,30,13.9,1549
66013,2019,3,31,19.2,1550
66013,2019,4,1,13.6,1551
66013,2019,4,2,8.2,1552
66013,2019,4,3,17.4,1553
66013,2019,4,4,8.9,1554
66013,2019,4,5,6.9,1555
66013,2019,4,6,17.8,1556
66013,2019,4,7,18.0,1557
66013,2019,4,8,17.6,1558
66013,2019,4,9,10.5,1559
66013,2019,4,10,16.4,1560
66013,2019,4,11,9.9,1561
66013,2019,4,12,10.1,1562
66013,2019,4,13,15.4,1563
66013,2019,4,14,14.3,1564
66013,2019,4,15,16.2,1565
66013,2019,4,16,13.9,1566
66013,2019,4,17,14.6,1567
66013,2019,4,18,16.1,1568
66013,2019,4,19,13.2,1569
66013,2019,4,20,14.2,1570
66013,2019,4,21,15.1,1571
66013,2019,4,22,14.8,1572
66013,2019,4,23,12.3,1573
66013,2019,4,24,14.7,1574
66013,2019,4,25,14.9,1575
66013,2019,4,26,14.5,1576
66013,2019,4,27,14.0,1577
66013,2019,4,28,14.6,1578
66013,2019,4,29,11.4,1579
66013,2019,4,30,14.0,1580
66013,2019,5,1,8.2,1581
66013,2019,5,2,10.2,1582
66013,2019,5,3,4.8,1583
66013,2019,5,4,12.4,1584
66013,2019,5,5,10.5,1585
66013,2019,5,6,13.7,1586
66013,2019,5,7,13.6,1587
66013,2019,5,8,12.8,1588
66013,2019,5,9,13.2,1589
66013,2019,5,10,5.5,1590
66013,2019,5,11,12.4,1591
66013,2019,5,12,13.0,1592
66013,2019,5,13,12.4,1593
66013,2019,5,14,12.8,1594
66013,2019,5,15,12.6,1595
66013,2019,5,16,12.3,1596
66013,2019,5,17,12.5,1597
66013,2019,5,18,12.2,1598
66013,2019,5,19,11.1,1599
66013,2019,5,20,9.3,1600
66013,2019,5,21,12.0,1601
66013,2019,5,22,12.1,1602
66013,2019,5,23,11.6,1603
66013,2019,5,24,11.6,1604
66013,2019,5,25,11.9,1605
66013,2019,5,26,10.2,1606
66013,2019,5,27,8.2,1607
66013,2019,5,28,11.6,1608
66013,2019,5,29,11.6,1609
66013,2019,5,30,11.5,1610
66013,2019,5,31,11.4,1611
66013,2019,6,1,9.9,1612
66013,2019,6,2,9.9,1613
66013,2019,6,3,8.7,1614
66013,2019,6,4,4.7,1615
66013,2019,6,5,8.0,1616
66013,2019,6,6,11.2,1617
66013,2019,6,7,4.4,1618
66013,2019,6,8,4.7,1619
66013,2019,6,9,11.1,1620
66013,2019,6,10,10.1,1621
66013,2019,6,11,11.1,1622
66013,2019,6,12,9.3,1623
66013,2019,6,13,6.3,1624
66013,2019,6,14,10.4,1625
66013,2019,6,15,10.9,1626
66013,2019,6,16,5.7,1627
66013,2019,6,17,6.7,1628
66013,2019,6,18,8.2,1629
66013,2019,6,19,10.1,1630
66013,2019,6,20,9.8,1631
66013,2019,6,21,11.0,1632
66013,2019,6,22,9.1,1633
66013,2019,6,23,8.8,1634
66013,2019,6,24,6.4,1635
66013,2019,6,25,7.6,1636
66013,2019,6,26,8.9,1637
66013,2019,6,27,10.1,1638
66013,2019,6,28,10.6,1639
66013,2019,6,29,10.6,1640
66013,2019,6,30,11.1,1641
66013,2019,7,1,10.9,1642
66013,2019,7,2,10.1,1643
66013,2019,7,3,9.6,1644
66013,2019,7,4,6.1,1645
66013,2019,7,5,6.5,1646
66013,2019,7,6,9.9,1647
66013,2019,7,7,9.5,1648
66013,2019,7,8,10.0,1649
66013,2019,7,9,11.5,1650
66013,2019,7,10,11.5,1651
66013,2019,7,11,11.6,1652
66013,2019,7,12,11.3,1653
66013,2019,7,13,11.7,1654
66013,2019,7,14,11.8,1655
66013,2019,7,15,11.6,1656
66013,2019,7,16,11.9,1657
66013,2019,7,17,12.0,1658
66013,2019,7,18,12.1,1659
66013,2019,7,19,12.1,1660
66013,2019,7,20,12.2,1661
66013,2019,7,21,12.3,1662
66013,2019,7,22,10.0,1663
66013,2019,7,23,12.4,1664
66013,2019,7,24,12.2,1665
66013,2019,7,25,12.6,1666
66013,2019,7,26,10.2,1667
66013,2019,7,27,10.6,1668
66013,2019,7,28,12.9,1669
66013,2019,7,29,12.3,1670
66013,2019,7,30,7.1,1671
66013,2019,7,31,10.7,1672
66013,2019,8,1,13.3,1673
66013,2019,8,2,11.9,1674
66013,2019,8,3,13.5,1675
66013,2019,8,4,12.1,1676
66013,2019,8,5,13.5,1677
66013,2019,8,6,13.9,1678
66013,2019,8,7,13.9,1679
66013,2019,8,8,12.2,1680
66013,2019,8,9,13.2,1681
66013,2019,8,10,13.0,1682
66013,2019,8,11,12.0,1683
66013,2019,8,12,13.4,1684
66013,2019,8,13,14.7,1685
66013,2019,8,14,14.8,1686
66013,2019,8,15,14.9,1687
66013,2019,8,16,15.0,1688
66013,2019,8,17,14.5,1689
66013,2019,8,18,15.2,1690
66013,2019,8,19,14.6,1691
66013,2019,8,20,15.6,1692
66013,2019,8,21,15.8,1693
66013,2019,8,22,11.2,1694
66013,2019,8,23,14.9,1695
66013,2019,8,24,16.2,1696
66013,2019,8,25,15.9,1697
66013,2019,8,26,5.8,1698
66013,2019,8,27,13.2,1699
66013,2019,8,28,15.2,1700
66013,2019,8,29,6.5,1701
66013,2019,8,30,6.8,1702
66013,2019,8,31,9.1,1703
66013,2019,9,1,17.5,1704
66013,2019,9,2,16.4,1705
66013,2019,9,3,17.5,1706
66013,2019,9,4,17.8,1707
66013,2019,9,5,18.0,1708
66013,2019,9,6,16.0,1709
66013,2019,9,7,18.4,1710
66013,2019,9,8,18.6,1711
66013,2019,9,9,13.6,1712
66013,2019,9,10,15.9,1713
66013,2019,9,11,19.0,1714
66013,2019,9,12,16.4,1715
66013,2019,9,13,17.7,1716
66013,2019,9,14,17.8,1717
66013,2019,9,15,19.6,1718
66013,2019,9,16,12.3,1719
66013,2019,9,17,2.3,1720
66013,2019,9,18,5.3,1721
66013,2019,9,19,15.2,1722
66013,2019,9,20,16.3,1723
66013,2019,9,21,16.9,1724
66013,2019,9,22,17.3,1725
66013,2019,9,23,12.3,1726
66013,2019,9,24,21.5,1727
66013,2019,9,25,20.8,1728
66013,2019,9,26,17.7,1729
66013,2019,9,27,21.1,1730
66013,2019,9,28,21.5,1731
66013,2019,9,29,22.2,1732
66013,2019,9,30,12.4,1733
66013,2019,10,1,17.6,1734
66013,2019,10,2,23.0,1735
66013,2019,10,3,23.2,1736
66013,2019,10,4,22.6,1737
66013,2019,10,5,8.7,1738
66013,2019,10,6,17.6,1739
66013,2019,10,7,20.1,1740
66013,2019,10,8,15.1,1741
66013,2019,10,9,22.4,1742
66013,2019,10,10,22.7,1743
66013,2019,10,11,15.4,1744
66013,2019,10,12,10.5,1745
66013,2019,10,13,19.4,1746
66013,2019,10,14,21.3,1747
66013,2019,10,15,24.9,1748
66013,2019,10,16,20.5,1749
66013,2019,10,17,25.6,1750
66013,2019,10,18,25.9,1751
66013,2019,10,19,22.5,1752
66013,2019,10,20,26.2,1753
66013,2019,10,21,26.4,1754
66013,2019,10,22,26.6,1755
66013,2019,10,23,26.1,1756
66013,2019,10,24,25.3,1757
66013,2019,10,25,21.3,1758
66013,2019,10,26,23.3,1759
66013,2019,10,27,27.3,1760
66013,2019,10,28,17.1,1761
66013,2019,10,29,27.3,1762
66013,2019,10,30,21.1,1763
66013,2019,10,31,25.9,1764
66013,2019,11,1,27.4,1765
66013,2019,11,2,25.2,1766
66013,2019,11,3,16.3,1767
66013,2019,11,4,25.1,1768
66013,2019,11,5,18.6,1769
66013,2019,11,6,28.7,1770
66013,2019,11,7,28.6,1771
66013,2019,11,8,28.0,1772
66013,2019,11,9,28.9,1773
66013,2019,11,10,28.6,1774
66013,2019,11,11,29.0,1775
66013,2019,11,12,28.1,1776
66013,2019,11,13,29.6,1777
66013,2019,11,14,29.1,1778
66013,2019,11,15,29.2,1779
66013,2019,11,16,24.2,1780
66013,2019,11,17,16.8,1781
66013,2019,11,18,28.1,1782
66013,2019,11,19,29.8,1783
66013,2019,11,20,20.2,1784
66013,2019,11,21,29.0,1785
66013,2019,11,22,21.0,1786
66013,2019,11,23,9.8,1787
66013,2019,11,24,16.5,1788
66013,2019,11,25,16.9,1789
66013,2019,11,26,22.3,1790
66013,2019,11,27,30.9,1791
66013,2019,11,28,30.6,1792
66013,2019,11,29,23.2,1793
66013,2019,11,30,10.5,1794
66013,2019,12,1,22.1,1795
66013,2019,12,2,21.1,1796
66013,2019,12,3,29.4,1797
66013,2019,12,4,27.5,1798
66013,2019,12,5,28.2,1799
66013,2019,12,6,21.7,1800
66013,2019,12,7,25.9,1801
66013,2019,12,8,22.2,1802
66013,2019,12,9,23.5,1803
66013,2019,12,10,23.9,1804
66013,2019,12,11,17.2,1805
66013,2019,12,12,17.1,1806
66013,2019,12,13,18.4,1807
66013,2019,12,14,27.4,1808
66013,2019,12,15,21.8,1809
66013,2019,12,16,22.4,1810
66013,2019,12,17,31.5,1811
66013,2019,12,18,31.1,1812
66013,2019,12,19,23.3,1813
66013,2019,12,20,29.9,1814
66013,2019,12,21,27.0,1815
66013,2019,12,22,14.3,1816
66013,2019,12,23,17.1,1817
66013,2019,12,24,18.8,1818
66013,2019,12,25,25.1,1819
66013,2019,12,26,31.0,1820
66013,2019,12,27,30.6,1821
66013,2019,12,28,31.1,1822
66013,2019,12,29,21.4,1823
66013,2019,12,30,26.2,1824
66013,2019,12,31,28.0,1825
66013,2020,1,1,25.4,1826
66013,2020,1,2,22.3,1827
66013,2020,1,3,26.8,1828
66013,2020,1,4,28.5,1829
66013,2020,1,5,18.7,1830
66013,2020,1,6,6.7,1831
66013,2020,1,7,17.2,1832
66013,2020,1,8,17.1,1833
66013,2020,1,9,11.2,1834
66013,2020,1,10,27.9,1835
66013,2020,1,11,7.8,1836
66013,2020,1,12,2.8,1837
66013,2020,1,13,23.9,1838
66013,2020,1,14,27.2,1839
66013,2020,1,15,24.5,1840
66013,2020,1,16,7.5,1841
66013,2020,1,17,4.1,1842
66013,2020,1,18,7.8,1843
66013,2020,1,19,11.6,1844
66013,2020,1,20,22.5,1845
66013,2020,1,21,30.3,1846
66013,2020,1,22,30.6,1847
66013,2020,1,23,26.3,1848
66013,2020,1,24,15.9,1849
66013,2020,1,25,18.7,1850
66013,2020,1,26,25.1,1851
66013,2020,1,27,24.1,1852
66013,2020,1,28,24.9,1853
66013,2020,1,29,20.1,1854
66013,2020,1,30,28.0,1855
66013,2020,1,31,28.9,1856
66013,2020,2,1,29.6,1857
66013,2020,2,2,21.8,1858
66013,2020,2,3,20.1,1859
66013,2020,2,4,15.5,1860
66013,2020,2,5,23.8,1861
66013,2020,2,6,7.7,1862
66013,2020,2,7,4.9,1863
66013,2020,2,8,7.5,1864
66013,2020,2,9,1.7,1865
66013,2020,2,10,20.7,1866
66013,2020,2,11,25.3,1867
66013,2020,2,12,14.3,1868
66013,2020,2,13,12.2,1869
66013,2020,2,14,26.1,1870
66013,2020,2,15,22.2,1871
66013,2020,2,16,23.3,1872
66013,2020,2,17,10.6,1873
66013,2020,2,18,22.6,1874
66013,2020,2,19,23.3,1875
66013,2020,2,20,22.0,1876
66013,2020,2,21,16.2,1877
66013,2020,2,22,10.6,1878
66013,2020,2,23,9.3,1879
66013,2020,2,24,20.7,1880
66013,2020,2,25,25.9,1881
66013,2020,2,26,17.0,1882
66013,2020,2,27,17.2,1883
66013,2020,2,28,23.7,1884
66013,2020,2,29,19.6,1885
66013,2020,3,1,24.8,1886
66013,2020,3,2,22.9,1887
66013,2020,3,3,4.7,1888
66013,2020,3,4,9.1,1889
66013,2020,3,5,3.9,1890
66013,2020,3,6,16.4,1891
66013,2020,3,7,15.3,1892
66013,2020,3,8,14.6,1893
66013,2020,3,9,14.0,1894
66013,2020,3,10,16.3,1895
66013,2020,3,11,20.6,1896
66013,2020,3,12,22.0,1897
66013,2020,3,13,22.7,1898
66013,2020,3,14,1.6,1899
66013,2020,3,15,13.4,1900
66013,2020,3,16,14.5,1901
66013,2020,3,17,13.4,1902
66013,2020,3,18,21.8,1903
66013,2020,3,19,21.6,1904
66013,2020,3,20,19.8,1905
66013,2020,3,21,18.6,1906
66013,2020,3,22,20.9,1907
66013,2020,3,23,12.9,1908
66013,2020,3,24,11.2,1909
66013,2020,3,25,10.3,1910
66013,2020,3,26,10.7,1911
66013,2020,3,27,13.3,1912
66013,2020,3,28,15.0,1913
66013,2020,3,29,13.9,1914
66013,2020,3,30,7.7,1915
66013,2020,3,31,17.1,1916
66013,2020,4,1,5.5,1917
66013,2020,4,2,8.2,1918
66013,2020,4,3,12.7,1919
66013,2020,4,4,17.3,1920
66013,2020,4,5,18.3,1921
66013,2020,4,6,16.0,1922
66013,2020,4,7,11.8,1923
66013,2020,4,8,5.6,1924
66013,2020,4,9,11.7,1925
66013,2020,4,10,8.4,1926
66013,2020,4,11,16.7,1927
66013,2020,4,12,17.1,1928
66013,2020,4,13,15.8,1929
66013,2020,4,14,16.8,1930
66013,2020,4,15,16.5,1931
66013,2020,4,16,5.3,1932
66013,2020,4,17,16.3,1933
66013,2020,4,18,16.1,1934
66013,2020,4,19,13.8,1935
66013,2020,4,20,5.5,1936
66013,2020,4,21,15.7,1937
66013,2020,4,22,15.5,1938
66013,2020,4,23,15.3,1939
66013,2020,4,24,15.2,1940
66013,2020,4,25,15.1,1941
66013,2020,4,26,10.8,1942
66013,2020,4,27,8.0,1943
66013,2020,4,28,7.7,1944
66013,2020,4,29,11.6,1945
66013,2020,4,30,3.3,1946
66013,2020,5,1,14.2,1947
66013,2020,5,2,13.6,1948
66013,2020,5,3,14.0,1949
66013,2020,5,4,13.3,1950
66013,2020,5,5,11.1,1951
66013,2020,5,6,13.6,1952
66013,2020,5,7,11.5,1953
66013,2020,5,8,13.4,1954
66013,2020,5,9,10.8,1955
66013,2020,5,10,13.1,1956
66013,2020,5,11,13.0,1957
66013,2020,5,12,12.8,1958
66013,2020,5,13,9.7,1959
66013,2020,5,14,10.6,1960
66013,2020,5,15,8.3,1961
66013,2020,5,16,8.9,1962
66013,2020,5,17,9.8,1963
66013,2020,5,18,7.1,1964
66013,2020,5,19,11.5,1965
66013,2020,5,20,11.1,1966
66013,2020,5,21,6.4,1967
66013,2020,5,22,6.9,1968
66013,2020,5,23,6.8,1969
66013,2020,5,24,6.5,1970
66013,2020,5,25,4.3,1971
66013,2020,5,26,7.2,1972
66013,2020,5,27,9.7,1973
66013,2020,5,28,11.6,1974
66013,2020,5,29,6.1,1975
66013,2020,5,30,10.7,1976
66013,2020,5,31,8.4,1977
66013,2020,6,1,10.6,1978
66013,2020,6,2,7.1,1979
66013,2020,6,3,10.8,1980
66013,2020,6,4,9.1,1981
66013,2020,6,5,11.2,1982
66013,2020,6,6,11.1,1983
66013,2020,6,7,7.7,1984
66013,2020,6,8,10.3,1985
66013,2020,6,9,10.5,1986
66013,2020,6,10,5.5,1987
66013,2020,6,11,10.3,1988
66013,2020,6,12,4.8,1989
66013,2020,6,13,10.1,1990
66013,2020,6,14,9.6,1991
66013,2020,6,15,11.0,1992
66013,2020,6,16,11.0,1993
66013,2020,6,17,6.3,1994
66013,2020,6,18,9.9,1995
66013,2020,6,19,10.9,1996
66013,2020,6,20,10.6,1997
66013,2020,6,21,7.6,1998
66013,2020,6,22,9.8,1999
66013,2020,6,23,10.9,2000
66013,2020,6,24,9.9,2001
66013,2020,6,25,11.0,2002
66013,2020,6,26,10.3,2003
66013,2020,6,27,8.6,2004
66013,2020,6,28,9.1,2005
66013,2020,6,29,8.7,2006
66013,2020,6,30,10.7,2007
66013,2020,7,1,11.1,2008
66013,2020,7,2,11.0,2009
66013,2020,7,3,11.0,2010
66013,2020,7,4,10.6,2011
66013,2020,7,5,11.3,2012
66013,2020,7,6,11.4,2013
66013,2020,7,7,8.6,2014
66013,2020,7,8,6.5,2015
66013,2020,7,9,10.9,2016
66013,2020,7,10,7.9,2017
66013,2020,7,11,6.5,2018
66013,2020,7,12,10.0,2019
66013,2020,7,13,11.3,2020
66013,2020,7,14,9.1,2021
66013,2020,7,15,6.9,2022
66013,2020,7,16,9.1,2023
66013,2020,7,17,7.1,2024
66013,2020,7,18,9.7,2025
66013,2020,7,19,11.6,2026
66013,2020,7,20,12.3,2027
66013,2020,7,21,12.1,2028
66013,2020,7,22,11.8,2029
66013,2020,7,23,12.5,2030
66013,2020,7,24,12.4,2031
66013,2020,7,25,8.7,2032
66013,2020,7,26,3.6,2033
66013,2020,7,27,3.5,2034
66013,2020,7,28,7.8,2035
66013,2020,7,29,12.7,2036
66013,2020,7,30,12.0,2037
66013,2020,7,31,12.5,2038
66013,2020,8,1,13.3,2039
66013,2020,8,2,13.2,2040
66013,2020,8,3,12.6,2041
66013,2020,8,4,12.4,2042
66013,2020,8,5,13.9,2043
66013,2020,8,6,13.9,2044
66013,2020,8,7,3.9,2045
66013,2020,8,8,7.9,2046
66013,2020,8,9,8.5,2047
66013,2020,8,10,9.3,2048
66013,2020,8,11,11.1,2049
66013,2020,8,12,9.2,2050
66013,2020,8,13,14.7,2051
66013,2020,8,14,8.6,2052
66013,2020,8,15,13.4,2053
66013,2020,8,16,15.2,2054
66013,2020,8,17,15.4,2055
66013,2020,8,18,13.9,2056
66013,2020,8,19,14.5,2057
66013,2020,8,20,15.7,2058
66013,2020,8,21,15.0,2059
66013,2020,8,22,15.4,2060
66013,2020,8,23,16.1,2061
66013,2020,8,24,16.4,2062
66013,2020,8,25,16.0,2063
66013,2020,8,26,16.7,2064
66013,2020,8,27,16.8,2065
66013,2020,8,28,17.0,2066
66013,2020,8,29,17.1,2067
66013,2020,8,30,17.3,2068
66013,2020,8,31,16.7,2069
66013,2020,9,1,16.1,2070
66013,2020,9,2,15.3,2071
66013,2020,9,3,17.4,2072
66013,2020,9,4,5.8,2073
66013,2020,9,5,18.2,2074
66013,2020,9,6,15.8,2075
66013,2020,9,7,18.6,2076
66013,2020,9,8,18.3,2077
66013,2020,9,9,4.0,2078
66013,2020,9,10,15.7,2079
66013,2020,9,11,15.0,2080
66013,2020,9,12,19.5,2081
66013,2020,9,13,13.5,2082
66013,2020,9,14,19.8,2083
66013,2020,9,15,12.8,2084
66013,2020,9,16,19.2,2085
66013,2020,9,17,18.8,2086
66013,2020,9,18,5.4,2087
66013,2020,9,19,13.4,2088
66013,2020,9,20,10.6,2089
66013,2020,9,21,16.5,2090
66013,2020,9,22,21.3,2091
66013,2020,9,23,20.8,2092
66013,2020,9,24,21.5,2093
66013,2020,9,25,18.2,2094
66013,2020,9,26,22.0,2095
66013,2020,9,27,19.3,2096
66013,2020,9,28,22.3,2097
66013,2020,9,29,19.8,2098
66013,2020,9,30,12.1,2099
66013,2020,10,1,21.9,2100
66013,2020,10,2,23.2,2101
66013,2020,10,3,23.3,2102
66013,2020,10,4,23.4,2103
66013,2020,10,5,23.7,2104
66013,2020,10,6,9.9,2105
66013,2020,10,7,8.1,2106
66013,2020,10,8,16.2,2107
66013,2020,10,9,23.5,2108
66013,2020,10,10,23.8,2109
66013,2020,10,11,20.4,2110
66013,2020,10,12,20.6,2111
66013,2020,10,13,25.1,2112
66013,2020,10,14,17.3,2113
66013,2020,10,15,24.9,2114
66013,2020,10,16,9.9,2115
66013,2020,10,17,16.5,2116
66013,2020,10,18,14.6,2117
66013,2020,10,19,16.4,2118
66013,2020,10,20,15.7,2119
66013,2020,10,21,26.2,2120
66013,2020,10,22,20.2,2121
66013,2020,10,23,25.9,2122
66013,2020,10,24,8.5,2123
66013,2020,10,25,6.4,2124
66013,2020,10,26,9.1,2125
66013,2020,10,27,13.7,2126
66013,2020,10,28,14.0,2127
66013,2020,10,29,15.4,2128
66013,2020,10,30,25.2,2129
66013,2020,10,31,16.6,2130
66013,2020,11,1,10.8,2131
66013,2020,11,2,20.7,2132
66013,2020,11,3,26.9,2133
66013,2020,11,4,26.5,2134
66013,2020,11,5,3.4,2135
66013,2020,11,6,25.1,2136
66013,2020,11,7,20.9,2137
66013,2020,11,8,25.4,2138
66013,2020,11,9,22.0,2139
66013,2020,11,10,27.8,2140
66013,2020,11,11,29.1,2141
66013,2020,11,12,21.2,2142
66013,2020,11,13,16.2,2143
66013,2020,11,14,29.4,2144
66013,2020,11,15,29.9,2145
66013,2020,11,16,25.8,2146
66013,2020,11,17,23.5,2147
66013,2020,11,18,23.5,2148
66013,2020,11,19,28.7,2149
66013,2020,11,20,23.7,2150
66013,2020,11,21,21.6,2151
66013,2020,11,22,21.1,2152
66013,2020,11,23,8.3,2153
66013,2020,11,24,26.0,2154
66013,2020,11,25,20.3,2155
66013,2020,11,26,31.0,2156
66013,2020,11,27,27.0,2157
66013,2020,11,28,30.3,2158
66013,2020,11,29,21.9,2159
66013,2020,11,30,17.2,2160
66013,2020,12,1,26.6,2161
66013,2020,12,2,14.2,2162
66013,2020,12,3,6.3,2163
66013,2020,12,4,31.5,2164
66013,2020,12,5,8.5,2165
66013,2020,12,6,31.7,2166
66013,2020,12,7,31.7,2167
66013,2020,12,8,29.9,2168
66013,2020,12,9,31.7,2169
66013,2020,12,10,26.0,2170
66013,2020,12,11,17.8,2171
66013,2020,12,12,22.5,2172
66013,2020,12,13,18.2,2173
66013,2020,12,14,13.1,2174
66013,2020,12,15,12.8,2175
66013,2020,12,16,13.8,2176
66013,2020,12,17,26.5,2177
66013,2020,12,18,11.9,2178
66013,2020,12,19,5.7,2179
66013,2020,12,20,10.4,2180
66013,2020,12,21,7.5,2181
66013,2020,12,22,16.7,2182
66013,2020,12,23,28.7,2183
66013,2020,12,24,29.0,2184
66013,2020,12,25,6.6,2185
66013,2020,12,26,17.8,2186
66013,2020,12,27,30.1,2187
66013,2020,12,28,14.7,2188
66013,2020,12,29,5.1,2189
66013,2020,12,30,11.0,2190
66013,2020,12,31,9.8,2191
66013,2021,1,1,6.4,2192
66013,2021,1,2,10.5,2193
66013,2021,1,3,15.2,2194
66013,2021,1,4,12.0,2195
66013,2021,1,5,23.9,2196
66013,2021,1,6,11.5,2197
66013,2021,1,7,20.7,2198
66013,2021,1,8,14.0,2199
66013,2021,1,9,25.0,2200
66013,2021,1,10,31.5,2201
66013,2021,1,11,31.4,2202
66013,2021,1,12,28.3,2203
66013,2021,1,13,31.1,2204
66013,2021,1,14,26.3,2205
66013,2021,1,15,27.7,2206
66013,2021,1,16,31.1,2207
66013,2021,1,17,29.5,2208
66013,2021,1,18,30.9,2209
66013,2021,1,19,11.9,2210
66013,2021,1,20,10.4,2211
66013,2021,1,21,30.3,2212
66013,2021,1,22,29.4,2213
66013,2021,1,23,28.2,2214
66013,2021,1,24,30.3,2215
66013,2021,1,25,28.9,2216
66013,2021,1,26,26.1,2217
66013,2021,1,27,1.7,2218
66013,2021,1,28,7.1,2219
66013,2021,1,29,6.7,2220
66013,2021,1,30,15.1,2221
66013,2021,1,31,3.9,2222
66013,2021,2,1,20.1,2223
66013,2021,2,2,16.7,2224
66013,2021,2,3,24.8,2225
66013,2021,2,4,27.4,2226
66013,2021,2,5,28.3,2227
66013,2021,2,6,4.3,2228
66013,2021,2,7,26.5,2229
66013,2021,2,8,12.7,2230
66013,2021,2,9,17.5,2231
66013,2021,2,10,22.6,2232
66013,2021,2,11,27.4,2233
66013,2021,2,12,16.9,2234
66013,2021,2,13,2.8,2235
66013,2021,2,14,23.2,2236
66013,2021,2,15,13.0,2237
66013,2021,2,16,19.2,2238
66013,2021,2,17,18.4,2239
66013,2021,2,18,15.2,2240
66013,2021,2,19,22.9,2241
66013,2021,2,20,21.6,2242
66013,2021,2,21,22.4,2243
66013,2021,2,22,23.4,2244
66013,2021,2,23,4.7,2245
66013,2021,2,24,9.6,2246
66013,2021,2,25,7.6,2247
66013,2021,2,26,24.5,2248
66013,2021,2,27,5.9,2249
66013,2021,2,28,22.5,2250
66013,2021,3,1,23.4,2251
66013,2021,3,2,21.5,2252
66013,2021,3,3,15.4,2253
66013,2021,3,4,24.1,2254
66013,2021,3,5,18.6,2255
66013,2021,3,6,18.9,2256
66013,2021,3,7,19.6,2257
66013,2021,3,8,14.8,2258
66013,2021,3,9,19.8,2259
66013,2021,3,10,16.4,2260
66013,2021,3,11,12.5,2261
66013,2021,3,12,10.6,2262
66013,2021,3,13,17.0,2263
66013,2021,3,14,2.1,2264
66013,2021,3,15,20.9,2265
66013,2021,3,16,8.4,2266
66013,2021,3,17,9.6,2267
66013,2021,3,18,1.5,2268
66013,2021,3,19,8.4,2269
66013,2021,3,20,2.8,2270
66013,2021,3,21,3.3,2271
66013,2021,3,22,3.5,2272
66013,2021,3,23,2.9,2273
66013,2021,3,24,19.5,2274
66013,2021,3,25,16.9,2275
66013,2021,3,26,17.9,2276
66013,2021,3,27,18.1,2277
66013,2021,3,28,18.7,2278
66013,2021,3,29,16.6,2279
66013,2021,3,30,14.8,2280
66013,2021,3,31,17.8,2281
66013,2021,4,1,17.7,2282
66013,2021,4,2,19.0,2283
66013,2021,4,3,18.6,2284
66013,2021,4,4,17.3,2285
66013,2021,4,5,15.6,2286
66013,2021,4,6,16.0,2287
66013,2021,4,7,12.2,2288
66013,2021,4,8,16.8,2289
66013,2021,4,9,12.9,2290
66013,2021,4,10,15.5,2291
66013,2021,4,11,17.4,2292
66013,2021,4,12,17.2,2293
66013,2021,4,13,17.0,2294
66013,2021,4,14,14.0,2295
66013,2021,4,15,16.5,2296
66013,2021,4,16,12.6,2297
66013,2021,4,17,4.6,2298
66013,2021,4,18,15.7,2299
66013,2021,4,19,16.0,2300
66013,2021,4,20,13.3,2301
66013,2021,4,21,15.7,2302
66013,2021,4,22,15.2,2303
66013,2021,4,23,15.4,2304
66013,2021,4,24,15.1,2305
66013,2021,4,25,14.0,2306
66013,2021,4,26,14.8,2307
66013,2021,4,27,14.6,2308
66013,2021,4,28,12.5,2309
66013,2021,4,29,14.5,2310
66013,2021,4,30,13.4,2311
66013,2021,5,1,11.6,2312
66013,2021,5,2,12.3,2313
66013,2021,5,3,13.6,2314
66013,2021,5,4,3.2,2315
66013,2021,5,5,6.8,2316
66013,2021,5,6,7.0,2317
66013,2021,5,7,8.8,2318
66013,2021,5,8,11.2,2319
66013,2021,5,9,6.1,2320
66013,2021,5,10,12.8,2321
66013,2021,5,11,10.7,2322
66013,2021,5,12,12.6,2323
66013,2021,5,13,12.8,2324
66013,2021,5,14,12.8,2325
66013,2021,5,15,9.2,2326
66013,2021,5,16,12.6,2327
66013,2021,5,17,12.1,2328
66013,2021,5,18,12.4,2329
66013,2021,5,19,12.3,2330
66013,2021,5,20,12.0,2331
66013,2021,5,21,5.6,2332
66013,2021,5,22,12.0,2333
66013,2021,5,23,8.6,2334
66013,2021,5,24,7.0,2335
66013,2021,5,25,11.6,2336
66013,2021,5,26,11.6,2337
66013,2021,5,27,11.7,2338
66013,2021,5,28,11.6,2339
66013,2021,5,29,9.4,2340
66013,2021,5,30,7.7,2341
66013,2021,5,31,11.4,2342
66013,2021,6,1,10.6,2343
66013,2021,6,2,11.2,2344
66013,2021,6,3,4.0,2345
66013,2021,6,4,10.2,2346
66013,2021,6,5,11.2,2347
66013,2021,6,6,11.2,2348
66013,2021,6,7,10.9,2349
66013,2021,6,8,7.0,2350
66013,2021,6,9,10.6,2351
66013,2021,6,10,4.6,2352
66013,2021,6,11,9.7,2353
66013,2021,6,12,11.0,2354
66013,2021,6,13,11.0,2355
66013,2021,6,14,8.6,2356
66013,2021,6,15,8.1,2357
66013,2021,6,16,10.3,2358
66013,2021,6,17,10.9,2359
66013,2021,6,18,10.3,2360
66013,2021,6,19,5.6,2361
66013,2021,6,20,6.8,2362
66013,2021,6,21,8.1,2363
66013,2021,6,22,8.4,2364
66013,2021,6,23,9.2,2365
66013,2021,6,24,7.6,2366
66013,2021,6,25,11.0,2367
66013,2021,6,26,11.0,2368
66013,2021,6,27,11.0,2369
66013,2021,6,28,7.5,2370
66013,2021,6,29,7.2,2371
66013,2021,6,30,8.6,2372
66013,2021,7,1,7.3,2373
66013,2021,7,2,9.5,2374
66013,2021,7,3,10.9,2375
66013,2021,7,4,11.3,2376
66013,2021,7,5,11.2,2377
66013,2021,7,6,10.9,2378
66013,2021,7,7,11.0,2379
66013,2021,7,8,10.5,2380
66013,2021,7,9,4.1,2381
66013,2021,7,10,5.8,2382
66013,2021,7,11,9.6,2383
66013,2021,7,12,10.5,2384
66013,2021,7,13,11.5,2385
66013,2021,7,14,4.0,2386
66013,2021,7,15,11.6,2387
66013,2021,7,16,10.9,2388
66013,2021,7,17,11.9,2389
66013,2021,7,18,12.1,2390
66013,2021,7,19,10.6,2391
66013,2021,7,20,9.1,2392
66013,2021,7,21,12.0,2393
66013,2021,7,22,12.4,2394
66013,2021,7,23,7.3,2395
66013,2021,7,24,10.9,2396
66013,2021,7,25,12.6,2397
66013,2021,7,26,11.1,2398
66013,2021,7,27,12.5,2399
66013,2021,7,28,12.4,2400
66013,2021,7,29,13.1,2401
66013,2021,7,30,13.2,2402
66013,2021,7,31,10.0,2403
66013,2021,8,1,9.3,2404
66013,2021,8,2,12.1,2405
66013,2021,8,3,13.4,2406
66013,2021,8,4,13.7,2407
66013,2021,8,5,13.8,2408
66013,2021,8,6,13.9,2409
66013,2021,8,7,14.0,2410
66013,2021,8,8,8.0,2411
66013,2021,8,9,11.8,2412
66013,2021,8,10,13.8,2413
66013,2021,8,11,14.4,2414
66013,2021,8,12,14.0,2415
66013,2021,8,13,14.7,2416
66013,2021,8,14,14.7,2417
66013,2021,8,15,15.0,2418
66013,2021,8,16,15.1,2419
66013,2021,8,17,15.3,2420
66013,2021,8,18,14.8,2421
66013,2021,8,19,14.7,2422
66013,2021,8,20,15.6,2423
66013,2021,8,21,11.9,2424
66013,2021,8,22,15.5,2425
66013,2021,8,23,8.2,2426
66013,2021,8,24,3.4,2427
66013,2021,8,25,11.2,2428
66013,2021,8,26,14.6,2429
66013,2021,8,27,13.2,2430
66013,2021,8,28,10.3,2431
66013,2021,8,29,11.1,2432
66013,2021,8,30,16.2,2433
66013,2021,8,31,17.3,2434
66013,2021,9,1,17.5,2435
66013,2021,9,2,13.9,2436
66013,2021,9,3,17.8,2437
66013,2021,9,4,8.6,2438
66013,2021,9,5,15.7,2439
66013,2021,9,6,18.0,2440
66013,2021,9,7,18.5,2441
66013,2021,9,8,18.6,2442
66013,2021,9,9,17.9,2443
66013,2021,9,10,17.5,2444
66013,2021,9,11,19.2,2445
66013,2021,9,12,19.3,2446
66013,2021,9,13,12.4,2447
66013,2021,9,14,14.7,2448
66013,2021,9,15,18.4,2449
66013,2021,9,16,17.2,2450
66013,2021,9,17,20.2,2451
66013,2021,9,18,9.4,2452
66013,2021,9,19,20.6,2453
66013,2021,9,20,20.7,2454
66013,2021,9,21,19.3,2455
66013,2021,9,22,20.8,2456
66013,2021,9,23,21.4,2457
66013,2021,9,24,21.1,2458
66013,2021,9,25,20.6,2459
66013,2021,9,26,11.5,2460
66013,2021,9,27,14.4,2461
66013,2021,9,28,18.6,2462
66013,2021,9,29,8.1,2463
66013,2021,9,30,17.1,2464
66013,2021,10,1,17.6,2465
66013,2021,10,2,16.6,2466
66013,2021,10,3,20.9,2467
66013,2021,10,4,22.6,2468
66013,2021,10,5,23.6,2469
66013,2021,10,6,23.9,2470
66013,2021,10,7,21.6,2471
66013,2021,10,8,19.6,2472
66013,2021,10,9,23.5,2473
66013,2021,10,10,12.0,2474
66013,2021,10,11,7.5,2475
66013,2021,10,12,9.7,2476
66013,2021,10,13,10.1,2477
66013,2021,10,14,16.3,2478
66013,2021,10,15,17.0,2479
66013,2021,10,16,24.1,2480
66013,2021,10,17,25.8,2481
66013,2021,10,18,26.0,2482
66013,2021,10,19,21.1,2483
66013,2021,10,20,24.7,2484
66013,2021,10,21,25.6,2485
66013,2021,10,22,23.7,2486
66013,2021,10,23,26.6,2487
66013,2021,10,24,24.5,2488
66013,2021,10,25,27.0,2489
66013,2021,10,26,25.4,2490
66013,2021,10,27,26.8,2491
66013,2021,10,28,20.8,2492
66013,2021,10,29,21.0,2493
66013,2021,10,30,20.8,2494
66013,2021,10,31,25.4,2495
66013,2021,11,1,19.8,2496
66013,2021,11,2,25.6,2497
66013,2021,11,3,26.1,2498
66013,2021,11,4,7.7,2499
66013,2021,11,5,12.6,2500
66013,2021,11,6,28.6,2501
66013,2021,11,7,8.8,2502
66013,2021,11,8,21.4,2503
66013,2021,11,9,24.5,2504
66013,2021,11,10,4.0,2505
66013,2021,11,11,7.2,2506
66013,2021,11,12,21.3,2507
66013,2021,11,13,20.7,2508
66013,2021,11,14,21.5,2509
66013,2021,11,15,27.5,2510
66013,2021,11,16,29.2,2511
66013,2021,11,17,22.1,2512
66013,2021,11,18,28.8,2513
66013,2021,11,19,14.8,2514
66013,2021,11,20,7.2,2515
66013,2021,11,21,4.7,2516
66013,2021,11,22,14.8,2517
66013,2021,11,23,13.9,2518
66013,2021,11,24,18.1,2519
66013,2021,11,25,9.0,2520
66013,2021,11,26,5.5,2521
66013,2021,11,27,6.4,2522
66013,2021,11,28,12.0,2523
66013,2021,11,29,18.8,2524
66013,2021,11,30,9.6,2525
66013,2021,12,1,24.0,2526
66013,2021,12,2,29.1,2527
66013,2021,12,3,23.4,2528
66013,2021,12,4,9.4,2529
66013,2021,12,5,6.1,2530
66013,2021,12,6,11.3,2531
66013,2021,12,7,18.4,2532
66013,2021,12,8,5.3,2533
66013,2021,12,9,19.4,2534
66013,2021,12,10,14.9,2535
66013,2021,12,11,13.1,2536
66013,2021,12,12,26.3,2537
66013,2021,12,13,31.0,2538
66013,2021,12,14,30.4,2539
66013,2021,12,15,31.7,2540
66013,2021,12,16,16.1,2541
66013,2021,12,17,19.4,2542
66013,2021,12,18,28.1,2543
66013,2021,12,19,18.8,2544
66013,2021,12,20,30.5,2545
66013,2021,12,21,32.1,2546
66013,2021,12,22,21.8,2547
66013,2021,12,23,13.2,2548
66013,2021,12,24,23.3,2549
66013,2021,12,25,30.4,2550
66013,2021,12,26,18.0,2551
66013,2021,12,27,13.8,2552
66013,2021,12,28,15.1,2553
66013,2021,12,29,18.8,2554
66013,2021,12,30,29.2,2555
66013,2021,12,31,31.9,2556
66013,2022,1,1,27.1,2557
66013,2022,1,2,32.0,2558
66013,2022,1,3,30.5,2559
66013,2022,1,4,25.7,2560
66013,2022,1,5,13.2,2561
66013,2022,1,6,18.3,2562
66013,2022,1,7,15.9,2563
66013,2022,1,8,24.7,2564
66013,2022,1,9,8.4,2565
66013,2022,1,10,23.0,2566
66013,2022,1,11,17.5,2567
66013,2022,1,12,16.4,2568
66013,2022,1,13,15.2,2569
66013,2022,1,14,22.5,2570
66013,2022,1,15,19.6,2571
66013,2022,1,16,22.9,2572
66013,2022,1,17,25.3,2573
66013,2022,1,18,8.7,2574
66013,2022,1,19,6.8,2575
66013,2022,1,20,16.7,2576
66013,2022,1,21,15.0,2577
66013,2022,1,22,26.6,2578
66013,2022,1,23,24.0,2579
66013,2022,1,24,21.8,2580
66013,2022,1,25,20.5,2581
66013,2022,1,26,25.5,2582
66013,2022,1,27,24.1,2583
66013,2022,1,28,29.6,2584
66013,2022,1,29,27.3,2585
66013,2022,1,30,26.2,2586
66013,2022,1,31,26.9,2587
66013,2022,2,1,21.7,2588
66013,2022,2,2,3.5,2589
66013,2022,2,3,22.5,2590
66013,2022,2,4,16.5,2591
66013,2022,2,5,19.0,2592
66013,2022,2,6,21.7,2593
66013,2022,2,7,13.9,2594
66013,2022,2,8,19.6,2595
66013,2022,2,9,28.2,2596
66013,2022,2,10,24.2,2597
66013,2022,2,11,11.7,2598
66013,2022,2,12,9.7,2599
66013,2022,2,13,22.8,2600
66013,2022,2,14,25.4,2601
66013,2022,2,15,26.0,2602
66013,2022,2,16,25.2,2603
66013,2022,2,17,24.3,2604
66013,2022,2,18,26.0,2605
66013,2022,2,19,7.1,2606
66013,2022,2,20,26.3,2607
66013,2022,2,21,20.7,2608
66013,2022,2,22,1.6,2609
66013,2022,2,23,16.8,2610
66013,2022,2,24,15.0,2611
66013,2022,2,25,7.2,2612
66013,2022,2,26,6.9,2613
66013,2022,2,27,16.7,2614
66013,2022,2,28,11.7,2615
66013,2022,3,1,11.2,2616
66013,2022,3,2,2.2,2617
66013,2022,3,3,10.1,2618
66013,2022,3,4,16.6,2619
66013,2022,3,5,15.8,2620
66013,2022,3,6,8.0,2621
66013,2022,3,7,10.4,2622
66013,2022,3,8,1.4,2623
66013,2022,3,9,11.3,2624
66013,2022,3,10,20.4,2625
66013,2022,3,11,19.0,2626
66013,2022,3,12,19.2,2627
66013,2022,3,13,13.0,2628
66013,2022,3,14,14.1,2629
66013,2022,3,15,19.7,2630
66013,2022,3,16,13.0,2631
66013,2022,3,17,18.4,2632
66013,2022,3,18,21.3,2633
66013,2022,3,19,10.7,2634
66013,2022,3,20,21.4,2635
66013,2022,3,21,15.0,2636
66013,2022,3,22,21.0,2637
66013,2022,3,23,10.2,2638
66013,2022,3,24,3.2,2639
66013,2022,3,25,12.0,2640
66013,2022,3,26,7.5,2641
66013,2022,3,27,8.5,2642
66013,2022,3,28,13.1,2643
66013,2022,3,29,6.5,2644
66013,2022,3,30,15.0,2645
66013,2022,3,31,6.7,2646
66013,2022,4,1,7.5,2647
66013,2022,4,2,13.9,2648
66013,2022,4,3,16.4,2649
66013,2022,4,4,18.4,2650
66013,2022,4,5,18.4,2651
66013,2022,4,6,4.0,2652
66013,2022,4,7,3.0,2653
66013,2022,4,8,12.6,2654
66013,2022,4,9,12.0,2655
66013,2022,4,10,12.8,2656
66013,2022,4,11,17.2,2657
66013,2022,4,12,11.4,2658
66013,2022,4,13,10.2,2659
66013,2022,4,14,13.5,2660
66013,2022,4,15,16.3,2661
66013,2022,4,16,14.6,2662
66013,2022,4,17,15.7,2663
66013,2022,4,18,16.1,2664
66013,2022,4,19,15.8,2665
66013,2022,4,20,15.9,2666
66013,2022,4,21,9.9,2667
66013,2022,4,22,6.0,2668
66013,2022,4,23,15.0,2669
66013,2022,4,24,14.5,2670
66013,2022,4,25,11.2,2671
66013,2022,4,26,7.0,2672
66013,2022,4,27,4.6,2673
66013,2022,4,28,7.8,2674
66013,2022,4,29,13.1,2675
66013,2022,4,30,4.5,2676
66013,2022,5,1,14.2,2677
66013,2022,5,2,11.8,2678
66013,2022,5,3,14.1,2679
66013,2022,5,4,13.7,2680
66013,2022,5,5,11.3,2681
66013,2022,5,6,13.7,2682
66013,2022,5,7,13.4,2683
66013,2022,5,8,13.5,2684
66013,2022,5,9,7.8,2685
66013,2022,5,10,11.4,2686
66013,2022,5,11,5.2,2687
66013,2022,5,12,5.2,2688
66013,2022,5,13,5.3,2689
66013,2022,5,14,11.5,2690
66013,2022,5,15,9.0,2691
66013,2022,5,16,12.6,2692
66013,2022,5,17,12.5,2693
66013,2022,5,18,12.2,2694
66013,2022,5,19,12.2,2695
66013,2022,5,20,5.5,2696
66013,2022,5,21,8.2,2697
66013,2022,5,22,9.3,2698
66013,2022,5,23,7.4,2699
66013,2022,5,24,8.6,2700
66013,2022,5,25,11.6,2701
66013,2022,5,26,11.6,2702
66013,2022,5,27,11.7,2703
66013,2022,5,28,11.3,2704
66013,2022,5,29,11.6,2705
66013,2022,5,30,5.0,2706
66013,2022,5,31,9.2,2707
66013,2022,6,1,11.4,2708
66013,2022,6,2,10.3,2709
66013,2022,6,3,7.4,2710
66013,2022,6,4,11.3,2711
66013,2022,6,5,8.6,2712
66013,2022,6,6,11.2,2713
66013,2022,6,7,10.9,2714
66013,2022,6,8,11.1,2715
66013,2022,6,9,11.1,2716
66013,2022,6,10,11.1,2717
66013,2022,6,11,11.0,2718
66013,2022,6,12,11.0,2719
66013,2022,6,13,11.0,2720
66013,2022,6,14,11.0,2721
66013,2022,6,15,11.0,2722
66013,2022,6,16,10.5,2723
66013,2022,6,17,10.3,2724
66013,2022,6,18,9.5,2725
66013,2022,6,19,9.9,2726
66013,2022,6,20,7.9,2727
66013,2022,6,21,9.5,2728
66013,2022,6,22,10.7,2729
66013,2022,6,23,10.9,2730
66013,2022,6,24,8.7,2731
66013,2022,6,25,10.9,2732
66013,2022,6,26,9.9,2733
66013,2022,6,27,9.2,2734
66013,2022,6,28,9.3,2735
66013,2022,6,29,10.3,2736
66013,2022,6,30,8.1,2737
66013,2022,7,1,4.2,2738
66013,2022,7,2,3.3,2739
66013,2022,7,3,4.8,2740
66013,2022,7,4,5.7,2741
66013,2022,7,5,5.5,2742
66013,2022,7,6,5.1,2743
66013,2022,7,7,8.1,2744
66013,2022,7,8,11.4,2745
66013,2022,7,9,11.0,2746
66013,2022,7,10,6.7,2747
66013,2022,7,11,8.3,2748
66013,2022,7,12,10.8,2749
66013,2022,7,13,8.8,2750
66013,2022,7,14,7.8,2751
66013,2022,7,15,11.7,2752
66013,2022,7,16,9.3,2753
66013,2022,7,17,12.0,2754
66013,2022,7,18,12.0,2755
66013,2022,7,19,9.4,2756
66013,2022,7,20,8.0,2757
66013,2022,7,21,6.3,2758
66013,2022,7,22,8.0,2759
66013,2022,7,23,7.5,2760
66013,2022,7,24,12.4,2761
66013,2022,7,25,12.3,2762
66013,2022,7,26,11.1,2763
66013,2022,7,27,12.8,2764
66013,2022,7,28,12.6,2765
66013,2022,7,29,13.0,2766
66013,2022,7,30,13.1,2767
66013,2022,7,31,10.6,2768
66013,2022,8,1,12.3,2769
66013,2022,8,2,13.4,2770
66013,2022,8,3,11.1,2771
66013,2022,8,4,4.6,2772
66013,2022,8,5,11.6,2773
66013,2022,8,6,12.2,2774
66013,2022,8,7,10.1,2775
66013,2022,8,8,13.0,2776
66013,2022,8,9,11.7,2777
66013,2022,8,10,12.2,2778
66013,2022,8,11,8.1,2779
66013,2022,8,12,6.0,2780
66013,2022,8,13,12.3,2781
66013,2022,8,14,13.2,2782
66013,2022,8,15,11.2,2783
66013,2022,8,16,14.5,2784
66013,2022,8,17,15.2,2785
66013,2022,8,18,12.4,2786
66013,2022,8,19,9.6,2787
66013,2022,8,20,11.1,2788
66013,2022,8,21,15.6,2789
66013,2022,8,22,15.9,2790
66013,2022,8,23,11.1,2791
66013,2022,8,24,16.3,2792
66013,2022,8,25,10.8,2793
66013,2022,8,26,10.9,2794
66013,2022,8,27,11.7,2795
66013,2022,8,28,16.0,2796
66013,2022,8,29,12.0,2797
66013,2022,8,30,15.5,2798
66013,2022,8,31,15.5,2799
66013,2022,9,1,13.8,2800
66013,2022,9,2,8.3,2801
66013,2022,9,3,7.2,2802
66013,2022,9,4,14.3,2803
66013,2022,9,5,15.1,2804
66013,2022,9,6,15.6,2805
66013,2022,9,7,16.7,2806
66013,2022,9,8,16.5,2807
66013,2022,9,9,9.9,2808
66013,2022,9,10,17.7,2809
66013,2022,9,11,19.1,2810
66013,2022,9,12,18.8,2811
66013,2022,9,13,14.4,2812
66013,2022,9,14,17.7,2813
66013,2022,9,15,9.3,2814
66013,2022,9,16,19.2,2815
66013,2022,9,17,18.3,2816
66013,2022,9,18,20.0,2817
66013,2022,9,19,18.2,2818
66013,2022,9,20,17.2,2819
66013,2022,9,21,10.1,2820
66013,2022,9,22,10.9,2821
66013,2022,9,23,10.7,2822
66013,2022,9,24,11.6,2823
66013,2022,9,25,21.6,2824
66013,2022,9,26,12.8,2825
66013,2022,9,27,14.6,2826
66013,2022,9,28,18.0,2827
66013,2022,9,29,17.5,2828
66013,2022,9,30,14.0,2829
66013,2022,10,1,13.2,2830
66013,2022,10,2,20.5,2831
66013,2022,10,3,20.9,2832
66013,2022,10,4,19.0,2833
66013,2022,10,5,5.2,2834
66013,2022,10,6,6.5,2835
66013,2022,10,7,11.0,2836
66013,2022,10,8,10.4,2837
66013,2022,10,9,15.8,2838
66013,2022,10,10,14.3,2839
66013,2022,10,11,14.0,2840
66013,2022,10,12,14.3,2841
66013,2022,10,13,14.9,2842
66013,2022,10,14,21.3,2843
66013,2022,10,15,25.2,2844
66013,2022,10,16,22.2,2845
66013,2022,10,17,10.7,2846
66013,2022,10,18,12.8,2847
66013,2022,10,19,19.9,2848
66013,2022,10,20,9.5,2849
66013,2022,10,21,12.6,2850
66013,2022,10,22,17.3,2851
66013,2022,10,23,9.0,2852
66013,2022,10,24,8.8,2853
66013,2022,10,25,17.5,2854
66013,2022,10,26,22.1,2855
66013,2022,10,27,18.9,2856
66013,2022,10,28,27.4,2857
66013,2022,10,29,27.6,2858
66013,2022,10,30,26.3,2859
66013,2022,10,31,13.1,2860
66013,2022,11,1,24.4,2861
66013,2022,11,2,27.1,2862
66013,2022,11,3,20.1,2863
66013,2022,11,4,18.5,2864
66013,2022,11,5,25.4,2865
66013,2022,11,6,28.2,2866
66013,2022,11,7,24.8,2867
66013,2022,11,8,24.6,2868
66013,2022,11,9,24.1,2869
66013,2022,11,10,28.0,2870
66013,2022,11,11,21.6,2871
66013,2022,11,13,14.6,2873
66013,2022,11,14,27.7,2874
66013,2022,11,15,20.0,2875
66013,2022,11,16,22.8,2876
66013,2022,11,17,28.5,2877
66013,2022,11,18,24.5,2878
66013,2022,11,19,29.7,2879
66013,2022,11,20,30.1,2880
66013,2022,11,21,27.3,2881
66013,2022,11,22,30.6,2882
66013,2022,11,23,29.8,2883
66013,2022,11,24,30.8,2884
66013,2022,11,25,30.1,2885
66013,2022,11,26,28.0,2886
66013,2022,11,27,17.0,2887
66013,2022,11,28,21.6,2888
66013,2022,11,29,29.8,2889
66013,2022,11,30,15.7,2890
66013,2022,12,1,14.4,2891
66013,2022,12,2,20.4,2892
66013,2022,12,3,29.9,2893
66013,2022,12,4,28.1,2894
66013,2022,12,5,28.6,2895
66013,2022,12,6,29.6,2896
66013,2022,12,7,14.3,2897
66013,2022,12,8,31.7,2898
66013,2022,12,9,26.5,2899
66013,2022,12,10,24.8,2900
66013,2022,12,11,31.5,2901
66013,2022,12,12,18.1,2902
66013,2022,12,13,31.9,2903
66013,2022,12,14,29.8,2904
66013,2022,12,15,29.4,2905
66013,2022,12,16,24.0,2906
66013,2022,12,17,16.0,2907
66013,2022,12,18,22.4,2908
66013,2022,12,19,17.0,2909
66013,2022,12,20,26.7,2910
66013,2022,12,21,29.5,2911
66013,2022,12,22,13.4,2912
66013,2022,12,23,26.9,2913
66013,2022,12,24,31.7,2914
66013,2022,12,25,25.8,2915
66013,2022,12,26,30.2,2916
66013,2022,12,27,32.0,2917
66013,2022,12,28,31.8,2918
66013,2022,12,29,8.8,2919
66013,2022,12,30,13.0,2920
66013,2022,12,31,19.2,2921
66013,2023,1,1,21.1,2922
66013,2023,1,2,29.9,2923
66013,2023,1,3,31.5,2924
66013,2023,1,4,10.4,2925
66013,2023,1,5,11.4,2926
66013,2023,1,6,7.3,2927
66013,2023,1,7,14.7,2928
66013,2023,1,8,29.4,2929
66013,2023,1,9,31.6,2930
66013,2023,1,10,30.6,2931
66013,2023,1,11,16.3,2932
66013,2023,1,12,25.2,2933
66013,2023,1,13,22.2,2934
66013,2023,1,14,24.5,2935
66013,2023,1,15,31.2,2936
66013,2023,1,16,27.6,2937
66013,2023,1,17,27.3,2938
66013,2023,1,18,25.1,2939
66013,2023,1,19,3.3,2940
66013,2023,1,20,8.3,2941
66013,2023,1,21,26.4,2942
66013,2023,1,22,7.1,2943
66013,2023,1,23,21.0,2944
66013,2023,1,24,28.4,2945
66013,2023,1,25,28.1,2946
66013,2023,1,26,24.7,2947
66013,2023,1,27,20.3,2948
66013,2023,1,28,28.0,2949
66013,2023,1,29,15.8,2950
66013,2023,1,30,12.6,2951
66013,2023,1,31,15.1,2952
66013,2023,2,1,28.7,2953
66013,2023,2,2,26.3,2954
66013,2023,2,3,28.5,2955
66013,2023,2,4,29.1,2956
66013,2023,2,5,28.9,2957
66013,2023,2,6,26.1,2958
66013,2023,2,7,18.8,2959
66013,2023,2,8,14.0,2960
66013,2023,2,9,7.8,2961
66013,2023,2,10,28.1,2962
66013,2023,2,11,25.9,2963
66013,2023,2,12,25.6,2964
66013,2023,2,13,14.3,2965
66013,2023,2,14,8.4,2966
66013,2023,2,15,23.7,2967
66013,2023,2,16,27.2,2968
66013,2023,2,17,27.2,2969
66013,2023,2,18,21.9,2970
66013,2023,2,19,17.8,2971
66013,2023,2,20,25.8,2972
66013,2023,2,21,25.0,2973
66013,2023,2,22,4.4,2974
66013,2023,2,23,8.6,2975
66013,2023,2,24,20.2,2976
66013,2023,2,25,22.0,2977
66013,2023,2,26,24.8,2978
66013,2023,2,27,13.1,2979
66013,2023,2,28,15.1,2980
66013,2023,3,1,22.0,2981
66013,2023,3,2,19.0,2982
66013,2023,3,3,14.3,2983
66013,2023,3,4,17.0,2984
66013,2023,3,5,24.0,2985
66013,2023,3,6,23.3,2986
66013,2023,3,7,22.7,2987
66013,2023,3,8,22.7,2988
66013,2023,3,9,23.4,2989
66013,2023,3,10,20.7,2990
66013,2023,3,11,22.3,2991
66013,2023,3,12,14.1,2992
66013,2023,3,13,9.2,2993
66013,2023,3,14,9.6,2994
66013,2023,3,15,21.5,2995
66013,2023,3,16,22.1,2996
66013,2023,3,17,21.4,2997
66013,2023,3,18,21.3,2998
66013,2023,3,19,20.7,2999
66013,2023,3,20,5.7,3000
66013,2023,3,21,7.3,3001
66013,2023,3,22,8.4,3002
66013,2023,3,23,11.3,3003
66013,2023,3,24,13.9,3004
66013,2023,3,25,7.9,3005
66013,2023,3,26,11.2,3006
66013,2023,3,27,8.3,3007
66013,2023,3,28,6.1,3008
66013,2023,3,29,12.4,3009
66013,2023,3,30,19.0,3010
66013,2023,3,31,19.3,3011
66013,2023,4,1,7.3,3012
66013,2023,4,2,6.8,3013
66013,2023,4,3,15.2,3014
66013,2023,4,4,15.5,3015
66013,2023,4,5,14.1,3016
66013,2023,4,6,10.0,3017
66013,2023,4,7,11.6,3018
66013,2023,4,8,17.4,3019
66013,2023,4,9,17.7,3020
66013,2023,4,10,16.9,3021
66013,2023,4,11,14.5,3022
66013,2023,4,12,11.1,3023
66013,2023,4,13,11.9,3024
66013,2023,4,14,11.7,3025
66013,2023,4,15,16.5,3026
66013,2023,4,16,9.4,3027
66013,2023,4,17,11.6,3028
66013,2023,4,18,13.5,3029
66013,2023,4,19,15.6,3030
66013,2023,4,20,4.8,3031
66013,2023,4,21,13.4,3032
66013,2023,4,22,5.3,3033
66013,2023,4,23,7.3,3034
66013,2023,4,24,10.7,3035
66013,2023,4,25,13.7,3036
66013,2023,4,26,10.6,3037
66013,2023,4,27,13.8,3038
66013,2023,4,28,14.7,3039
66013,2023,4,29,3.7,3040
66013,2023,4,30,10.1,3041
66013,2023,5,1,13.9,3042
66013,2023,5,2,12.8,3043
66013,2023,5,3,14.1,3044
66013,2023,5,4,13.9,3045
66013,2023,5,5,13.3,3046
66013,2023,5,6,13.7,3047
66013,2023,5,7,7.7,3048
66013,2023,5,8,11.1,3049
66013,2023,5,9,10.8,3050
66013,2023,5,10,13.2,3051
66013,2023,5,11,12.8,3052
66013,2023,5,12,12.9,3053
66013,2023,5,13,8.7,3054
66013,2023,5,14,11.0,3055
66013,2023,5,15,10.4,3056
66013,2023,5,16,12.6,3057
66013,2023,5,17,11.0,3058
66013,2023,5,18,9.8,3059
66013,2023,5,19,12.3,3060
66013,2023,5,20,12.2,3061
66013,2023,5,21,11.5,3062
66013,2023,5,22,12.1,3063
66013,2023,5,23,12.0,3064
66013,2023,5,24,11.9,3065
66013,2023,5,25,8.6,3066
66013,2023,5,26,5.7,3067
66013,2023,5,27,11.7,3068
66013,2023,5,28,10.7,3069
66013,2023,5,29,11.6,3070
66013,2023,5,30,11.4,3071
66013,2023,5,31,10.1,3072
66013,2023,6,1,5.1,3073
66013,2023,6,2,9.8,3074
66013,2023,6,3,10.0,3075
66013,2023,6,4,5.1,3076
66013,2023,6,5,7.7,3077
66013,2023,6,6,8.0,3078
66013,2023,6,7,11.1,3079
66013,2023,6,8,4.7,3080
66013,2023,6,9,10.8,3081
66013,2023,6,10,11.1,3082
66013,2023,6,11,11.0,3083
66013,2023,6,12,10.0,3084
66013,2023,6,13,10.3,3085
66013,2023,6,14,11.0,3086
66013,2023,6,15,11.0,3087
66013,2023,6,16,11.0,3088
66013,2023,6,17,10.9,3089
66013,2023,6,18,10.4,3090
66013,2023,6,19,10.7,3091
66013,2023,6,20,10.9,3092
66013,2023,6,21,10.9,3093
66013,2023,6,22,5.5,3094
66013,2023,6,23,11.0,3095
66013,2023,6,24,10.9,3096
66013,2023,6,25,11.0,3097
66013,2023,6,26,11.0,3098
66013,2023,6,27,10.7,3099
66013,2023,6,28,4.7,3100
66013,2023,6,29,11.1,3101
66013,2023,6,30,11.1,3102
66013,2023,7,1,11.0,3103
66013,2023,7,2,11.1,3104
66013,2023,7,3,9.2,3105
66013,2023,7,4,5.4,3106
66013,2023,7,5,11.1,3107
66013,2023,7,6,10.3,3108
66013,2023,7,7,11.4,3109
66013,2023,7,8,11.4,3110
66013,2023,7,9,11.4,3111
66013,2023,7,10,11.5,3112
66013,2023,7,11,11.6,3113
66013,2023,7,12,11.6,3114
66013,2023,7,13,11.7,3115
66013,2023,7,14,11.7,3116
66013,2023,7,15,10.8,3117
66013,2023,7,16,5.5,3118
66013,2023,7,17,9.2,3119
66013,2023,7,18,11.2,3120
66013,2023,7,19,12.1,3121
66013,2023,7,20,12.2,3122
66013,2023,7,21,9.9,3123
66013,2023,7,22,11.8,3124
66013,2023,7,23,12.2,3125
66013,2023,7,24,9.6,3126
66013,2023,7,25,12.2,3127
66013,2023,7,26,12.7,3128
66013,2023,7,27,12.7,3129
66013,2023,7,28,11.3,3130
66013,2023,7,29,11.1,3131
66013,2023,7,30,13.0,3132
66013,2023,7,31,13.2,3133
66013,2023,8,1,13.2,3134
66013,2023,8,2,8.6,3135
66013,2023,8,3,13.4,3136
66013,2023,8,4,13.5,3137
66013,2023,8,5,6.4,3138
66013,2023,8,6,9.2,3139
66013,2023,8,7,8.5,3140
66013,2023,8,8,12.3,3141
66013,2023,8,9,14.0,3142
66013,2023,8,10,13.8,3143
66013,2023,8,11,14.4,3144
66013,2023,8,12,13.0,3145
66013,2023,8,13,10.9,3146
66013,2023,8,14,7.2,3147
66013,2023,8,15,11.6,3148
66013,2023,8,16,12.2,3149
66013,2023,8,17,15.2,3150
66013,2023,8,18,13.8,3151
66013,2023,8,19,14.5,3152
66013,2023,8,20,15.6,3153
66013,2023,8,21,15.7,3154
66013,2023,8,22,13.6,3155
66013,2023,8,23,12.7,3156
66013,2023,8,24,13.5,3157
66013,2023,8,25,16.4,3158
66013,2023,8,26,15.3,3159
66013,2023,8,27,16.3,3160
66013,2023,8,28,16.1,3161
66013,2023,8,29,16.6,3162
66013,2023,8,30,14.1,3163
66013,2023,8,31,15.2,3164
66013,2023,9,1,15.1,3165
66013,2023,9,2,16.3,3166
66013,2023,9,3,17.1,3167
66013,2023,9,4,17.6,3168
66013,2023,9,5,18.1,3169
66013,2023,9,6,18.3,3170
66013,2023,9,7,18.3,3171
66013,2023,9,8,9.1,3172
66013,2023,9,9,18.8,3173
66013,2023,9,10,18.9,3174
66013,2023,9,11,18.9,3175
66013,2023,9,12,18.4,3176
66013,2023,9,13,19.3,3177
66013,2023,9,14,19.5,3178
66013,2023,9,15,19.2,3179
66013,2023,9,16,20.0,3180
66013,2023,9,17,20.2,3181
66013,2023,9,18,20.4,3182
66013,2023,9,19,20.5,3183
66013,2023,9,20,20.6,3184
66013,2023,9,21,20.1,3185
66013,2023,9,22,14.8,3186
66013,2023,9,23,16.6,3187
66013,2023,9,24,16.8,3188
66013,2023,9,25,21.6,3189
66013,2023,9,26,14.6,3190
66013,2023,9,27,16.9,3191
66013,2023,9,28,12.7,3192
66013,2023,9,29,22.3,3193
66013,2023,9,30,22.5,3194
66013,2023,10,1,21.5,3195
66013,2023,10,2,22.5,3196
66013,2023,10,3,22.6,3197
66013,2023,10,4,8.9,3198
66013,2023,10,5,23.6,3199
66013,2023,10,6,14.5,3200
66013,2023,10,7,21.9,3201
66013,2023,10,8,21.9,3202
66013,2023,10,9,24.3,3203
66013,2023,10,10,19.2,3204
66013,2023,10,11,23.3,3205
66013,2023,10,12,24.5,3206
66013,2023,10,13,25.0,3207
66013,2023,10,14,25.1,3208
66013,2023,10,15,25.3,3209
66013,2023,10,16,20.9,3210
66013,2023,10,17,17.2,3211
66013,2023,10,18,19.3,3212
66013,2023,10,19,16.8,3213
66013,2023,10,20,26.2,3214
66013,2023,10,21,25.1,3215
66013,2023,10,22,26.5,3216
66013,2023,10,23,26.7,3217
66013,2023,10,24,26.8,3218
66013,2023,10,25,26.2,3219
66013,2023,10,26,7.8,3220
66013,2023,10,27,18.8,3221
66013,2023,10,28,17.3,3222
66013,2023,10,29,27.4,3223
66013,2023,10,30,24.9,3224
66013,2023,10,31,27.2,3225
66013,2023,11,1,23.5,3226
66013,2023,11,2,22.1,3227
66013,2023,11,3,17.5,3228
66013,2023,11,4,10.2,3229
66013,2023,11,5,9.3,3230
66013,2023,11,6,19.2,3231
66013,2023,11,7,27.9,3232
66013,2023,11,8,26.3,3233
66013,2023,11,9,19.9,3234
66013,2023,11,10,28.1,3235
66013,2023,11,11,28.9,3236
66013,2023,11,12,26.7,3237
66013,2023,11,13,20.5,3238
66013,2023,11,14,25.6,3239
66013,2023,11,15,22.5,3240
66013,2023,11,16,24.4,3241
66013,2023,11,17,22.7,3242
66013,2023,11,18,25.6,3243
66013,2023,11,19,30.2,3244
66013,2023,11,20,11.5,3245
66013,2023,11,21,19.0,3246
66013,2023,11,22,26.6,3247
66013,2023,11,23,13.9,3248
66013,2023,11,24,9.8,3249
66013,2023,11,25,9.3,3250
66013,2023,11,26,27.0,3251
66013,2023,11,27,24.7,3252
66013,2023,11,28,4.2,3253
66013,2023,11,29,13.8,3254
66013,2023,11,30,20.0,3255
66013,2023,12,1,24.5,3256
66013,2023,12,2,15.3,3257
66013,2023,12,3,30.3,3258
66013,2023,12,4,24.6,3259
66013,2023,12,5,31.5,3260
66013,2023,12,6,30.4,3261
66013,2023,12,7,28.8,3262
66013,2023,12,8,28.1,3263
66013,2023,12,9,25.2,3264
66013,2023,12,10,15.5,3265
66013,2023,12,11,29.7,3266
66013,2023,12,12,30.2,3267
66013,2023,12,13,27.6,3268
66013,2023,12,14,27.0,3269
66013,2023,12,15,29.0,3270
66013,2023,12,16,31.2,3271
66013,2023,12,17,23.4,3272
66013,2023,12,18,18.8,3273
66013,2023,12,19,15.0,3274
66013,2023,12,20,3.4,3275
66013,2023,12,21,9.0,3276
66013,2023,12,22,29.5,3277
66013,2023,12,23,27.0,3278
66013,2023,12,24,13.9,3279
66013,2023,12,25,22.3,3280
66013,2023,12,26,16.3,3281
66013,2023,12,27,15.1,3282
66013,2023,12,28,27.8,3283
66013,2023,12,29,15.1,3284
66013,2023,12,30,29.9,3285
66013,2023,12,31,5.6,3286
66013,2024,1,1,13.3,3287
66013,2024,1,2,29.2,3288
66013,2024,1,3,26.3,3289
66013,2024,1,4,14.2,3290
66013,2024,1,5,20.5,3291
66013,2024,1,6,27.1,3292
66013,2024,1,7,28.3,3293
66013,2024,1,8,7.5,3294
66013,2024,1,9,24.6,3295
66013,2024,1,10,23.7,3296
66013,2024,1,11,22.5,3297
66013,2024,1,12,27.0,3298
66013,2024,1,13,30.9,3299
66013,2024,1,14,11.9,3300
66013,2024,1,15,8.7,3301
66013,2024,1,16,14.5,3302
66013,2024,1,17,13.6,3303
66013,2024,1,18,27.3,3304
66013,2024,1,19,27.7,3305
66013,2024,1,20,19.9,3306
66013,2024,1,21,30.7,3307
66013,2024,1,22,11.4,3308
66013,2024,1,23,21.4,3309
66013,2024,1,24,22.2,3310
66013,2024,1,25,12.1,3311
66013,2024,1,26,18.1,3312
66013,2024,1,27,8.3,3313
66013,2024,1,28,19.9,3314
66013,2024,1,29,29.7,3315
66013,2024,1,30,14.0,3316
66013,2024,1,31,15.7,3317
66013,2024,2,1,24.5,3318
66013,2024,2,2,28.1,3319
66013,2024,2,3,20.6,3320
66013,2024,2,4,25.8,3321
66013,2024,2,5,13.6,3322
66013,2024,2,6,8.1,3323
66013,2024,2,7,15.0,3324
66013,2024,2,8,18.3,3325
66013,2024,2,9,14.0,3326
66013,2024,2,10,17.7,3327
66013,2024,2,11,18.4,3328
66013,2024,2,12,27.9,3329
66013,2024,2,13,24.0,3330
66013,2024,2,14,18.9,3331
66013,2024,2,15,4.2,3332
66013,2024,2,16,17.0,3333
66013,2024,2,17,23.4,3334
66013,2024,2,18,17.5,3335
66013,2024,2,19,6.2,3336
66013,2024,2,20,11.7,3337
66013,2024,2,21,17.0,3338
66013,2024,2,22,25.8,3339
66013,2024,2,23,19.5,3340
66013,2024,2,24,3.7,3341
66013,2024,2,25,25.7,3342
66013,2024,2,26,20.4,3343
66013,2024,2,27,6.9,3344
66013,2024,2,28,17.4,3345
66013,2024,2,29,22.6,3346
66013,2024,3,1,14.8,3347
66013,2024,3,2,7.1,3348
66013,2024,3,3,22.5,3349
66013,2024,3,4,11.5,3350
66013,2024,3,5,23.4,3351
66013,2024,3,6,21.9,3352
66013,2024,3,7,18.7,3353
66013,2024,3,8,21.0,3354
66013,2024,3,9,22.7,3355
66013,2024,3,10,22.6,3356
66013,2024,3,11,21.0,3357
66013,2024,3,12,22.8,3358
66013,2024,3,13,19.8,3359
66013,2024,3,14,17.7,3360
66013,2024,3,15,13.5,3361
66013,2024,3,16,17.6,3362
66013,2024,3,17,8.8,3363
66013,2024,3,18,10.9,3364
66013,2024,3,19,18.5,3365
66013,2024,3,20,7.0,3366
66013,2024,3,21,16.6,3367
66013,2024,3,22,9.9,3368
66013,2024,3,23,16.5,3369
66013,2024,3,24,18.1,3370
66013,2024,3,25,20.3,3371
66013,2024,3,26,19.3,3372
66013,2024,3,27,18.6,3373
66013,2024,3,28,9.8,3374
66013,2024,3,29,17.1,3375
66013,2024,3,30,19.4,3376
66013,2024,3,31,17.9,3377
66013,2024,4,1,19.0,3378
66013,2024,4,2,7.2,3379
66013,2024,4,3,15.6,3380
66013,2024,4,4,5.1,3381
66013,2024,4,5,3.4,3382
66013,2024,4,6,18.1,3383
66013,2024,4,7,16.2,3384
66013,2024,4,8,13.9,3385
66013,2024,4,9,10.0,3386
66013,2024,4,10,13.5,3387
66013,2024,4,11,14.7,3388
66013,2024,4,12,16.8,3389
66013,2024,4,13,16.4,3390
66013,2024,4,14,15.9,3391
66013,2024,4,15,16.5,3392
66013,2024,4,16,13.5,3393
66013,2024,4,17,9.5,3394
66013,2024,4,18,11.8,3395
66013,2024,4,19,12.0,3396
66013,2024,4,20,8.2,3397
66013,2024,4,21,12.6,3398
66013,2024,4,22,14.5,3399
66013,2024,4,23,15.3,3400
66013,2024,4,24,9.8,3401
66013,2024,4,25,14.9,3402
66013,2024,4,26,14.9,3403
66013,2024,4,27,12.2,3404
66013,2024,4,28,14.5,3405
66013,2024,4,29,14.1,3406
66013,2024,4,30,4.4,3407
66013,2024,5,1,10.1,3408
66013,2024,5,2,9.3,3409
66013,2024,5,3,6.9,3410
66013,2024,5,4,9.8,3411
66013,2024,5,5,6.2,3412
66013,2024,5,6,10.1,3413
66013,2024,5,7,8.3,3414
66013,2024,5,8,7.6,3415
66013,2024,5,9,10.5,3416
66013,2024,5,10,8.1,3417
66013,2024,5,11,4.2,3418
66013,2024,5,12,9.4,3419
66013,2024,5,13,10.9,3420
66013,2024,5,14,12.7,3421
66013,2024,5,15,12.4,3422
66013,2024,5,16,10.0,3423
66013,2024,5,17,12.4,3424
66013,2024,5,18,10.1,3425
66013,2024,5,19,12.2,3426
66013,2024,5,20,8.5,3427
66013,2024,5,21,11.6,3428
66013,2024,5,22,12.0,3429
66013,2024,5,23,11.9,3430
66013,2024,5,24,11.7,3431
66013,2024,5,25,9.2,3432
66013,2024,5,26,11.7,3433
66013,2024,5,27,11.6,3434
66013,2024,5,28,11.6,3435
66013,2024,5,29,11.5,3436
66013,2024,5,30,11.4,3437
66013,2024,5,31,4.4,3438
66013,2024,6,1,2.7,3439
66013,2024,6,2,8.2,3440
66013,2024,6,3,10.3,3441
66013,2024,6,4,10.0,3442
66013,2024,6,5,6.7,3443
66013,2024,6,6,5.6,3444
66013,2024,6,7,6.5,3445
66013,2024,6,8,7.5,3446
66013,2024,6,9,10.9,3447
66013,2024,6,10,10.0,3448
66013,2024,6,11,7.4,3449
66013,2024,6,12,9.9,3450
66013,2024,6,13,9.2,3451
66013,2024,6,14,5.6,3452
66013,2024,6,15,7.6,3453
66013,2024,6,16,11.0,3454
66013,2024,6,17,7.8,3455
66013,2024,6,18,10.9,3456
66013,2024,6,19,10.9,3457
66013,2024,6,20,10.8,3458
66013,2024,6,21,10.3,3459
66013,2024,6,22,6.1,3460
66013,2024,6,23,7.9,3461
66013,2024,6,24,10.7,3462
66013,2024,6,25,11.0,3463
66013,2024,6,26,11.0,3464
66013,2024,6,27,11.0,3465
66013,2024,6,28,11.1,3466
66013,2024,6,29,9.1,3467
66013,2024,6,30,5.5,3468
66013,2024,7,1,9.9,3469
66013,2024,7,2,10.2,3470
66013,2024,7,3,9.5,3471
66013,2024,7,4,9.7,3472
66013,2024,7,5,9.2,3473
66013,2024,7,6,8.7,3474
66013,2024,7,7,9.2,3475
66013,2024,7,8,7.0,3476
66013,2024,7,9,9.0,3477
66013,2024,7,10,10.6,3478
66013,2024,7,11,10.0,3479
66013,2024,7,12,10.9,3480
66013,2024,7,13,10.2,3481
66013,2024,7,14,11.6,3482
66013,2024,7,15,11.9,3483
66013,2024,7,16,7.8,3484
66013,2024,7,17,10.8,3485
66013,2024,7,18,12.0,3486
66013,2024,7,19,10.8,3487
66013,2024,7,20,11.3,3488
66013,2024,7,21,12.3,3489
66013,2024,7,22,11.5,3490
66013,2024,7,23,12.5,3491
66013,2024,7,24,12.0,3492
66013,2024,7,25,11.2,3493
66013,2024,7,26,12.2,3494
66013,2024,7,27,8.2,3495
66013,2024,7,28,12.9,3496
66013,2024,7,29,11.4,3497
66013,2024,7,30,10.3,3498
66013,2024,7,31,10.4,3499
66013,2024,8,1,8.1,3500
66013,2024,8,2,11.0,3501
66013,2024,8,3,13.6,3502
66013,2024,8,4,10.8,3503
66013,2024,8,5,8.0,3504
66013,2024,8,6,13.1,3505
66013,2024,8,7,14.0,3506
66013,2024,8,8,14.1,3507
66013,2024,8,9,11.5,3508
66013,2024,8,10,13.5,3509
66013,2024,8,11,12.8,3510
66013,2024,8,12,7.9,3511
66013,2024,8,13,7.0,3512
66013,2024,8,14,7.3,3513
66013,2024,8,15,7.6,3514
66013,2024,8,16,13.5,3515
66013,2024,8,17,13.0,3516
66013,2024,8,18,10.0,3517
66013,2024,8,19,11.9,3518
66013,2024,8,20,15.4,3519
66013,2024,8,21,15.6,3520
66013,2024,8,22,13.0,3521
66013,2024,8,23,15.6,3522
66013,2024,8,24,13.0,3523
66013,2024,8,25,6.3,3524
66013,2024,8,26,16.7,3525
66013,2024,8,27,16.8,3526
66013,2024,8,28,16.7,3527
66013,2024,8,29,17.0,3528
66013,2024,8,30,17.2,3529
66013,2024,8,31,17.4,3530
66013,2024,9,1,17.6,3531
66013,2024,9,2,17.7,3532
66013,2024,9,3,17.9,3533
66013,2024,9,4,18.0,3534
66013,2024,9,5,14.2,3535
66013,2024,9,6,18.4,3536
66013,2024,9,7,16.1,3537
66013,2024,9,8,6.8,3538
66013,2024,9,9,18.2,3539
66013,2024,9,10,17.4,3540
66013,2024,9,11,18.5,3541
66013,2024,9,12,13.4,3542
66013,2024,9,13,18.2,3543
66013,2024,9,14,19.7,3544
66013,2024,9,15,18.3,3545
66013,2024,9,16,20.1,3546
66013,2024,9,17,20.3,3547
66013,2024,9,18,20.5,3548
66013,2024,9,19,20.5,3549
66013,2024,9,20,20.8,3550
66013,2024,9,21,21.0,3551
66013,2024,9,22,19.6,3552
66013,2024,9,23,21.4,3553
66013,2024,9,24,17.5,3554
66013,2024,9,25,12.2,3555
66013,2024,9,26,5.6,3556
66013,2024,9,27,11.8,3557
66013,2024,9,28,18.2,3558
66013,2024,9,29,13.8,3559
66013,2024,9,30,15.4,3560
66013,2024,10,1,22.9,3561
66013,2024,10,2,9.8,3562
66013,2024,10,3,19.1,3563
66013,2024,10,4,21.3,3564
66013,2024,10,5,20.1,3565
66013,2024,10,6,23.0,3566
66013,2024,10,7,23.3,3567
66013,2024,10,8,7.1,3568
66013,2024,10,9,10.0,3569
66013,2024,10,10,24.3,3570
66013,2024,10,11,21.2,3571
66013,2024,10,12,10.7,3572
66013,2024,10,13,19.3,3573
66013,2024,10,14,16.1,3574
66013,2024,10,15,9.5,3575
66013,2024,10,16,14.9,3576
66013,2024,10,17,25.8,3577
66013,2024,10,18,10.7,3578
66013,2024,10,19,11.1,3579
66013,2024,10,20,25.1,3580
66013,2024,10,21,16.8,3581
66013,2024,10,22,24.5,3582
66013,2024,10,23,20.1,3583
66013,2024,10,24,16.5,3584
66013,2024,10,25,25.8,3585
66013,2024,10,26,27.2,3586
66013,2024,10,27,25.4,3587
66013,2024,10,28,21.0,3588
66013,2024,10,29,25.0,3589
66013,2024,10,30,26.7,3590
66013,2024,10,31,24.5,3591
66013,2024,11,1,22.9,3592
66013,2024,11,2,10.4,3593
66013,2024,11,3,19.7,3594
66013,2024,11,4,8.3,3595
66013,2024,11,5,15.3,3596
66013,2024,11,6,23.7,3597
66013,2024,11,7,13.4,3598
66013,2024,11,8,29.1,3599
66013,2024,11,9,22.8,3600
66013,2024,11,10,24.1,3601
66013,2024,11,11,6.9,3602
66013,2024,11,12,19.8,3603
66013,2024,11,13,17.0,3604
66013,2024,11,14,12.9,3605
66013,2024,11,15,6.3,3606
66013,2024,11,16,14.6,3607
66013,2024,11,17,23.9,3608
66013,2024,11,18,24.2,3609
66013,2024,11,19,20.8,3610
66013,2024,11,20,28.0,3611
66013,2024,11,21,27.2,3612
66013,2024,11,22,30.1,3613
66013,2024,11,23,30.7,3614
66013,2024,11,24,29.5,3615
66013,2024,11,25,29.9,3616
66013,2024,11,26,30.0,3617
66013,2024,11,27,26.1,3618
66013,2024,11,28,11.7,3619
66013,2024,11,29,5.9,3620
66013,2024,12,1,20.3,3622
66013,2024,12,2,28.3,3623
66013,2024,12,3,15.2,3624
66013,2024,12,4,28.8,3625
66013,2024,12,5,19.8,3626
66013,2024,12,6,25.2,3627
66013,2024,12,7,10.4,3628
66013,2024,12,8,18.7,3629
66013,2024,12,9,9.9,3630
66013,2024,12,10,28.7,3631
66013,2024,12,11,26.7,3632
66013,2024,12,12,31.9,3633
66013,2024,12,13,31.4,3634
66013,2024,12,14,28.8,3635
66013,2024,12,15,24.9,3636
66013,2024,12,16,31.2,3637
66013,2024,12,17,31.5,3638
66013,2024,12,18,18.6,3639
66013,2024,12,19,29.7,3640
66013,2024,12,20,32.0,3641
66013,2024,12,21,31.6,3642
66013,2024,12,22,25.7,3643
66013,2024,12,23,31.9,3644
66013,2024,12,24,32.1,3645
66013,2024,12,25,32.1,3646
66013,2024,12,26,32.1,3647
66013,2024,12,27,25.9,3648
66013,2024,12,28,28.3,3649
66013,2024,12,29,31.8,3650
66013,2024,12,30,25.3,3651
66013,2024,12,31,24.3,3652
66013,2025,1,1,29.2,3653
66013,2025,1,2,9.3,3654
66013,2025,1,3,20.5,3655
66013,2025,1,4,30.4,3656
66013,2025,1,5,26.2,3657
66013,2025,1,6,29.4,3658
66013,2025,1,7,4.5,3659
66013,2025,1,8,6.2,3660
66013,2025,1,9,17.5,3661
66013,2025,1,10,16.5,3662
66013,2025,1,11,20.9,3663
66013,2025,1,12,24.5,3664
66013,2025,1,13,26.2,3665
66013,2025,1,14,22.3,3666
66013,2025,1,15,23.5,3667
66013,2025,1,16,7.9,3668
66013,2025,1,17,5.9,3669
66013,2025,1,18,12.5,3670
66013,2025,1,19,16.6,3671
66013,2025,1,20,29.1,3672
66013,2025,1,21,29.3,3673
66013,2025,1,22,19.8,3674
66013,2025,1,23,19.4,3675
66013,2025,1,24,23.8,3676
66013,2025,1,25,29.3,3677
66013,2025,1,26,22.8,3678
66013,2025,1,27,25.5,3679
66013,2025,1,28,22.1,3680
66013,2025,1,29,14.5,3681
66013,2025,1,30,7.9,3682
66013,2025,1,31,12.7,3683
66013,2025,2,1,17.4,3684
66013,2025,2,2,26.5,3685
66013,2025,2,3,27.0,3686
66013,2025,2,4,26.7,3687
66013,2025,2,5,20.6,3688
66013,2025,2,6,25.8,3689
66013,2025,2,7,28.6,3690
66013,2025,2,8,22.0,3691
66013,2025,2,9,22.7,3692
66013,2025,2,10,7.1,3693
66013,2025,2,11,19.7,3694
66013,2025,2,12,25.7,3695
66013,2025,2,13,25.2,3696
66013,2025,2,14,9.5,3697
66013,2025,2,15,24.9,3698
66013,2025,2,16,27.1,3699
66013,2025,2,17,26.6,3700
66013,2025,2,18,24.3,3701
66013,2025,2,19,22.3,3702
66013,2025,2,20,8.7,3703
66013,2025,2,21,12.2,3704
66013,2025,2,22,22.0,3705
66013,2025,2,23,23.4,3706
66013,2025,2,24,24.7,3707
66013,2025,2,25,4.5,3708
66013,2025,2,26,19.8,3709
66013,2025,2,27,24.6,3710
66013,2025,2,28,23.5,3711
66013,2025,3,1,23.6,3712
66013,2025,3,2,11.1,3713
66013,2025,3,3,11.2,3714
66013,2025,3,4,16.2,3715
66013,2025,3,5,17.4,3716
66013,2025,3,6,15.6,3717
66013,2025,3,7,16.8,3718
66013,2025,3,8,12.9,3719
66013,2025,3,9,20.1,3720
66013,2025,3,10,11.8,3721
66013,2025,3,11,8.9,3722
66013,2025,3,12,16.8,3723
66013,2025,3,13,22.6,3724
66013,2025,3,14,22.4,3725
66013,2025,3,15,20.9,3726
66013,2025,3,16,15.8,3727
66013,2025,3,17,21.4,3728
66013,2025,3,18,15.5,3729
66013,2025,3,19,18.9,3730
66013,2025,3,20,20.9,3731
66013,2025,3,21,10.0,3732
66013,2025,3,22,12.3,3733
66013,2025,3,23,6.1,3734
66013,2025,3,24,9.3,3735
66013,2025,3,25,12.0,3736
66013,2025,3,26,16.8,3737
66013,2025,3,27,13.4,3738
66013,2025,3,28,12.2,3739
66013,2025,3,29,5.3,3740
66013,2025,3,30,15.0,3741
66013,2025,3,31,11.5,3742
66013,2025,4,1,15.5,3743
66013,2025,4,2,17.3,3744
66013,2025,4,3,18.7,3745
66013,2025,4,4,16.5,3746
66013,2025,4,5,18.4,3747
66013,2025,4,6,15.9,3748
66013,2025,4,7,18.0,3749
66013,2025,4,8,10.7,3750
66013,2025,4,9,14.7,3751
66013,2025,4,10,12.5,3752
66013,2025,4,11,17.3,3753
66013,2025,4,12,15.5,3754
66013,2025,4,13,16.8,3755
66013,2025,4,14,16.4,3756
66013,2025,4,15,10.4,3757
66013,2025,4,16,11.5,3758
66013,2025,4,17,14.1,3759
66013,2025,4,18,16.2,3760
66013,2025,4,19,15.9,3761
66013,2025,4,20,15.8,3762
66013,2025,4,21,11.1,3763
66013,2025,4,22,8.3,3764
66013,2025,4,23,12.3,3765
66013,2025,4,24,13.4,3766
66013,2025,4,25,10.6,3767
66013,2025,4,26,10.5,3768
66013,2025,4,27,5.8,3769
66013,2025,4,28,10.6,3770
