Bureau of Meteorology station number,Year,Month,Day,Rainfall amount (millimetres),Period over which rainfall was measured (days),index,Quality_Y
66073,2015,1,1,0.0,,0,True
66073,2015,1,2,0.0,,1,True
66073,2015,1,3,0.0,,2,True
66073,2015,1,4,0.0,,3,True
66073,2015,1,5,0.0,,4,True
66073,2015,1,6,0.0,,5,True
66073,2015,1,7,0.0,,6,True
66073,2015,1,8,0.0,,7,True
66073,2015,1,9,0.0,,8,True
66073,2015,1,10,0.4,1.0,9,True
66073,2015,1,11,19.0,1.0,10,True
66073,2015,1,12,5.0,1.0,11,True
66073,2015,1,13,2.6,1.0,12,True
66073,2015,1,14,0.4,1.0,13,True
66073,2015,1,15,0.0,,14,True
66073,2015,1,16,0.0,,15,True
66073,2015,1,17,0.0,,16,True
66073,2015,1,18,0.0,,17,True
66073,2015,1,19,0.0,,18,True
66073,2015,1,20,12.8,1.0,19,True
66073,2015,1,21,5.8,1.0,20,True
66073,2015,1,22,0.0,,21,True
66073,2015,1,23,0.0,,22,True
66073,2015,1,24,0.0,,23,True
66073,2015,1,25,1.4,1.0,24,True
66073,2015,1,26,3.0,1.0,25,True
66073,2015,1,27,54.8,1.0,26,True
66073,2015,1,28,61.2,1.0,27,True
66073,2015,1,29,17.4,1.0,28,True
66073,2015,1,30,0.0,,29,True
66073,2015,1,31,0.0,,30,True
66073,2015,2,1,0.0,,31,True
66073,2015,2,2,4.0,1.0,32,True
66073,2015,2,3,1.8,1.0,33,True
66073,2015,2,4,0.0,,34,True
66073,2015,2,5,8.0,1.0,35,True
66073,2015,2,6,0.0,,36,True
66073,2015,2,7,0.0,,37,True
66073,2015,2,8,0.0,,38,True
66073,2015,2,9,0.0,,39,True
66073,2015,2,10,0.0,,40,True
66073,2015,2,11,0.0,,41,True
66073,2015,2,12,0.0,,42,True
66073,2015,2,13,6.0,1.0,43,True
66073,2015,2,14,0.2,1.0,44,True
66073,2015,2,15,0.6,1.0,45,True
66073,2015,2,16,0.0,,46,True
66073,2015,2,17,0.0,,47,True
66073,2015,2,18,0.0,,48,True
66073,2015,2,19,0.0,,49,True
66073,2015,2,20,0.0,,50,True
66073,2015,2,21,8.2,1.0,51,True
66073,2015,2,22,6.6,1.0,52,True
66073,2015,2,23,0.0,,53,True
66073,2015,2,24,0.0,,54,True
66073,2015,2,25,0.0,,55,True
66073,2015,2,26,9.8,1.0,56,True
66073,2015,2,27,0.6,1.0,57,True
66073,2015,2,28,0.0,,58,True
66073,2015,3,1,0.0,,59,True
66073,2015,3,2,7.2,1.0,60,True
66073,2015,3,3,0.0,,61,True
66073,2015,3,4,0.0,,62,True
66073,2015,3,5,0.0,,63,True
66073,2015,3,6,0.0,,64,True
66073,2015,3,7,1.0,1.0,65,True
66073,2015,3,8,0.0,,66,True
66073,2015,3,9,0.0,,67,True
66073,2015,3,10,0.0,,68,True
66073,2015,3,11,0.0,,69,True
66073,2015,3,12,0.6,1.0,70,True
66073,2015,3,13,1.4,1.0,71,True
66073,2015,3,14,6.0,1.0,72,True
66073,2015,3,15,0.0,,73,True
66073,2015,3,16,7.4,1.0,74,True
66073,2015,3,17,0.0,,75,True
66073,2015,3,18,0.0,,76,True
66073,2015,3,19,0.0,,77,True
66073,2015,3,20,0.0,,78,True
66073,2015,3,23,1.6,3.0,81,True
66073,2015,3,24,0.0,,82,True
66073,2015,3,25,22.0,1.0,83,True
66073,2015,3,26,0.0,,84,True
66073,2015,3,27,0.0,,85,True
66073,2015,3,28,0.0,,86,True
66073,2015,3,29,0.0,,87,True
66073,2015,3,30,0.0,,88,True
66073,2015,3,31,18.8,1.0,89,True
66073,2015,4,1,7.0,1.0,90,True
66073,2015,4,2,0.0,,91,True
66073,2015,4,3,0.2,1.0,92,True
66073,2015,4,4,18.2,1.0,93,True
66073,2015,4,5,21.6,1.0,94,True
66073,2015,4,6,0.0,,95,True
66073,2015,4,7,0.6,1.0,96,True
66073,2015,4,8,3.2,1.0,97,True
66073,2015,4,9,0.0,,98,True
66073,2015,4,10,0.4,1.0,99,True
66073,2015,4,11,12.4,1.0,100,True
66073,2015,4,12,0.6,1.0,101,True
66073,2015,4,13,0.0,,102,True
66073,2015,4,14,0.0,,103,True
66073,2015,4,15,0.0,,104,True
66073,2015,4,16,0.4,1.0,105,True
66073,2015,4,17,1.8,1.0,106,True
66073,2015,4,18,0.8,1.0,107,True
66073,2015,4,19,2.2,1.0,108,True
66073,2015,4,20,11.2,1.0,109,True
66073,2015,4,21,91.0,1.0,110,True
66073,2015,4,22,74.2,1.0,111,True
66073,2015,4,23,33.4,1.0,112,True
66073,2015,4,24,0.0,,113,True
66073,2015,4,25,0.0,,114,True
66073,2015,4,26,34.0,1.0,115,True
66073,2015,4,27,5.0,1.0,116,True
66073,2015,4,28,0.0,,117,True
66073,2015,4,29,0.0,,118,True
66073,2015,4,30,15.0,1.0,119,True
66073,2015,5,1,32.4,1.0,120,True
66073,2015,5,2,15.8,1.0,121,True
66073,2015,5,3,28.2,1.0,122,True
66073,2015,5,4,0.8,1.0,123,True
66073,2015,5,5,0.4,1.0,124,True
66073,2015,5,6,0.0,,125,True
66073,2015,5,7,0.0,,126,True
66073,2015,5,8,0.0,,127,True
66073,2015,5,9,0.0,,128,True
66073,2015,5,10,0.0,,129,True
66073,2015,5,11,0.0,,130,True
66073,2015,5,12,0.0,,131,True
66073,2015,5,13,0.0,,132,True
66073,2015,5,14,0.8,1.0,133,True
66073,2015,5,15,0.0,,134,True
66073,2015,5,16,1.6,1.0,135,True
66073,2015,5,17,1.8,1.0,136,True
66073,2015,5,18,0.0,,137,True
66073,2015,5,19,0.2,1.0,138,True
66073,2015,5,20,1.8,1.0,139,True
66073,2015,5,21,0.0,,140,True
66073,2015,5,22,9.4,1.0,141,True
66073,2015,5,23,16.2,1.0,142,True
66073,2015,5,24,0.0,,143,True
66073,2015,5,25,0.0,,144,True
66073,2015,5,26,0.0,,145,True
66073,2015,5,27,0.0,,146,True
66073,2015,5,28,0.0,,147,True
66073,2015,5,29,0.4,1.0,148,True
66073,2015,5,30,0.0,,149,True
66073,2015,5,31,0.0,,150,True
66073,2015,7,1,2.0,1.0,181,True
66073,2015,7,2,0.0,,182,True
66073,2015,7,3,0.0,,183,True
66073,2015,7,4,0.0,,184,True
66073,2015,7,5,0.0,,185,True
66073,2015,7,6,0.0,,186,True
66073,2015,7,7,0.0,,187,True
66073,2015,7,8,15.8,1.0,188,True
66073,2015,7,9,0.2,1.0,189,True
66073,2015,7,10,0.0,,190,True
66073,2015,7,11,0.6,1.0,191,True
66073,2015,7,13,3.6,2.0,193,True
66073,2015,7,14,1.0,1.0,194,True
66073,2015,7,15,0.0,,195,True
66073,2015,7,17,15.0,2.0,197,True
66073,2015,7,18,12.8,1.0,198,True
66073,2015,7,19,2.0,1.0,199,True
66073,2015,7,20,0.8,1.0,200,True
66073,2015,7,21,4.8,1.0,201,True
66073,2015,7,22,0.0,,202,True
66073,2015,7,23,1.8,1.0,203,True
66073,2015,7,24,0.0,,204,True
66073,2015,7,25,0.0,,205,True
66073,2015,7,26,0.0,,206,True
66073,2015,7,27,0.0,,207,True
66073,2015,7,28,0.0,,208,True
66073,2015,7,29,0.0,,209,True
66073,2015,7,30,0.0,,210,True
66073,2015,7,31,0.0,,211,True
66073,2015,8,5,0.2,5.0,216,True
66073,2015,8,16,1.8,11.0,227,True
66073,2015,8,17,1.9,1.0,228,True
66073,2015,8,18,0.0,,229,True
66073,2015,8,19,0.0,,230,True
66073,2015,8,20,0.0,,231,True
66073,2015,8,21,0.0,,232,True
66073,2015,8,22,0.0,,233,True
66073,2015,8,23,3.0,1.0,234,True
66073,2015,8,24,5.2,1.0,235,True
66073,2015,8,25,61.4,1.0,236,True
66073,2015,8,26,2.2,1.0,237,True
66073,2015,8,27,0.2,1.0,238,True
66073,2015,8,28,0.0,,239,True
66073,2015,8,29,0.0,,240,True
66073,2015,8,30,0.0,,241,True
66073,2015,8,31,0.0,,242,True
66073,2015,9,1,0.0,,243,False
66073,2015,9,2,0.0,,244,True
66073,2015,9,3,3.2,1.0,245,True
66073,2015,9,4,28.6,1.0,246,False
66073,2015,9,5,0.0,,247,False
66073,2015,9,6,1.4,1.0,248,False
66073,2015,9,7,1.4,1.0,249,False
66073,2015,9,8,0.0,,250,False
66073,2015,9,9,0.0,,251,False
66073,2015,9,10,2.4,1.0,252,False
66073,2015,9,11,0.0,,253,False
66073,2015,9,12,0.0,,254,False
66073,2015,9,13,0.0,,255,False
66073,2015,9,14,0.0,,256,False
66073,2015,9,15,0.0,,257,False
66073,2015,9,16,0.0,,258,False
66073,2015,9,17,0.0,,259,False
66073,2015,9,20,0.0,,262,False
66073,2015,9,21,0.2,1.0,263,False
66073,2015,9,22,0.0,,264,False
66073,2015,9,23,1.0,1.0,265,False
66073,2015,9,24,4.2,1.0,266,False
66073,2015,9,25,29.4,1.0,267,False
66073,2015,9,26,3.0,1.0,268,False
66073,2015,9,27,5.4,1.0,269,False
66073,2015,9,28,0.6,1.0,270,False
66073,2015,9,29,0.0,,271,False
66073,2015,9,30,0.0,,272,False
66073,2015,10,1,0.0,,273,True
66073,2015,10,2,3.0,1.0,274,True
66073,2015,10,3,0.0,,275,True
66073,2015,10,4,0.0,,276,True
66073,2015,10,5,0.0,,277,True
66073,2015,10,6,0.0,,278,True
66073,2015,10,7,0.0,,279,True
66073,2015,10,8,0.0,,280,True
66073,2015,10,9,0.0,,281,True
66073,2015,10,10,0.0,,282,True
66073,2015,10,11,0.0,,283,True
66073,2015,10,12,2.6,1.0,284,True
66073,2015,10,13,0.0,,285,True
66073,2015,10,14,0.0,,286,True
66073,2015,10,15,0.0,,287,True
66073,2015,10,16,0.0,,288,True
66073,2015,10,17,0.0,,289,True
66073,2015,10,18,1.8,1.0,290,True
66073,2015,10,19,0.6,1.0,291,True
66073,2015,10,20,0.0,,292,True
66073,2015,10,21,1.6,1.0,293,True
66073,2015,10,22,3.4,1.0,294,True
66073,2015,10,23,9.2,1.0,295,True
66073,2015,10,24,0.0,,296,True
66073,2015,10,25,0.0,,297,True
66073,2015,10,26,0.0,,298,True
66073,2015,10,27,4.6,1.0,299,True
66073,2015,10,28,2.0,1.0,300,True
66073,2015,10,29,0.0,,301,True
66073,2015,10,30,0.0,,302,True
66073,2015,10,31,0.0,,303,True
66073,2015,11,1,0.0,,304,True
66073,2015,11,2,12.6,1.0,305,True
66073,2015,11,5,13.8,3.0,308,True
66073,2015,11,8,0.0,,311,True
66073,2015,11,9,0.0,,312,True
66073,2015,11,10,0.0,,313,True
66073,2015,11,11,0.0,,314,True
66073,2015,11,13,0.0,,316,True
66073,2015,11,17,0.0,,320,True
66073,2015,11,18,0.0,,321,True
66073,2015,11,19,0.0,,322,True
66073,2015,11,20,0.0,,323,True
66073,2015,11,21,0.0,,324,True
66073,2015,11,22,0.0,,325,True
66073,2015,11,23,0.0,,326,True
66073,2015,11,24,0.0,,327,True
66073,2015,11,25,0.0,,328,True
66073,2015,11,26,0.0,,329,True
66073,2015,11,27,0.0,,330,True
66073,2015,11,28,0.0,,331,True
66073,2015,11,29,0.0,,332,True
66073,2015,11,30,0.0,,333,True
66073,2015,12,1,0.0,,334,True
66073,2015,12,2,0.0,,335,True
66073,2015,12,3,0.0,,336,True
66073,2015,12,4,0.0,,337,True
66073,2015,12,5,0.0,,338,True
66073,2015,12,6,0.0,,339,True
66073,2015,12,7,0.0,,340,True
66073,2015,12,8,0.0,,341,True
66073,2015,12,9,1.2,1.0,342,True
66073,2015,12,10,0.0,,343,True
66073,2015,12,11,0.0,,344,True
66073,2015,12,12,0.0,,345,True
66073,2015,12,13,0.0,,346,True
66073,2015,12,14,0.0,,347,True
66073,2015,12,15,0.0,,348,True
66073,2015,12,16,1.0,1.0,349,True
66073,2015,12,17,38.4,1.0,350,True
66073,2015,12,18,0.0,,351,True
66073,2015,12,19,0.0,,352,True
66073,2015,12,20,0.0,,353,True
66073,2015,12,21,0.0,,354,True
66073,2015,12,22,27.0,1.0,355,True
66073,2015,12,23,29.6,1.0,356,True
66073,2015,12,24,0.4,1.0,357,True
66073,2015,12,25,0.0,,358,True
66073,2015,12,28,5.4,3.0,361,True
66073,2015,12,29,0.0,,362,True
66073,2015,12,30,0.0,,363,True
66073,2015,12,31,0.0,,364,True
66073,2016,1,1,0.0,,365,True
66073,2016,1,2,0.0,,366,True
66073,2016,1,3,0.0,,367,True
66073,2016,1,4,10.0,1.0,368,True
66073,2016,1,5,41.0,1.0,369,True
66073,2016,1,6,48.0,1.0,370,True
66073,2016,1,8,0.0,,372,True
66073,2016,1,9,0.0,,373,True
66073,2016,1,10,0.0,,374,True
66073,2016,1,11,0.0,,375,True
66073,2016,1,12,0.0,,376,True
66073,2016,1,13,0.0,,377,True
66073,2016,1,14,0.0,,378,True
66073,2016,1,16,27.4,2.0,380,True
66073,2016,1,17,0.0,,381,True
66073,2016,1,18,0.0,,382,True
66073,2016,1,19,0.0,,383,True
66073,2016,1,20,0.0,,384,True
66073,2016,1,21,0.0,,385,True
66073,2016,1,24,0.0,,388,True
66073,2016,1,25,0.2,1.0,389,True
66073,2016,1,27,0.0,,391,True
66073,2016,1,28,0.0,,392,True
66073,2016,1,29,0.0,,393,True
66073,2016,2,1,0.0,,396,True
66073,2016,2,4,8.6,3.0,399,True
66073,2016,2,5,3.6,1.0,400,True
66073,2016,2,6,0.0,,401,True
66073,2016,2,7,0.0,,402,True
66073,2016,2,8,0.0,,403,True
66073,2016,2,9,0.0,,404,True
66073,2016,2,10,0.0,,405,True
66073,2016,2,11,0.0,,406,True
66073,2016,2,12,0.0,,407,True
66073,2016,2,13,0.0,,408,True
66073,2016,2,14,0.0,,409,True
66073,2016,2,15,0.0,,410,True
66073,2016,2,16,0.0,,411,True
66073,2016,2,17,0.0,,412,True
66073,2016,2,18,0.0,,413,True
66073,2016,2,19,0.0,,414,True
66073,2016,2,20,0.0,,415,True
66073,2016,2,22,22.2,2.0,417,True
66073,2016,2,23,0.0,,418,True
66073,2016,2,24,0.0,,419,True
66073,2016,2,25,0.0,,420,True
66073,2016,2,26,0.0,,421,True
66073,2016,2,27,0.0,,422,True
66073,2016,2,28,0.0,,423,True
66073,2016,2,29,0.0,,424,True
66073,2016,3,1,0.0,,425,True
66073,2016,3,2,0.0,,426,True
66073,2016,3,3,0.0,,427,True
66073,2016,3,4,0.0,,428,True
66073,2016,3,5,0.0,,429,True
66073,2016,3,6,0.0,,430,True
66073,2016,3,7,0.0,,431,True
66073,2016,3,8,0.0,,432,True
66073,2016,3,9,0.0,,433,True
66073,2016,3,10,0.0,,434,True
66073,2016,3,11,0.0,,435,True
66073,2016,3,12,0.0,,436,True
66073,2016,3,13,0.0,,437,True
66073,2016,3,14,0.0,,438,True
66073,2016,3,15,18.2,1.0,439,True
66073,2016,3,16,17.8,1.0,440,True
66073,2016,3,17,9.4,1.0,441,True
66073,2016,3,18,0.0,,442,True
66073,2016,3,19,1.8,1.0,443,True
66073,2016,3,20,0.4,1.0,444,True
66073,2016,3,21,85.0,1.0,445,True
66073,2016,3,22,39.8,1.0,446,True
66073,2016,3,23,0.0,,447,True
66073,2016,3,24,0.0,,448,True
66073,2016,3,25,0.0,,449,True
66073,2016,3,26,0.0,,450,True
66073,2016,3,28,24.2,2.0,452,True
66073,2016,3,29,0.2,1.0,453,True
66073,2016,3,30,4.6,1.0,454,True
66073,2016,3,31,0.0,,455,True
66073,2016,4,1,0.0,,456,True
66073,2016,4,2,0.0,,457,True
66073,2016,4,3,3.0,1.0,458,True
66073,2016,4,5,2.4,1.0,460,True
66073,2016,4,6,0.0,,461,True
66073,2016,4,7,0.0,,462,True
66073,2016,4,8,0.0,,463,True
66073,2016,4,9,0.0,,464,True
66073,2016,4,10,0.0,,465,True
66073,2016,4,11,0.0,,466,True
66073,2016,4,13,3.0,1.0,468,True
66073,2016,4,14,0.9,1.0,469,True
66073,2016,4,15,0.2,1.0,470,True
66073,2016,4,16,0.0,,471,True
66073,2016,4,17,3.0,1.0,472,True
66073,2016,4,18,6.2,1.0,473,True
66073,2016,4,19,1.0,1.0,474,True
66073,2016,4,20,0.2,1.0,475,True
66073,2016,4,21,0.0,,476,True
66073,2016,4,22,0.0,,477,True
66073,2016,4,23,6.4,1.0,478,True
66073,2016,4,24,3.0,1.0,479,True
66073,2016,4,25,0.0,,480,True
66073,2016,4,26,0.2,1.0,481,True
66073,2016,4,27,0.1,1.0,482,True
66073,2016,4,28,0.0,,483,True
66073,2016,4,29,0.0,,484,True
66073,2016,4,30,0.2,1.0,485,True
66073,2016,5,1,2.8,1.0,486,True
66073,2016,5,2,0.0,,487,True
66073,2016,5,3,0.0,,488,True
66073,2016,5,4,0.0,,489,True
66073,2016,5,5,0.0,,490,True
66073,2016,5,6,0.2,1.0,491,True
66073,2016,5,7,0.0,,492,True
66073,2016,5,8,0.2,1.0,493,True
66073,2016,5,9,2.2,1.0,494,True
66073,2016,5,10,0.4,1.0,495,True
66073,2016,5,11,0.0,,496,True
66073,2016,5,12,0.0,,497,True
66073,2016,5,13,0.0,,498,True
66073,2016,5,14,0.0,,499,True
66073,2016,5,15,0.0,,500,True
66073,2016,5,16,0.0,,501,True
66073,2016,5,17,0.0,,502,True
66073,2016,5,18,0.0,,503,True
66073,2016,5,19,0.0,,504,True
66073,2016,5,20,0.0,,505,True
66073,2016,5,21,0.0,,506,True
66073,2016,5,22,0.0,,507,True
66073,2016,5,23,0.0,,508,True
66073,2016,5,24,0.0,,509,True
66073,2016,5,25,0.0,,510,True
66073,2016,5,26,0.6,1.0,511,True
66073,2016,5,27,0.2,1.0,512,True
66073,2016,5,28,0.0,,513,True
66073,2016,5,29,4.6,1.0,514,True
66073,2016,5,30,0.0,,515,True
66073,2016,5,31,1.2,1.0,516,True
66073,2016,6,1,16.4,1.0,517,True
66073,2016,6,2,0.5,1.0,518,True
66073,2016,6,3,3.4,1.0,519,True
66073,2016,6,4,59.8,1.0,520,True
66073,2016,6,5,97.0,1.0,521,True
66073,2016,6,6,64.2,1.0,522,True
66073,2016,6,7,0.2,1.0,523,True
66073,2016,6,8,0.0,,524,True
66073,2016,6,9,0.8,1.0,525,True
66073,2016,6,10,0.2,1.0,526,True
66073,2016,6,11,0.0,,527,True
66073,2016,6,12,0.0,,528,True
66073,2016,6,13,0.6,1.0,529,True
66073,2016,6,14,0.0,,530,True
66073,2016,6,15,0.0,,531,True
66073,2016,6,16,0.0,,532,True
66073,2016,6,17,0.0,,533,True
66073,2016,6,18,6.6,1.0,534,True
66073,2016,6,19,1.4,1.0,535,True
66073,2016,6,20,24.4,1.0,536,True
66073,2016,6,21,0.0,,537,True
66073,2016,6,22,0.0,,538,True
66073,2016,6,23,0.0,,539,True
66073,2016,6,24,0.0,,540,True
66073,2016,6,25,0.4,1.0,541,True
66073,2016,6,26,0.0,,542,True
66073,2016,6,27,0.2,1.0,543,True
66073,2016,6,28,3.4,1.0,544,True
66073,2016,6,29,0.0,,545,True
66073,2016,6,30,0.0,,546,True
66073,2016,7,1,0.0,,547,True
66073,2016,7,2,0.0,,548,True
66073,2016,7,3,0.0,,549,True
66073,2016,7,4,0.0,,550,True
66073,2016,7,5,5.0,1.0,551,True
66073,2016,7,6,0.4,1.0,552,True
66073,2016,7,7,24.8,1.0,553,True
66073,2016,7,8,12.8,1.0,554,True
66073,2016,7,10,4.0,2.0,556,True
66073,2016,7,11,0.0,,557,True
66073,2016,7,12,0.2,1.0,558,True
66073,2016,7,13,0.0,,559,True
66073,2016,7,14,0.0,,560,True
66073,2016,7,15,0.0,,561,True
66073,2016,7,16,0.0,,562,True
66073,2016,7,17,0.6,1.0,563,True
66073,2016,7,18,0.2,1.0,564,True
66073,2016,7,19,0.0,,565,True
66073,2016,7,20,13.6,1.0,566,True
66073,2016,7,21,25.0,1.0,567,True
66073,2016,7,22,0.2,1.0,568,True
66073,2016,7,23,5.8,1.0,569,True
66073,2016,7,24,0.0,,570,True
66073,2016,7,25,0.0,,571,True
66073,2016,7,26,0.0,,572,True
66073,2016,7,27,0.0,,573,True
66073,2016,7,28,0.0,,574,True
66073,2016,7,29,0.0,,575,True
66073,2016,7,30,0.0,,576,True
66073,2016,7,31,0.0,,577,True
66073,2016,8,1,0.0,,578,True
66073,2016,8,2,1.0,1.0,579,True
66073,2016,8,3,24.6,1.0,580,True
66073,2016,8,4,38.6,1.0,581,True
66073,2016,8,5,3.8,1.0,582,True
66073,2016,8,6,6.4,1.0,583,True
66073,2016,8,7,5.0,1.0,584,True
66073,2016,8,8,0.2,1.0,585,True
66073,2016,8,9,0.2,1.0,586,True
66073,2016,8,10,0.0,,587,True
66073,2016,8,11,0.0,,588,True
66073,2016,8,12,0.0,,589,True
66073,2016,8,13,0.0,,590,True
66073,2016,8,15,0.1,2.0,592,True
66073,2016,8,16,0.0,,593,True
66073,2016,8,17,0.0,,594,True
66073,2016,8,18,0.0,,595,True
66073,2016,8,19,0.0,,596,True
66073,2016,8,20,0.6,1.0,597,True
66073,2016,8,21,0.0,,598,True
66073,2016,8,22,0.0,,599,True
66073,2016,8,23,2.4,1.0,600,True
66073,2016,8,24,4.2,1.0,601,True
66073,2016,8,25,54.8,1.0,602,True
66073,2016,8,26,0.1,1.0,603,True
66073,2016,8,27,3.0,1.0,604,True
66073,2016,8,28,0.0,,605,True
66073,2016,8,29,0.0,,606,True
66073,2016,8,30,0.0,,607,True
66073,2016,8,31,0.0,,608,True
66073,2016,9,1,0.0,,609,True
66073,2016,9,2,14.4,1.0,610,True
66073,2016,9,3,28.2,1.0,611,True
66073,2016,9,4,0.1,1.0,612,True
66073,2016,9,5,0.0,,613,True
66073,2016,9,6,0.0,,614,True
66073,2016,9,7,0.0,,615,True
66073,2016,9,8,0.0,,616,True
66073,2016,9,9,0.0,,617,True
66073,2016,9,10,1.4,1.0,618,True
66073,2016,9,11,0.0,,619,True
66073,2016,9,12,0.0,,620,True
66073,2016,9,13,0.0,,621,True
66073,2016,9,14,6.2,1.0,622,True
66073,2016,9,15,0.0,,623,True
66073,2016,9,16,0.2,1.0,624,True
66073,2016,9,17,0.0,,625,True
66073,2016,9,18,0.0,,626,True
66073,2016,9,19,16.0,1.0,627,True
66073,2016,9,20,0.0,,628,True
66073,2016,9,21,0.0,,629,True
66073,2016,9,22,1.8,1.0,630,True
66073,2016,9,23,2.2,1.0,631,True
66073,2016,9,24,0.0,,632,True
66073,2016,9,25,4.2,1.0,633,True
66073,2016,9,26,5.8,1.0,634,True
66073,2016,9,27,0.0,,635,True
66073,2016,9,28,0.0,,636,True
66073,2016,9,29,2.0,1.0,637,True
66073,2016,9,30,1.0,1.0,638,True
66073,2016,10,1,0.0,,639,True
66073,2016,10,2,0.0,,640,True
66073,2016,10,3,0.0,,641,True
66073,2016,10,4,0.0,,642,True
66073,2016,10,5,0.0,,643,True
66073,2016,10,6,0.0,,644,True
66073,2016,10,7,0.0,,645,True
66073,2016,10,8,0.0,,646,True
66073,2016,10,9,0.0,,647,True
66073,2016,10,10,0.0,,648,True
66073,2016,10,11,3.6,1.0,649,True
66073,2016,10,12,0.0,,650,True
66073,2016,10,13,4.0,1.0,651,True
66073,2016,10,14,0.2,1.0,652,True
66073,2016,10,15,0.0,,653,True
66073,2016,10,16,0.0,,654,True
66073,2016,10,17,0.0,,655,True
66073,2016,10,18,3.4,1.0,656,True
66073,2016,10,19,0.0,,657,True
66073,2016,10,20,0.0,,658,True
66073,2016,10,21,0.0,,659,True
66073,2016,10,22,19.8,1.0,660,True
66073,2016,10,23,0.2,1.0,661,True
66073,2016,10,24,0.8,1.0,662,True
66073,2016,10,25,0.0,,663,True
66073,2016,10,26,0.0,,664,True
66073,2016,10,27,0.0,,665,True
66073,2016,10,28,1.0,1.0,666,True
66073,2016,10,29,4.4,1.0,667,True
66073,2016,10,30,0.0,,668,True
66073,2016,10,31,1.2,1.0,669,True
66073,2016,11,1,0.0,,670,True
66073,2016,11,2,0.0,,671,True
66073,2016,11,3,0.0,,672,True
66073,2016,11,4,0.0,,673,True
66073,2016,11,5,0.0,,674,True
66073,2016,11,6,0.0,,675,True
66073,2016,11,7,0.0,,676,True
66073,2016,11,8,0.0,,677,True
66073,2016,11,9,2.8,1.0,678,True
66073,2016,11,10,10.4,1.0,679,True
66073,2016,11,11,0.0,,680,True
66073,2016,11,12,10.2,1.0,681,True
66073,2016,11,13,0.0,,682,True
66073,2016,11,14,0.0,,683,True
66073,2016,11,15,0.4,1.0,684,True
66073,2016,11,16,0.0,,685,True
66073,2016,11,17,0.0,,686,True
66073,2016,11,18,0.0,,687,True
66073,2016,11,19,0.0,,688,True
66073,2016,11,20,0.0,,689,True
66073,2016,11,21,0.0,,690,True
66073,2016,11,22,0.0,,691,True
66073,2016,11,23,0.0,,692,True
66073,2016,11,24,2.6,1.0,693,True
66073,2016,11,25,0.0,,694,True
66073,2016,11,26,0.0,,695,True
66073,2016,11,27,0.0,,696,True
66073,2016,11,28,0.0,,697,True
66073,2016,11,29,0.0,,698,True
66073,2016,11,30,0.0,,699,True
66073,2016,12,1,0.0,,700,True
66073,2016,12,2,0.4,1.0,701,True
66073,2016,12,3,0.0,,702,True
66073,2016,12,4,0.0,,703,True
66073,2016,12,5,1.4,1.0,704,True
66073,2016,12,6,3.2,1.0,705,True
66073,2016,12,7,5.0,1.0,706,True
66073,2016,12,8,0.0,,707,True
66073,2016,12,9,1.2,1.0,708,True
66073,2016,12,10,0.0,,709,True
66073,2016,12,11,0.0,,710,True
66073,2016,12,12,0.0,,711,True
66073,2016,12,13,0.0,,712,True
66073,2016,12,14,0.0,,713,True
66073,2016,12,15,5.6,1.0,714,True
66073,2016,12,16,30.4,1.0,715,True
66073,2016,12,17,8.4,1.0,716,True
66073,2016,12,18,0.2,1.0,717,True
66073,2016,12,19,0.0,,718,True
66073,2016,12,20,0.0,,719,True
66073,2016,12,21,0.0,,720,True
66073,2016,12,22,0.0,,721,True
66073,2016,12,23,0.0,,722,True
66073,2016,12,24,0.0,,723,True
66073,2016,12,25,0.4,1.0,724,True
66073,2016,12,26,0.0,,725,True
66073,2016,12,27,0.0,,726,True
66073,2016,12,28,0.0,,727,True
66073,2016,12,29,0.0,,728,True
66073,2016,12,30,0.0,,729,True
66073,2016,12,31,0.0,,730,True
66073,2017,1,1,0.0,,731,True
66073,2017,1,2,1.2,1.0,732,True
66073,2017,1,3,3.8,1.0,733,True
66073,2017,1,4,0.2,1.0,734,True
66073,2017,1,5,8.8,1.0,735,True
66073,2017,1,6,10.6,1.0,736,True
66073,2017,1,7,4.2,1.0,737,True
66073,2017,1,8,0.0,,738,True
66073,2017,1,9,0.0,,739,True
66073,2017,1,10,0.8,1.0,740,True
66073,2017,1,11,0.0,,741,True
66073,2017,1,12,0.0,,742,True
66073,2017,1,13,0.0,,743,True
66073,2017,1,14,0.0,,744,True
66073,2017,1,15,0.0,,745,True
66073,2017,1,16,0.0,,746,True
66073,2017,1,17,0.0,,747,True
66073,2017,1,18,0.0,,748,True
66073,2017,1,19,0.0,,749,True
66073,2017,1,20,0.0,,750,True
66073,2017,1,21,6.8,1.0,751,True
66073,2017,1,22,0.0,,752,True
66073,2017,1,23,0.0,,753,True
66073,2017,1,24,0.0,,754,True
66073,2017,1,25,10.4,1.0,755,True
66073,2017,1,26,0.0,,756,True
66073,2017,1,27,0.2,1.0,757,True
66073,2017,1,28,0.0,,758,True
66073,2017,1,29,0.0,,759,True
66073,2017,1,30,0.0,,760,True
66073,2017,1,31,4.6,1.0,761,True
66073,2017,2,1,0.4,1.0,762,True
66073,2017,2,2,1.0,1.0,763,True
66073,2017,2,3,0.0,,764,True
66073,2017,2,4,0.0,,765,True
66073,2017,2,5,0.0,,766,True
66073,2017,2,6,0.0,,767,True
66073,2017,2,7,10.2,1.0,768,True
66073,2017,2,8,83.2,1.0,769,True
66073,2017,2,9,3.4,1.0,770,True
66073,2017,2,10,0.0,,771,True
66073,2017,2,11,0.0,,772,True
66073,2017,2,12,0.0,,773,True
66073,2017,2,13,0.0,,774,True
66073,2017,2,14,0.0,,775,True
66073,2017,2,15,14.8,1.0,776,True
66073,2017,2,16,0.0,,777,True
66073,2017,2,17,0.0,,778,True
66073,2017,2,18,14.0,1.0,779,True
66073,2017,2,19,2.4,1.0,780,True
66073,2017,2,20,1.4,1.0,781,True
66073,2017,2,21,0.0,,782,True
66073,2017,2,22,0.0,,783,True
66073,2017,2,23,0.0,,784,True
66073,2017,2,24,0.0,,785,True
66073,2017,2,25,9.0,1.0,786,True
66073,2017,2,26,33.2,1.0,787,True
66073,2017,2,28,30.2,2.0,789,True
66073,2017,3,1,23.2,1.0,790,True
66073,2017,3,2,8.6,1.0,791,True
66073,2017,3,3,23.8,1.0,792,True
66073,2017,3,4,29.0,1.0,793,True
66073,2017,3,5,1.8,1.0,794,True
66073,2017,3,6,2.2,1.0,795,True
66073,2017,3,7,0.2,1.0,796,True
66073,2017,3,8,2.2,1.0,797,True
66073,2017,3,9,0.8,1.0,798,True
66073,2017,3,10,0.2,1.0,799,True
66073,2017,3,11,0.0,,800,True
66073,2017,3,12,0.0,,801,True
66073,2017,3,13,0.0,,802,True
66073,2017,3,14,0.2,1.0,803,True
66073,2017,3,15,29.0,1.0,804,True
66073,2017,3,16,7.8,1.0,805,True
66073,2017,3,17,16.8,1.0,806,True
66073,2017,3,18,27.8,1.0,807,True
66073,2017,3,19,5.8,1.0,808,True
66073,2017,3,20,0.2,1.0,809,True
66073,2017,3,21,0.0,,810,True
66073,2017,3,22,17.8,1.0,811,True
66073,2017,3,23,4.2,1.0,812,True
66073,2017,3,24,12.6,1.0,813,True
66073,2017,3,25,2.0,1.0,814,True
66073,2017,3,26,0.2,1.0,815,True
66073,2017,3,27,0.2,1.0,816,True
66073,2017,3,28,0.0,,817,True
66073,2017,3,29,0.0,,818,True
66073,2017,3,30,0.0,,819,True
66073,2017,3,31,32.2,1.0,820,True
66073,2017,4,1,0.6,1.0,821,True
66073,2017,4,2,0.0,,822,True
66073,2017,4,3,26.6,1.0,823,True
66073,2017,4,4,7.2,1.0,824,True
66073,2017,4,5,1.8,1.0,825,True
66073,2017,4,6,0.0,,826,True
66073,2017,4,7,0.0,,827,True
66073,2017,4,8,0.0,,828,True
66073,2017,4,9,0.0,,829,True
66073,2017,4,10,7.2,1.0,830,True
66073,2017,4,11,0.2,1.0,831,True
66073,2017,4,12,4.4,1.0,832,True
66073,2017,4,13,27.2,1.0,833,True
66073,2017,4,14,0.0,,834,True
66073,2017,4,15,0.0,,835,True
66073,2017,4,16,0.0,,836,True
66073,2017,4,17,0.0,,837,True
66073,2017,4,18,0.0,,838,True
66073,2017,4,19,0.0,,839,True
66073,2017,4,20,4.4,1.0,840,True
66073,2017,4,21,0.0,,841,True
66073,2017,4,22,0.0,,842,True
66073,2017,4,23,0.0,,843,True
66073,2017,4,24,0.0,,844,True
66073,2017,4,25,0.0,,845,True
66073,2017,4,26,1.4,1.0,846,True
66073,2017,4,27,0.2,1.0,847,True
66073,2017,4,28,0.1,1.0,848,True
66073,2017,4,29,0.0,,849,True
66073,2017,4,30,0.0,,850,True
66073,2017,5,1,0.2,1.0,851,True
66073,2017,5,2,0.0,,852,True
66073,2017,5,3,6.2,1.0,853,True
66073,2017,5,4,1.4,1.0,854,True
66073,2017,5,5,0.6,1.0,855,True
66073,2017,5,6,0.0,,856,True
66073,2017,5,7,0.6,1.0,857,True
66073,2017,5,8,0.0,,858,True
66073,2017,5,9,0.1,1.0,859,True
66073,2017,5,10,0.0,,860,True
66073,2017,5,11,0.0,,861,True
66073,2017,5,12,0.0,,862,True
66073,2017,5,13,4.0,1.0,863,True
66073,2017,5,14,0.0,,864,True
66073,2017,5,15,6.4,1.0,865,True
66073,2017,5,16,0.0,,866,True
66073,2017,5,17,0.0,,867,True
66073,2017,5,18,0.0,,868,True
66073,2017,5,19,0.0,,869,True
66073,2017,5,20,23.2,1.0,870,True
66073,2017,5,21,2.6,1.0,871,True
66073,2017,5,22,0.2,1.0,872,True
66073,2017,5,23,0.0,,873,True
66073,2017,5,24,2.0,1.0,874,True
66073,2017,5,25,0.0,,875,True
66073,2017,5,26,0.0,,876,True
66073,2017,5,27,0.0,,877,True
66073,2017,5,28,0.0,,878,True
66073,2017,5,29,0.0,,879,True
66073,2017,5,30,0.0,,880,True
66073,2017,5,31,0.0,,881,True
66073,2017,6,1,1.2,1.0,882,True
66073,2017,6,2,0.0,,883,True
66073,2017,6,3,0.0,,884,True
66073,2017,6,4,1.0,1.0,885,True
66073,2017,6,5,0.2,1.0,886,True
66073,2017,6,6,0.0,,887,True
66073,2017,6,7,56.2,1.0,888,True
66073,2017,6,8,51.0,1.0,889,True
66073,2017,6,9,3.4,1.0,890,True
66073,2017,6,10,33.6,1.0,891,True
66073,2017,6,11,6.4,1.0,892,True
66073,2017,6,12,1.2,1.0,893,True
66073,2017,6,13,0.1,1.0,894,True
66073,2017,6,14,5.8,1.0,895,True
66073,2017,6,15,0.2,1.0,896,True
66073,2017,6,16,0.0,,897,True
66073,2017,6,17,1.0,1.0,898,True
66073,2017,6,18,4.2,1.0,899,True
66073,2017,6,19,1.4,1.0,900,True
66073,2017,6,20,5.4,1.0,901,True
66073,2017,6,21,0.2,1.0,902,True
66073,2017,6,22,0.2,1.0,903,True
66073,2017,6,23,0.2,1.0,904,True
66073,2017,6,24,0.0,,905,True
66073,2017,6,25,0.0,,906,True
66073,2017,6,26,0.0,,907,True
66073,2017,6,27,0.0,,908,True
66073,2017,6,28,0.0,,909,True
66073,2017,6,29,1.4,1.0,910,True
66073,2017,6,30,0.2,1.0,911,True
66073,2017,7,1,0.0,,912,True
66073,2017,7,2,0.0,,913,True
66073,2017,7,3,0.0,,914,True
66073,2017,7,4,0.2,1.0,915,True
66073,2017,7,5,0.0,,916,True
66073,2017,7,6,0.0,,917,True
66073,2017,7,7,0.0,,918,True
66073,2017,7,8,0.0,,919,True
66073,2017,7,9,0.0,,920,True
66073,2017,7,10,0.0,,921,True
66073,2017,7,11,0.0,,922,True
66073,2017,7,12,2.0,1.0,923,True
66073,2017,7,13,18.4,1.0,924,True
66073,2017,7,14,0.0,,925,True
66073,2017,7,15,0.0,,926,True
66073,2017,7,16,0.2,1.0,927,True
66073,2017,7,17,0.0,,928,True
66073,2017,7,18,0.0,,929,True
66073,2017,7,19,0.0,,930,True
66073,2017,7,20,0.0,,931,True
66073,2017,7,21,0.0,,932,True
66073,2017,7,22,0.0,,933,True
66073,2017,7,23,0.0,,934,True
66073,2017,7,24,0.0,,935,True
66073,2017,7,25,0.0,,936,True
66073,2017,7,26,0.0,,937,True
66073,2017,7,27,0.0,,938,True
66073,2017,7,28,0.0,,939,True
66073,2017,7,29,0.0,,940,True
66073,2017,7,30,0.0,,941,True
66073,2017,8,1,5.8,1.0,943,True
66073,2017,8,2,0.0,,944,True
66073,2017,8,3,7.6,1.0,945,True
66073,2017,8,4,13.6,1.0,946,True
66073,2017,8,5,0.0,,947,True
66073,2017,8,6,0.0,,948,True
66073,2017,8,7,0.0,,949,True
66073,2017,8,8,0.0,,950,True
66073,2017,8,9,0.0,,951,True
66073,2017,8,10,0.0,,952,True
66073,2017,8,11,0.0,,953,True
66073,2017,8,12,0.0,,954,True
66073,2017,8,13,0.0,,955,True
66073,2017,8,14,0.0,,956,True
66073,2017,8,15,0.0,,957,True
66073,2017,8,16,0.4,1.0,958,True
66073,2017,8,17,0.0,,959,True
66073,2017,8,18,0.0,,960,True
66073,2017,8,19,0.0,,961,True
66073,2017,8,20,0.0,,962,True
66073,2017,8,21,0.0,,963,True
66073,2017,8,22,0.0,,964,True
66073,2017,8,23,0.0,,965,True
66073,2017,8,24,0.0,,966,True
66073,2017,8,25,0.4,1.0,967,True
66073,2017,8,26,0.0,,968,True
66073,2017,8,27,0.0,,969,True
66073,2017,8,28,1.6,1.0,970,True
66073,2017,8,29,0.0,,971,True
66073,2017,8,30,0.0,,972,True
66073,2017,8,31,0.0,,973,True
66073,2017,9,1,0.6,1.0,974,True
66073,2017,9,2,0.0,,975,True
66073,2017,9,3,0.0,,976,True
66073,2017,9,4,0.0,,977,True
66073,2017,9,5,0.0,,978,True
66073,2017,9,6,0.0,,979,True
66073,2017,9,7,0.0,,980,True
66073,2017,9,8,0.0,,981,True
66073,2017,9,9,0.0,,982,True
66073,2017,9,10,0.0,,983,True
66073,2017,9,11,0.0,,984,True
66073,2017,9,12,0.0,,985,True
66073,2017,9,13,0.0,,986,True
66073,2017,9,14,0.2,1.0,987,True
66073,2017,9,15,0.0,,988,True
66073,2017,9,16,0.0,,989,True
66073,2017,9,17,0.0,,990,True
66073,2017,9,18,0.0,,991,True
66073,2017,9,19,0.0,,992,True
66073,2017,9,20,0.0,,993,True
66073,2017,9,21,0.0,,994,True
66073,2017,9,22,0.0,,995,True
66073,2017,9,23,0.0,,996,True
66073,2017,9,24,0.0,,997,True
66073,2017,9,25,0.0,,998,True
66073,2017,9,26,0.0,,999,True
66073,2017,9,27,0.0,,1000,True
66073,2017,9,28,0.0,,1001,True
66073,2017,9,29,0.0,,1002,True
66073,2017,9,30,0.0,,1003,True
66073,2017,10,1,0.0,,1004,True
66073,2017,10,2,0.0,,1005,True
66073,2017,10,3,0.0,,1006,True
66073,2017,10,4,0.0,,1007,True
66073,2017,10,5,0.0,,1008,True
66073,2017,10,6,0.0,,1009,True
66073,2017,10,7,0.0,,1010,True
66073,2017,10,8,0.0,,1011,True
66073,2017,10,9,1.0,1.0,1012,True
66073,2017,10,10,0.0,,1013,True
66073,2017,10,11,0.0,,1014,True
66073,2017,10,12,2.0,1.0,1015,True
66073,2017,10,13,0.0,,1016,True
66073,2017,10,14,0.0,,1017,True
66073,2017,10,15,0.8,1.0,1018,True
66073,2017,10,16,0.0,,1019,True
66073,2017,10,17,0.0,,1020,True
66073,2017,10,18,0.0,,1021,True
66073,2017,10,19,0.2,1.0,1022,True
66073,2017,10,20,8.8,1.0,1023,True
66073,2017,10,21,17.4,1.0,1024,True
66073,2017,10,22,0.0,,1025,True
66073,2017,10,23,7.4,1.0,1026,True
66073,2017,10,24,0.0,,1027,True
66073,2017,10,25,0.0,,1028,True
66073,2017,10,26,0.2,1.0,1029,True
66073,2017,10,27,22.6,1.0,1030,True
66073,2017,10,28,1.0,1.0,1031,True
66073,2017,10,29,0.0,,1032,True
66073,2017,10,30,0.0,,1033,True
66073,2017,10,31,0.0,,1034,True
66073,2017,11,1,0.0,,1035,True
66073,2017,11,2,0.0,,1036,True
66073,2017,11,3,0.0,,1037,True
66073,2017,11,4,1.8,1.0,1038,True
66073,2017,11,5,56.8,1.0,1039,True
66073,2017,11,6,5.0,1.0,1040,True
66073,2017,11,7,2.4,1.0,1041,True
66073,2017,11,8,0.0,,1042,True
66073,2017,11,9,0.0,,1043,True
66073,2017,11,10,0.0,,1044,True
66073,2017,11,11,0.0,,1045,True
66073,2017,11,12,0.0,,1046,True
66073,2017,11,13,0.0,,1047,True
66073,2017,11,14,0.0,,1048,True
66073,2017,11,15,0.0,,1049,True
66073,2017,11,16,0.0,,1050,True
66073,2017,11,17,0.6,1.0,1051,True
66073,2017,11,18,3.0,1.0,1052,True
66073,2017,11,19,8.4,1.0,1053,True
66073,2017,11,20,0.8,1.0,1054,True
66073,2017,11,21,1.0,1.0,1055,True
66073,2017,11,22,7.0,1.0,1056,True
66073,2017,11,23,0.8,1.0,1057,True
66073,2017,11,24,0.0,,1058,True
66073,2017,11,25,0.0,,1059,True
66073,2017,11,26,0.0,,1060,True
66073,2017,11,27,0.0,,1061,True
66073,2017,11,28,0.0,,1062,True
66073,2017,11,29,0.6,1.0,1063,True
66073,2017,11,30,0.0,,1064,True
66073,2017,12,1,0.0,,1065,True
66073,2017,12,2,0.0,,1066,True
66073,2017,12,3,9.4,1.0,1067,True
66073,2017,12,4,0.2,1.0,1068,True
66073,2017,12,5,16.4,1.0,1069,True
66073,2017,12,6,0.1,1.0,1070,True
66073,2017,12,7,4.0,1.0,1071,True
66073,2017,12,8,0.0,,1072,True
66073,2017,12,9,0.0,,1073,True
66073,2017,12,10,0.0,,1074,True
66073,2017,12,11,0.0,,1075,True
66073,2017,12,12,0.0,,1076,True
66073,2017,12,13,0.0,,1077,True
66073,2017,12,14,0.0,,1078,True
66073,2017,12,15,0.0,,1079,True
66073,2017,12,16,2.0,1.0,1080,True
66073,2017,12,17,1.2,1.0,1081,True
66073,2017,12,18,0.1,1.0,1082,True
66073,2017,12,19,0.0,,1083,True
66073,2017,12,20,0.0,,1084,True
66073,2017,12,21,2.4,1.0,1085,True
66073,2017,12,22,0.0,,1086,True
66073,2017,12,23,0.0,,1087,True
66073,2017,12,24,0.0,,1088,True
66073,2017,12,25,2.2,1.0,1089,True
66073,2017,12,26,0.0,,1090,True
66073,2017,12,27,3.8,1.0,1091,True
66073,2017,12,28,0.0,,1092,True
66073,2017,12,29,0.0,,1093,True
66073,2017,12,30,3.8,1.0,1094,True
66073,2017,12,31,0.0,,1095,True
66073,2018,1,1,3.2,1.0,1096,True
66073,2018,1,2,0.0,,1097,True
66073,2018,1,3,4.0,1.0,1098,True
66073,2018,1,4,3.0,1.0,1099,True
66073,2018,1,5,1.2,1.0,1100,True
66073,2018,1,6,0.0,,1101,True
66073,2018,1,7,0.0,,1102,True
66073,2018,1,8,1.4,1.0,1103,True
66073,2018,1,9,14.0,1.0,1104,True
66073,2018,1,10,6.6,1.0,1105,True
66073,2018,1,11,0.0,,1106,True
66073,2018,1,12,0.0,,1107,True
66073,2018,1,13,0.0,,1108,True
66073,2018,1,14,2.0,1.0,1109,True
66073,2018,1,15,0.6,1.0,1110,True
66073,2018,1,16,0.2,1.0,1111,True
66073,2018,1,17,0.0,,1112,True
66073,2018,1,18,0.0,,1113,True
66073,2018,1,19,0.0,,1114,True
66073,2018,1,20,0.0,,1115,True
66073,2018,1,21,0.0,,1116,True
66073,2018,1,22,0.0,,1117,True
66073,2018,1,23,0.0,,1118,True
66073,2018,1,24,0.0,,1119,True
66073,2018,1,25,0.0,,1120,True
66073,2018,1,26,0.0,,1121,True
66073,2018,1,27,0.0,,1122,True
66073,2018,1,28,0.2,1.0,1123,True
66073,2018,1,29,0.0,,1124,True
66073,2018,1,30,0.0,,1125,True
66073,2018,1,31,1.4,1.0,1126,True
66073,2018,2,1,0.2,1.0,1127,True
66073,2018,2,2,3.4,1.0,1128,True
66073,2018,2,3,26.0,1.0,1129,True
66073,2018,2,4,1.6,1.0,1130,True
66073,2018,2,5,1.4,1.0,1131,True
66073,2018,2,6,0.0,,1132,True
66073,2018,2,7,0.2,1.0,1133,True
66073,2018,2,8,0.0,,1134,True
66073,2018,2,9,0.0,,1135,True
66073,2018,2,10,1.0,1.0,1136,True
66073,2018,2,11,3.0,1.0,1137,True
66073,2018,2,12,0.0,,1138,True
66073,2018,2,13,0.0,,1139,True
66073,2018,2,14,0.0,,1140,True
66073,2018,2,15,0.0,,1141,True
66073,2018,2,16,0.0,,1142,True
66073,2018,2,17,0.8,1.0,1143,True
66073,2018,2,18,0.0,,1144,True
66073,2018,2,19,0.0,,1145,True
66073,2018,2,20,6.2,1.0,1146,True
66073,2018,2,21,0.0,,1147,True
66073,2018,2,22,0.0,,1148,True
66073,2018,2,23,0.0,,1149,True
66073,2018,2,24,0.0,,1150,True
66073,2018,2,25,0.0,,1151,True
66073,2018,2,26,55.6,1.0,1152,True
66073,2018,2,27,2.0,1.0,1153,True
66073,2018,2,28,0.0,,1154,True
66073,2018,3,1,0.0,,1155,True
66073,2018,3,2,0.0,,1156,True
66073,2018,3,3,0.0,,1157,True
66073,2018,3,4,0.0,,1158,True
66073,2018,3,5,0.0,,1159,True
66073,2018,3,6,4.0,1.0,1160,True
66073,2018,3,7,4.2,1.0,1161,True
66073,2018,3,8,0.2,1.0,1162,True
66073,2018,3,9,0.0,,1163,True
66073,2018,3,10,0.2,1.0,1164,True
66073,2018,3,11,0.0,,1165,True
66073,2018,3,12,0.0,,1166,True
66073,2018,3,13,59.4,1.0,1167,True
66073,2018,3,14,18.5,1.0,1168,True
66073,2018,3,15,0.1,1.0,1169,True
66073,2018,3,16,0.0,,1170,True
66073,2018,3,17,0.0,,1171,True
66073,2018,3,18,0.0,,1172,True
66073,2018,3,19,0.0,,1173,True
66073,2018,3,20,0.0,,1174,True
66073,2018,3,21,4.0,1.0,1175,True
66073,2018,3,22,2.8,1.0,1176,True
66073,2018,3,23,5.0,1.0,1177,True
66073,2018,3,24,0.0,,1178,True
66073,2018,3,25,0.4,1.0,1179,True
66073,2018,3,26,4.4,1.0,1180,True
66073,2018,3,27,0.0,,1181,True
66073,2018,3,28,0.0,,1182,True
66073,2018,3,29,0.0,,1183,True
66073,2018,3,30,0.0,,1184,True
66073,2018,3,31,0.0,,1185,True
66073,2018,4,1,0.0,,1186,True
66073,2018,4,2,0.0,,1187,True
66073,2018,4,3,0.6,1.0,1188,True
66073,2018,4,4,0.0,,1189,True
66073,2018,4,5,0.0,,1190,True
66073,2018,4,6,0.0,,1191,True
66073,2018,4,7,0.0,,1192,True
66073,2018,4,8,0.0,,1193,True
66073,2018,4,9,0.0,,1194,True
66073,2018,4,10,0.4,1.0,1195,True
66073,2018,4,11,0.0,,1196,True
66073,2018,4,12,0.0,,1197,True
66073,2018,4,13,0.0,,1198,True
66073,2018,4,14,0.0,,1199,True
66073,2018,4,15,0.0,,1200,True
66073,2018,4,16,0.0,,1201,True
66073,2018,4,17,0.0,,1202,True
66073,2018,4,18,1.6,1.0,1203,True
66073,2018,4,19,0.0,,1204,True
66073,2018,4,20,0.0,,1205,True
66073,2018,4,21,0.0,,1206,True
66073,2018,4,22,0.0,,1207,True
66073,2018,4,23,0.0,,1208,True
66073,2018,4,24,0.0,,1209,True
66073,2018,4,25,0.2,1.0,1210,True
66073,2018,4,26,0.2,1.0,1211,True
66073,2018,4,27,0.0,,1212,True
66073,2018,4,28,9.2,1.0,1213,True
66073,2018,4,29,10.0,1.0,1214,True
66073,2018,4,30,22.8,1.0,1215,True
66073,2018,5,1,0.2,1.0,1216,True
66073,2018,5,2,0.0,,1217,True
66073,2018,5,3,0.0,,1218,True
66073,2018,5,4,0.0,,1219,True
66073,2018,5,5,0.0,,1220,True
66073,2018,5,6,0.0,,1221,True
66073,2018,5,7,0.0,,1222,True
66073,2018,5,8,0.0,,1223,True
66073,2018,5,9,0.0,,1224,True
66073,2018,5,10,0.0,,1225,True
66073,2018,5,11,0.0,,1226,True
66073,2018,5,12,5.0,1.0,1227,True
66073,2018,5,13,1.0,1.0,1228,True
66073,2018,5,14,15.6,1.0,1229,True
66073,2018,5,15,0.0,,1230,True
66073,2018,5,16,0.0,,1231,True
66073,2018,5,17,1.0,1.0,1232,True
66073,2018,5,18,0.0,,1233,True
66073,2018,5,19,0.0,,1234,True
66073,2018,5,20,0.0,,1235,True
66073,2018,5,21,0.0,,1236,True
66073,2018,5,22,0.0,,1237,True
66073,2018,5,23,0.0,,1238,True
66073,2018,5,24,0.0,,1239,True
66073,2018,5,25,1.0,1.0,1240,True
66073,2018,5,26,0.0,,1241,True
66073,2018,5,27,0.0,,1242,True
66073,2018,5,28,0.0,,1243,True
66073,2018,5,29,0.0,,1244,True
66073,2018,5,30,3.0,1.0,1245,True
66073,2018,5,31,1.0,1.0,1246,True
66073,2018,6,1,1.0,1.0,1247,True
66073,2018,6,2,1.4,1.0,1248,True
66073,2018,6,3,0.4,1.0,1249,True
66073,2018,6,4,4.4,1.0,1250,True
66073,2018,6,5,8.0,1.0,1251,True
66073,2018,6,6,40.6,1.0,1252,True
66073,2018,6,7,41.0,1.0,1253,True
66073,2018,6,8,0.2,1.0,1254,True
66073,2018,6,9,6.4,1.0,1255,True
66073,2018,6,10,5.6,1.0,1256,True
66073,2018,6,11,14.0,1.0,1257,True
66073,2018,6,12,0.2,1.0,1258,True
66073,2018,6,13,0.0,,1259,True
66073,2018,6,14,0.0,,1260,True
66073,2018,6,15,0.0,,1261,True
66073,2018,6,16,0.0,,1262,True
66073,2018,6,17,0.0,,1263,True
66073,2018,6,18,0.4,1.0,1264,True
66073,2018,6,19,16.4,1.0,1265,True
66073,2018,6,20,42.0,1.0,1266,True
66073,2018,6,21,6.4,1.0,1267,True
66073,2018,6,22,0.4,1.0,1268,True
66073,2018,6,23,0.0,,1269,True
66073,2018,6,24,0.0,,1270,True
66073,2018,6,25,0.0,,1271,True
66073,2018,6,26,0.0,,1272,True
66073,2018,6,27,2.4,1.0,1273,True
66073,2018,6,28,28.4,1.0,1274,True
66073,2018,6,29,9.0,1.0,1275,True
66073,2018,6,30,0.0,,1276,True
66073,2018,7,1,0.0,,1277,True
66073,2018,7,2,0.0,,1278,True
66073,2018,7,3,9.6,1.0,1279,True
66073,2018,7,4,0.0,,1280,True
66073,2018,7,5,0.0,,1281,True
66073,2018,7,6,0.0,,1282,True
66073,2018,7,7,0.0,,1283,True
66073,2018,7,8,0.0,,1284,True
66073,2018,7,9,0.0,,1285,True
66073,2018,7,10,0.0,,1286,True
66073,2018,7,11,0.0,,1287,True
66073,2018,7,12,0.0,,1288,True
66073,2018,7,13,0.0,,1289,True
66073,2018,7,14,0.0,,1290,True
66073,2018,7,15,0.0,,1291,True
66073,2018,7,16,0.0,,1292,True
66073,2018,7,17,0.0,,1293,True
66073,2018,7,18,0.0,,1294,True
66073,2018,7,19,0.0,,1295,True
66073,2018,7,20,0.0,,1296,True
66073,2018,7,21,0.0,,1297,True
66073,2018,7,22,0.0,,1298,True
66073,2018,7,23,0.0,,1299,True
66073,2018,7,24,0.0,,1300,True
66073,2018,7,25,0.0,,1301,True
66073,2018,7,26,0.0,,1302,True
66073,2018,7,27,0.0,,1303,True
66073,2018,7,28,0.0,,1304,True
66073,2018,7,29,1.8,1.0,1305,True
66073,2018,7,30,0.0,,1306,True
66073,2018,7,31,0.0,,1307,True
66073,2018,8,1,0.0,,1308,True
66073,2018,8,2,0.0,,1309,True
66073,2018,8,3,0.0,,1310,True
66073,2018,8,4,0.2,1.0,1311,True
66073,2018,8,5,0.0,,1312,True
66073,2018,8,6,2.0,1.0,1313,True
66073,2018,8,7,0.0,,1314,True
66073,2018,8,8,0.0,,1315,True
66073,2018,8,9,0.0,,1316,True
66073,2018,8,10,0.0,,1317,True
66073,2018,8,11,0.0,,1318,True
66073,2018,8,12,0.0,,1319,True
66073,2018,8,13,0.0,,1320,True
66073,2018,8,14,0.0,,1321,True
66073,2018,8,15,0.0,,1322,True
66073,2018,8,16,0.0,,1323,True
66073,2018,8,17,0.0,,1324,True
66073,2018,8,18,0.0,,1325,True
66073,2018,8,19,0.0,,1326,True
66073,2018,8,20,0.0,,1327,True
66073,2018,8,21,0.0,,1328,True
66073,2018,8,22,0.0,,1329,True
66073,2018,8,23,0.0,,1330,True
66073,2018,8,24,2.8,1.0,1331,True
66073,2018,8,25,1.0,1.0,1332,True
66073,2018,8,26,1.2,1.0,1333,True
66073,2018,8,27,1.2,1.0,1334,True
66073,2018,8,28,0.0,,1335,True
66073,2018,8,29,0.0,,1336,True
66073,2018,8,30,0.0,,1337,True
66073,2018,8,31,0.0,,1338,True
66073,2018,9,1,3.0,1.0,1339,True
66073,2018,9,2,0.8,1.0,1340,True
66073,2018,9,3,0.2,1.0,1341,True
66073,2018,9,4,6.6,1.0,1342,True
66073,2018,9,5,0.0,,1343,True
66073,2018,9,6,0.6,1.0,1344,True
66073,2018,9,7,5.0,1.0,1345,True
66073,2018,9,8,32.2,1.0,1346,True
66073,2018,9,9,0.6,1.0,1347,True
66073,2018,9,10,0.0,,1348,True
66073,2018,9,11,0.0,,1349,True
66073,2018,9,12,0.0,,1350,True
66073,2018,9,13,0.0,,1351,True
66073,2018,9,14,0.0,,1352,True
66073,2018,9,15,0.0,,1353,True
66073,2018,9,16,0.0,,1354,True
66073,2018,9,17,0.0,,1355,True
66073,2018,9,18,0.0,,1356,True
66073,2018,9,19,0.0,,1357,True
66073,2018,9,20,8.0,1.0,1358,True
66073,2018,9,21,0.0,,1359,True
66073,2018,9,22,0.0,,1360,True
66073,2018,9,23,0.0,,1361,True
66073,2018,9,24,0.2,1.0,1362,True
66073,2018,9,25,0.0,,1363,True
66073,2018,9,26,6.0,1.0,1364,True
66073,2018,9,27,0.8,1.0,1365,True
66073,2018,9,28,0.0,,1366,True
66073,2018,9,29,1.4,1.0,1367,True
66073,2018,9,30,0.0,,1368,True
66073,2018,10,1,0.0,,1369,True
66073,2018,10,2,0.0,,1370,True
66073,2018,10,3,0.0,,1371,True
66073,2018,10,4,2.6,1.0,1372,True
66073,2018,10,5,31.2,1.0,1373,True
66073,2018,10,6,17.0,1.0,1374,True
66073,2018,10,7,1.4,1.0,1375,True
66073,2018,10,8,13.4,1.0,1376,True
66073,2018,10,9,3.0,1.0,1377,True
66073,2018,10,10,0.2,1.0,1378,True
66073,2018,10,11,15.0,1.0,1379,True
66073,2018,10,12,12.8,1.0,1380,True
66073,2018,10,13,3.0,1.0,1381,True
66073,2018,10,14,10.0,1.0,1382,True
66073,2018,10,15,6.0,1.0,1383,True
66073,2018,10,16,7.4,1.0,1384,True
66073,2018,10,17,0.0,,1385,True
66073,2018,10,18,3.0,1.0,1386,True
66073,2018,10,19,2.0,1.0,1387,True
66073,2018,10,20,0.0,,1388,True
66073,2018,10,21,16.6,1.0,1389,True
66073,2018,10,22,0.0,,1390,True
66073,2018,10,23,0.0,,1391,True
66073,2018,10,24,0.0,,1392,True
66073,2018,10,25,0.0,,1393,True
66073,2018,10,26,0.0,,1394,True
66073,2018,10,27,0.0,,1395,True
66073,2018,10,28,1.2,1.0,1396,True
66073,2018,10,29,0.0,,1397,True
66073,2018,10,30,0.0,,1398,True
66073,2018,10,31,0.0,,1399,True
66073,2018,11,1,0.0,,1400,True
66073,2018,11,2,0.0,,1401,True
66073,2018,11,3,3.4,1.0,1402,True
66073,2018,11,4,0.0,,1403,True
66073,2018,11,5,0.0,,1404,True
66073,2018,11,6,0.2,1.0,1405,True
66073,2018,11,7,0.2,1.0,1406,True
66073,2018,11,8,20.6,1.0,1407,True
66073,2018,11,9,0.0,,1408,True
66073,2018,11,10,0.0,,1409,True
66073,2018,11,11,0.0,,1410,True
66073,2018,11,12,0.0,,1411,True
66073,2018,11,13,0.0,,1412,True
66073,2018,11,14,0.0,,1413,True
66073,2018,11,15,0.6,1.0,1414,True
66073,2018,11,16,0.4,1.0,1415,True
66073,2018,11,17,0.0,,1416,True
66073,2018,11,18,2.0,1.0,1417,True
66073,2018,11,19,0.0,,1418,True
66073,2018,11,20,0.0,,1419,True
66073,2018,11,21,0.0,,1420,True
66073,2018,11,22,3.0,1.0,1421,True
66073,2018,11,23,0.0,,1422,True
66073,2018,11,24,0.0,,1423,True
66073,2018,11,25,0.0,,1424,True
66073,2018,11,26,0.0,,1425,True
66073,2018,11,27,0.0,,1426,True
66073,2018,11,28,56.4,1.0,1427,True
66073,2018,11,29,26.6,1.0,1428,True
66073,2018,11,30,0.0,,1429,True
66073,2018,12,1,0.0,,1430,True
66073,2018,12,2,0.0,,1431,True
66073,2018,12,3,0.0,,1432,True
66073,2018,12,4,0.0,,1433,True
66073,2018,12,5,0.0,,1434,True
66073,2018,12,6,0.8,1.0,1435,True
66073,2018,12,7,0.0,,1436,True
66073,2018,12,8,0.0,,1437,True
66073,2018,12,9,0.0,,1438,True
66073,2018,12,10,0.0,,1439,True
66073,2018,12,11,0.0,,1440,True
66073,2018,12,12,0.0,,1441,True
66073,2018,12,13,2.0,1.0,1442,True
66073,2018,12,14,22.0,1.0,1443,True
66073,2018,12,15,12.8,1.0,1444,True
66073,2018,12,16,8.4,1.0,1445,True
66073,2018,12,17,0.0,,1446,True
66073,2018,12,18,0.0,,1447,True
66073,2018,12,19,0.0,,1448,True
66073,2018,12,20,7.6,1.0,1449,True
66073,2018,12,21,23.0,1.0,1450,True
66073,2018,12,22,4.2,1.0,1451,True
66073,2018,12,23,3.4,1.0,1452,True
66073,2018,12,24,0.0,,1453,True
66073,2018,12,25,0.0,,1454,True
66073,2018,12,26,0.0,,1455,True
66073,2018,12,27,0.0,,1456,True
66073,2018,12,28,0.0,,1457,True
66073,2018,12,29,0.0,,1458,True
66073,2018,12,30,0.0,,1459,True
66073,2018,12,31,0.0,,1460,True
66073,2019,1,1,6.8,1.0,1461,True
66073,2019,1,2,0.0,,1462,True
66073,2019,1,3,0.0,,1463,True
66073,2019,1,4,0.0,,1464,True
66073,2019,1,5,0.0,,1465,True
66073,2019,1,6,17.2,1.0,1466,True
66073,2019,1,7,0.2,1.0,1467,True
66073,2019,1,8,1.0,1.0,1468,True
66073,2019,1,9,6.4,1.0,1469,True
66073,2019,1,10,0.8,1.0,1470,True
66073,2019,1,11,0.4,1.0,1471,True
66073,2019,1,12,4.0,1.0,1472,True
66073,2019,1,13,0.0,,1473,True
66073,2019,1,14,0.0,,1474,True
66073,2019,1,15,0.0,,1475,True
66073,2019,1,16,0.0,,1476,True
66073,2019,1,17,0.0,,1477,True
66073,2019,1,18,0.0,,1478,True
66073,2019,1,19,0.0,,1479,True
66073,2019,1,20,0.0,,1480,True
66073,2019,1,21,0.4,1.0,1481,True
66073,2019,1,22,0.4,1.0,1482,True
66073,2019,1,23,1.6,1.0,1483,True
66073,2019,1,24,0.2,1.0,1484,True
66073,2019,1,25,0.0,,1485,True
66073,2019,1,26,0.0,,1486,True
66073,2019,1,27,3.0,1.0,1487,True
66073,2019,1,28,2.0,1.0,1488,True
66073,2019,1,29,0.0,,1489,True
66073,2019,1,30,0.0,,1490,True
66073,2019,1,31,0.0,,1491,True
66073,2019,2,1,2.2,1.0,1492,True
66073,2019,2,2,12.2,1.0,1493,True
66073,2019,2,3,0.6,1.0,1494,True
66073,2019,2,4,0.0,,1495,True
66073,2019,2,5,0.0,,1496,True
66073,2019,2,6,0.0,,1497,True
66073,2019,2,7,0.0,,1498,True
66073,2019,2,8,0.0,,1499,True
66073,2019,2,9,17.6,1.0,1500,True
66073,2019,2,10,0.0,,1501,True
66073,2019,2,11,0.0,,1502,True
66073,2019,2,12,0.0,,1503,True
66073,2019,2,13,0.0,,1504,True
66073,2019,2,14,0.0,,1505,True
66073,2019,2,15,0.0,,1506,True
66073,2019,2,16,0.0,,1507,True
66073,2019,2,17,0.0,,1508,True
66073,2019,2,18,0.0,,1509,True
66073,2019,2,19,0.0,,1510,True
66073,2019,2,20,4.6,1.0,1511,True
66073,2019,2,21,1.4,1.0,1512,True
66073,2019,2,22,12.6,1.0,1513,True
66073,2019,2,23,12.8,1.0,1514,True
66073,2019,2,24,14.2,1.0,1515,True
66073,2019,2,25,0.6,1.0,1516,True
66073,2019,2,26,0.0,,1517,True
66073,2019,2,27,0.0,,1518,True
66073,2019,2,28,0.0,,1519,True
66073,2019,3,1,0.0,,1520,True
66073,2019,3,2,0.0,,1521,True
66073,2019,3,3,3.4,1.0,1522,True
66073,2019,3,4,0.0,,1523,True
66073,2019,3,5,0.0,,1524,True
66073,2019,3,6,0.0,,1525,True
66073,2019,3,7,2.0,1.0,1526,True
66073,2019,3,8,0.0,,1527,True
66073,2019,3,9,0.2,1.0,1528,True
66073,2019,3,10,3.7,1.0,1529,True
66073,2019,3,11,0.0,,1530,True
66073,2019,3,12,0.0,,1531,True
66073,2019,3,13,4.2,1.0,1532,True
66073,2019,3,14,9.0,1.0,1533,True
66073,2019,3,15,12.6,1.0,1534,True
66073,2019,3,16,11.8,1.0,1535,True
66073,2019,3,17,40.0,1.0,1536,True
66073,2019,3,18,72.0,1.0,1537,True
66073,2019,3,19,4.2,1.0,1538,True
66073,2019,3,20,1.6,1.0,1539,True
66073,2019,3,21,12.6,1.0,1540,True
66073,2019,3,22,4.8,1.0,1541,True
66073,2019,3,23,1.0,1.0,1542,True
66073,2019,3,24,0.0,,1543,True
66073,2019,3,25,3.8,1.0,1544,True
66073,2019,3,26,0.4,1.0,1545,True
66073,2019,3,27,0.0,,1546,True
66073,2019,3,28,0.2,1.0,1547,True
66073,2019,3,29,0.0,,1548,True
66073,2019,3,30,31.2,1.0,1549,True
66073,2019,3,31,0.0,,1550,True
66073,2019,4,1,0.0,,1551,True
66073,2019,4,2,1.6,1.0,1552,True
66073,2019,4,3,2.0,1.0,1553,True
66073,2019,4,4,0.2,1.0,1554,True
66073,2019,4,5,4.0,1.0,1555,True
66073,2019,4,6,3.0,1.0,1556,True
66073,2019,4,7,0.0,,1557,True
66073,2019,4,8,0.0,,1558,True
66073,2019,4,9,0.0,,1559,True
66073,2019,4,10,0.2,1.0,1560,True
66073,2019,4,11,0.0,,1561,True
66073,2019,4,12,0.0,,1562,True
66073,2019,4,13,0.0,,1563,True
66073,2019,4,14,0.0,,1564,True
66073,2019,4,15,0.0,,1565,True
66073,2019,4,16,0.0,,1566,True
66073,2019,4,17,0.0,,1567,True
66073,2019,4,18,0.0,,1568,True
66073,2019,4,19,0.0,,1569,True
66073,2019,4,20,0.0,,1570,True
66073,2019,4,21,0.0,,1571,True
66073,2019,4,22,0.0,,1572,True
66073,2019,4,23,1.0,1.0,1573,True
66073,2019,4,24,0.6,1.0,1574,True
66073,2019,4,25,0.0,,1575,True
66073,2019,4,26,0.0,,1576,True
66073,2019,4,27,0.0,,1577,True
66073,2019,4,28,0.0,,1578,True
66073,2019,4,29,0.0,,1579,True
66073,2019,4,30,0.2,1.0,1580,True
66073,2019,5,1,0.0,,1581,True
66073,2019,5,2,0.0,,1582,True
66073,2019,5,3,0.2,1.0,1583,True
66073,2019,5,4,8.8,1.0,1584,True
66073,2019,5,5,1.2,1.0,1585,True
66073,2019,5,6,3.0,1.0,1586,True
66073,2019,5,7,0.0,,1587,True
66073,2019,5,8,0.0,,1588,True
66073,2019,5,9,0.0,,1589,True
66073,2019,5,10,0.0,,1590,True
66073,2019,5,11,0.0,,1591,True
66073,2019,5,12,0.0,,1592,True
66073,2019,5,13,0.0,,1593,True
66073,2019,5,14,0.0,,1594,True
66073,2019,5,15,0.0,,1595,True
66073,2019,5,16,0.0,,1596,True
66073,2019,5,17,0.0,,1597,True
66073,2019,5,18,0.0,,1598,True
66073,2019,5,19,0.0,,1599,True
66073,2019,5,20,0.0,,1600,True
66073,2019,5,21,0.0,,1601,True
66073,2019,5,22,0.0,,1602,True
66073,2019,5,23,0.0,,1603,True
66073,2019,5,24,0.0,,1604,True
66073,2019,5,25,0.0,,1605,True
66073,2019,5,26,0.0,,1606,True
66073,2019,5,27,0.0,,1607,True
66073,2019,5,28,0.2,1.0,1608,True
66073,2019,5,29,0.0,,1609,True
66073,2019,5,30,0.0,,1610,True
66073,2019,5,31,0.0,,1611,True
66073,2019,6,1,0.0,,1612,True
66073,2019,6,2,0.0,,1613,True
66073,2019,6,3,0.0,,1614,True
66073,2019,6,4,18.2,1.0,1615,True
66073,2019,6,5,14.2,1.0,1616,True
66073,2019,6,6,11.6,1.0,1617,True
66073,2019,6,7,0.0,,1618,True
66073,2019,6,8,5.0,1.0,1619,True
66073,2019,6,9,0.0,,1620,True
66073,2019,6,10,0.0,,1621,True
66073,2019,6,11,0.0,,1622,True
66073,2019,6,12,0.0,,1623,True
66073,2019,6,13,0.0,,1624,True
66073,2019,6,14,0.0,,1625,True
66073,2019,6,15,0.0,,1626,True
66073,2019,6,16,41.0,1.0,1627,True
66073,2019,6,17,21.0,1.0,1628,True
66073,2019,6,18,34.0,1.0,1629,True
66073,2019,6,19,1.6,1.0,1630,True
66073,2019,6,20,0.0,,1631,True
66073,2019,6,21,0.2,1.0,1632,True
66073,2019,6,22,0.0,,1633,True
66073,2019,6,23,9.0,1.0,1634,True
66073,2019,6,24,39.2,1.0,1635,True
66073,2019,6,25,11.0,1.0,1636,True
66073,2019,6,26,10.0,1.0,1637,True
66073,2019,6,27,4.0,1.0,1638,True
66073,2019,6,28,1.4,1.0,1639,True
66073,2019,6,29,0.0,,1640,True
66073,2019,6,30,0.0,,1641,True
66073,2019,7,1,0.0,,1642,True
66073,2019,7,2,0.0,,1643,True
66073,2019,7,3,0.0,,1644,True
66073,2019,7,4,2.8,1.0,1645,True
66073,2019,7,5,23.8,1.0,1646,True
66073,2019,7,6,3.4,1.0,1647,True
66073,2019,7,7,1.0,1.0,1648,True
66073,2019,7,8,0.2,1.0,1649,True
66073,2019,7,9,0.0,,1650,True
66073,2019,7,10,0.0,,1651,True
66073,2019,7,11,0.0,,1652,True
66073,2019,7,12,0.0,,1653,True
66073,2019,7,13,0.0,,1654,True
66073,2019,7,14,0.0,,1655,True
66073,2019,7,15,0.0,,1656,True
66073,2019,7,16,0.0,,1657,True
66073,2019,7,17,0.0,,1658,True
66073,2019,7,18,0.0,,1659,True
66073,2019,7,19,0.0,,1660,True
66073,2019,7,20,0.0,,1661,True
66073,2019,7,21,0.0,,1662,True
66073,2019,7,22,0.0,,1663,True
66073,2019,7,23,0.0,,1664,True
66073,2019,7,24,0.0,,1665,True
66073,2019,7,25,0.0,,1666,True
66073,2019,7,26,0.0,,1667,True
66073,2019,7,27,0.0,,1668,True
66073,2019,7,28,0.0,,1669,True
66073,2019,7,29,0.0,,1670,True
66073,2019,7,30,11.2,1.0,1671,True
66073,2019,7,31,12.8,1.0,1672,True
66073,2019,8,1,3.6,1.0,1673,True
66073,2019,8,2,0.5,1.0,1674,True
66073,2019,8,3,0.0,,1675,True
66073,2019,8,4,0.0,,1676,True
66073,2019,8,5,0.0,,1677,True
66073,2019,8,6,0.0,,1678,True
66073,2019,8,7,0.0,,1679,True
66073,2019,8,8,0.0,,1680,True
66073,2019,8,9,0.0,,1681,True
66073,2019,8,10,0.0,,1682,True
66073,2019,8,11,0.0,,1683,True
66073,2019,8,12,0.4,1.0,1684,True
66073,2019,8,13,0.0,,1685,True
66073,2019,8,14,0.0,,1686,True
66073,2019,8,15,0.0,,1687,True
66073,2019,8,16,0.0,,1688,True
66073,2019,8,17,0.0,,1689,True
66073,2019,8,18,0.0,,1690,True
66073,2019,8,19,0.0,,1691,True
66073,2019,8,20,0.0,,1692,True
66073,2019,8,21,0.0,,1693,True
66073,2019,8,22,0.0,,1694,True
66073,2019,8,23,0.0,,1695,True
66073,2019,8,24,0.0,,1696,True
66073,2019,8,25,0.0,,1697,True
66073,2019,8,26,1.2,1.0,1698,True
66073,2019,8,27,6.2,1.0,1699,True
66073,2019,8,28,0.6,1.0,1700,True
66073,2019,8,29,1.0,1.0,1701,True
66073,2019,8,30,32.8,1.0,1702,True
66073,2019,8,31,8.8,1.0,1703,True
66073,2019,9,1,0.0,,1704,True
66073,2019,9,2,0.0,,1705,True
66073,2019,9,3,0.0,,1706,True
66073,2019,9,4,0.0,,1707,True
66073,2019,9,5,0.0,,1708,True
66073,2019,9,6,0.0,,1709,True
66073,2019,9,7,0.2,1.0,1710,True
66073,2019,9,8,0.0,,1711,True
66073,2019,9,9,0.0,,1712,True
66073,2019,9,10,0.0,,1713,True
66073,2019,9,11,0.0,,1714,True
66073,2019,9,12,0.0,,1715,True
66073,2019,9,13,0.0,,1716,True
66073,2019,9,14,0.0,,1717,True
66073,2019,9,15,0.0,,1718,True
66073,2019,9,16,0.0,,1719,True
66073,2019,9,17,12.0,1.0,1720,True
66073,2019,9,18,50.0,1.0,1721,True
66073,2019,9,19,20.0,1.0,1722,True
66073,2019,9,20,0.8,1.0,1723,True
66073,2019,9,21,0.0,,1724,True
66073,2019,9,22,0.8,1.0,1725,True
66073,2019,9,23,0.0,,1726,True
66073,2019,9,24,0.0,,1727,True
66073,2019,9,25,0.0,,1728,True
66073,2019,9,26,0.0,,1729,True
66073,2019,9,27,0.0,,1730,True
66073,2019,9,28,0.0,,1731,True
66073,2019,9,29,0.0,,1732,True
66073,2019,9,30,5.0,1.0,1733,True
66073,2019,10,1,0.2,1.0,1734,True
66073,2019,10,2,0.0,,1735,True
66073,2019,10,3,0.0,,1736,True
66073,2019,10,4,0.0,,1737,True
66073,2019,10,5,15.0,1.0,1738,True
66073,2019,10,6,0.4,1.0,1739,True
66073,2019,10,7,0.0,,1740,True
66073,2019,10,8,0.0,,1741,True
66073,2019,10,9,0.6,1.0,1742,True
66073,2019,10,10,0.4,1.0,1743,True
66073,2019,10,11,0.0,,1744,True
66073,2019,10,12,2.5,1.0,1745,True
66073,2019,10,13,3.8,1.0,1746,True
66073,2019,10,14,0.0,,1747,True
66073,2019,10,15,0.0,,1748,True
66073,2019,10,16,0.0,,1749,True
66073,2019,10,17,0.0,,1750,True
66073,2019,10,18,0.0,,1751,True
66073,2019,10,19,0.0,,1752,True
66073,2019,10,20,0.0,,1753,True
66073,2019,10,21,0.0,,1754,True
66073,2019,10,22,0.0,,1755,True
66073,2019,10,23,0.0,,1756,True
66073,2019,10,24,0.0,,1757,True
66073,2019,10,25,0.0,,1758,True
66073,2019,10,26,0.0,,1759,True
66073,2019,10,27,0.0,,1760,True
66073,2019,10,28,0.0,,1761,True
66073,2019,10,29,0.0,,1762,True
66073,2019,10,30,0.0,,1763,True
66073,2019,10,31,0.0,,1764,True
66073,2019,11,1,0.0,,1765,True
66073,2019,11,2,0.0,,1766,True
66073,2019,11,3,0.0,,1767,True
66073,2019,11,4,13.4,1.0,1768,True
66073,2019,11,5,1.6,1.0,1769,True
66073,2019,11,6,0.0,,1770,True
66073,2019,11,7,0.0,,1771,True
66073,2019,11,8,0.0,,1772,True
66073,2019,11,9,0.0,,1773,True
66073,2019,11,10,0.0,,1774,True
66073,2019,11,11,0.0,,1775,True
66073,2019,11,12,0.0,,1776,True
66073,2019,11,13,0.0,,1777,True
66073,2019,11,14,0.0,,1778,True
66073,2019,11,15,0.0,,1779,True
66073,2019,11,16,0.0,,1780,True
66073,2019,11,17,0.0,,1781,True
66073,2019,11,18,0.0,,1782,True
66073,2019,11,19,0.0,,1783,True
66073,2019,11,20,0.0,,1784,True
66073,2019,11,21,0.0,,1785,True
66073,2019,11,22,0.0,,1786,True
66073,2019,11,23,3.4,1.0,1787,True
66073,2019,11,24,0.0,,1788,True
66073,2019,11,25,0.0,,1789,True
66073,2019,11,26,11.4,1.0,1790,True
66073,2019,11,27,0.8,1.0,1791,True
66073,2019,11,28,0.0,,1792,True
66073,2019,11,29,0.0,,1793,True
66073,2019,11,30,0.0,,1794,True
66073,2019,12,1,0.0,,1795,True
66073,2019,12,2,0.0,,1796,True
66073,2019,12,3,0.0,,1797,True
66073,2019,12,4,0.0,,1798,True
66073,2019,12,5,0.0,,1799,True
66073,2019,12,6,0.0,,1800,True
66073,2019,12,7,0.0,,1801,True
66073,2019,12,8,0.0,,1802,True
66073,2019,12,9,0.0,,1803,True
66073,2019,12,10,0.0,,1804,True
66073,2019,12,11,0.0,,1805,True
66073,2019,12,12,0.0,,1806,True
66073,2019,12,13,0.0,,1807,True
66073,2019,12,14,0.0,,1808,True
66073,2019,12,15,1.6,1.0,1809,True
66073,2019,12,16,0.0,,1810,True
66073,2019,12,17,0.0,,1811,True
66073,2019,12,18,0.0,,1812,True
66073,2019,12,19,0.0,,1813,True
66073,2019,12,20,0.0,,1814,True
66073,2019,12,21,0.0,,1815,True
66073,2019,12,22,0.0,,1816,True
66073,2019,12,23,0.0,,1817,True
66073,2019,12,24,0.2,1.0,1818,True
66073,2019,12,25,2.8,1.0,1819,True
66073,2019,12,26,0.0,,1820,True
66073,2019,12,27,0.0,,1821,True
66073,2019,12,28,0.0,,1822,True
66073,2019,12,29,0.0,,1823,True
66073,2019,12,30,0.0,,1824,True
66073,2019,12,31,0.0,,1825,True
66073,2020,1,1,0.0,,1826,False
66073,2020,1,2,0.0,,1827,False
66073,2020,1,3,0.0,,1828,False
66073,2020,1,4,0.0,,1829,False
66073,2020,1,5,0.0,,1830,False
66073,2020,1,6,0.0,,1831,False
66073,2020,1,7,0.0,,1832,False
66073,2020,1,8,0.0,,1833,False
66073,2020,1,9,0.0,,1834,False
66073,2020,1,10,0.0,,1835,False
66073,2020,1,11,0.0,,1836,False
66073,2020,1,12,0.0,,1837,False
66073,2020,1,13,0.0,,1838,False
66073,2020,1,14,0.0,,1839,False
66073,2020,1,15,0.0,,1840,False
66073,2020,1,16,4.6,1.0,1841,False
66073,2020,1,17,7.6,1.0,1842,False
66073,2020,1,18,31.2,1.0,1843,False
66073,2020,1,19,5.4,1.0,1844,False
66073,2020,1,20,0.0,,1845,False
66073,2020,1,21,2.0,1.0,1846,False
66073,2020,1,22,0.0,,1847,False
66073,2020,1,23,0.0,,1848,False
66073,2020,1,24,1.0,1.0,1849,False
66073,2020,1,25,0.0,,1850,False
66073,2020,1,26,0.0,,1851,False
66073,2020,1,27,0.0,,1852,False
66073,2020,1,28,0.0,,1853,False
66073,2020,1,29,0.0,,1854,False
66073,2020,1,30,0.0,,1855,False
66073,2020,1,31,0.0,,1856,False
66073,2020,2,1,0.0,,1857,True
66073,2020,2,2,0.0,,1858,True
66073,2020,2,3,14.0,1.0,1859,True
66073,2020,2,4,2.0,1.0,1860,True
66073,2020,2,5,0.0,,1861,True
66073,2020,2,6,0.0,,1862,True
66073,2020,2,7,45.0,1.0,1863,True
66073,2020,2,8,66.2,1.0,1864,True
66073,2020,2,9,62.0,1.0,1865,True
66073,2020,2,10,181.4,1.0,1866,True
66073,2020,2,11,0.0,,1867,True
66073,2020,2,12,0.4,1.0,1868,True
66073,2020,2,13,11.2,1.0,1869,True
66073,2020,2,14,1.0,1.0,1870,True
66073,2020,2,15,0.0,,1871,True
66073,2020,2,16,1.5,1.0,1872,True
66073,2020,2,17,0.0,,1873,True
66073,2020,2,18,0.5,1.0,1874,True
66073,2020,2,19,11.2,1.0,1875,True
66073,2020,2,20,0.0,,1876,True
66073,2020,2,21,0.0,,1877,True
66073,2020,2,22,0.0,,1878,True
66073,2020,2,23,0.0,,1879,True
66073,2020,2,24,1.0,1.0,1880,True
66073,2020,2,25,0.0,,1881,True
66073,2020,2,26,0.0,,1882,True
66073,2020,2,27,0.0,,1883,True
66073,2020,2,28,0.0,,1884,True
66073,2020,2,29,0.0,,1885,True
66073,2020,3,1,0.0,,1886,False
66073,2020,3,2,0.0,,1887,False
66073,2020,3,3,0.0,,1888,False
66073,2020,3,4,13.0,1.0,1889,False
66073,2020,3,5,5.8,1.0,1890,False
66073,2020,3,6,27.0,1.0,1891,False
66073,2020,3,7,0.2,1.0,1892,False
66073,2020,3,8,9.8,1.0,1893,False
66073,2020,3,9,10.2,1.0,1894,False
66073,2020,3,10,3.4,1.0,1895,False
66073,2020,3,11,0.0,,1896,False
66073,2020,3,12,0.3,1.0,1897,False
66073,2020,3,13,0.0,,1898,False
66073,2020,3,14,0.0,,1899,False
66073,2020,3,15,9.8,1.0,1900,False
66073,2020,3,16,15.4,1.0,1901,False
66073,2020,3,17,7.5,1.0,1902,False
66073,2020,3,18,0.6,1.0,1903,False
66073,2020,3,19,0.0,,1904,False
66073,2020,3,20,0.0,,1905,False
66073,2020,3,21,0.0,,1906,False
66073,2020,3,22,0.0,,1907,False
66073,2020,3,23,0.0,,1908,False
66073,2020,3,24,2.8,1.0,1909,False
66073,2020,3,25,0.0,,1910,False
66073,2020,3,26,12.0,1.0,1911,False
66073,2020,3,27,0.0,,1912,False
66073,2020,3,28,1.0,1.0,1913,False
66073,2020,3,29,13.2,1.0,1914,False
66073,2020,3,30,0.0,,1915,False
66073,2020,3,31,0.0,,1916,False
66073,2020,4,1,0.0,,1917,True
66073,2020,4,2,0.0,,1918,True
66073,2020,4,3,4.4,1.0,1919,True
66073,2020,4,4,7.6,1.0,1920,True
66073,2020,4,5,0.0,,1921,True
66073,2020,4,6,0.0,,1922,True
66073,2020,4,7,7.0,1.0,1923,True
66073,2020,4,8,4.0,1.0,1924,True
66073,2020,4,9,0.0,,1925,True
66073,2020,4,10,1.6,1.0,1926,True
66073,2020,4,11,5.0,1.0,1927,True
66073,2020,4,12,0.0,,1928,True
66073,2020,4,13,0.0,,1929,True
66073,2020,4,14,0.0,,1930,True
66073,2020,4,15,0.0,,1931,True
66073,2020,4,16,0.0,,1932,True
66073,2020,4,17,0.0,,1933,True
66073,2020,4,18,0.0,,1934,True
66073,2020,4,19,0.0,,1935,True
66073,2020,4,20,0.0,,1936,True
66073,2020,4,21,0.0,,1937,True
66073,2020,4,22,0.0,,1938,True
66073,2020,4,23,0.0,,1939,True
66073,2020,4,24,0.0,,1940,True
66073,2020,4,25,0.0,,1941,True
66073,2020,4,26,0.0,,1942,True
66073,2020,4,27,0.2,1.0,1943,True
66073,2020,4,28,0.0,,1944,True
66073,2020,4,29,2.2,1.0,1945,True
66073,2020,4,30,0.4,1.0,1946,True
66073,2020,5,1,14.8,1.0,1947,False
66073,2020,5,2,0.0,,1948,False
66073,2020,5,3,0.0,,1949,False
66073,2020,5,4,0.0,,1950,False
66073,2020,5,5,13.8,1.0,1951,False
66073,2020,5,6,0.0,,1952,False
66073,2020,5,7,0.0,,1953,False
66073,2020,5,8,0.0,,1954,False
66073,2020,5,9,0.0,,1955,False
66073,2020,5,10,0.0,,1956,False
66073,2020,5,11,0.0,,1957,False
66073,2020,5,12,0.0,,1958,False
66073,2020,5,13,0.0,,1959,False
66073,2020,5,14,0.2,1.0,1960,False
66073,2020,5,15,4.8,1.0,1961,False
66073,2020,5,16,11.0,1.0,1962,False
66073,2020,5,17,0.0,,1963,False
66073,2020,5,18,0.2,1.0,1964,False
66073,2020,5,19,0.3,1.0,1965,False
66073,2020,5,20,0.0,,1966,False
66073,2020,5,21,0.0,,1967,False
66073,2020,5,22,21.8,1.0,1968,False
66073,2020,5,23,2.6,1.0,1969,False
66073,2020,5,24,0.6,1.0,1970,False
66073,2020,5,25,0.0,,1971,False
66073,2020,5,26,52.5,1.0,1972,False
66073,2020,5,27,4.0,1.0,1973,False
66073,2020,5,28,0.0,,1974,False
66073,2020,5,29,0.0,,1975,False
66073,2020,5,30,8.6,1.0,1976,False
66073,2020,5,31,0.0,,1977,False
66073,2020,6,1,0.0,,1978,True
66073,2020,6,2,4.4,1.0,1979,True
66073,2020,6,3,0.3,1.0,1980,True
66073,2020,6,4,0.0,,1981,True
66073,2020,6,5,0.0,,1982,True
66073,2020,6,6,0.0,,1983,True
66073,2020,6,7,0.0,,1984,True
66073,2020,6,8,33.5,1.0,1985,True
66073,2020,6,9,6.0,1.0,1986,True
66073,2020,6,10,6.4,1.0,1987,True
66073,2020,6,11,8.2,1.0,1988,True
66073,2020,6,12,1.0,1.0,1989,True
66073,2020,6,13,7.2,1.0,1990,True
66073,2020,6,14,11.2,1.0,1991,True
66073,2020,6,15,0.0,,1992,True
66073,2020,6,16,0.0,,1993,True
66073,2020,6,17,0.0,,1994,True
66073,2020,6,18,1.6,1.0,1995,True
66073,2020,6,19,0.0,,1996,True
66073,2020,6,20,0.0,,1997,True
66073,2020,6,21,4.8,1.0,1998,True
66073,2020,6,22,1.6,1.0,1999,True
66073,2020,6,23,0.0,,2000,True
66073,2020,6,24,0.0,,2001,True
66073,2020,6,25,0.8,1.0,2002,True
66073,2020,6,26,0.0,,2003,True
66073,2020,6,27,1.4,1.0,2004,True
66073,2020,6,28,0.6,1.0,2005,True
66073,2020,6,29,23.6,1.0,2006,True
66073,2020,6,30,0.6,1.0,2007,True
66073,2020,7,1,0.0,,2008,True
66073,2020,7,2,0.0,,2009,True
66073,2020,7,3,0.0,,2010,True
66073,2020,7,4,2.2,1.0,2011,True
66073,2020,7,5,0.0,,2012,True
66073,2020,7,6,0.0,,2013,True
66073,2020,7,7,0.0,,2014,True
66073,2020,7,8,13.8,1.0,2015,True
66073,2020,7,9,0.2,1.0,2016,True
66073,2020,7,10,0.0,,2017,True
66073,2020,7,11,4.2,1.0,2018,True
66073,2020,7,12,0.8,1.0,2019,True
66073,2020,7,13,3.8,1.0,2020,True
66073,2020,7,14,11.2,1.0,2021,True
66073,2020,7,15,11.0,1.0,2022,True
66073,2020,7,16,0.0,,2023,True
66073,2020,7,17,1.0,1.0,2024,True
66073,2020,7,18,2.0,1.0,2025,True
66073,2020,7,19,0.0,,2026,True
66073,2020,7,20,0.0,,2027,True
66073,2020,7,21,0.0,,2028,True
66073,2020,7,22,0.0,,2029,True
66073,2020,7,23,0.0,,2030,True
66073,2020,7,24,0.0,,2031,True
66073,2020,7,25,0.0,,2032,True
66073,2020,7,26,5.0,1.0,2033,True
66073,2020,7,27,63.6,1.0,2034,True
66073,2020,7,28,42.6,1.0,2035,True
66073,2020,7,29,2.8,1.0,2036,True
66073,2020,7,30,0.0,,2037,True
66073,2020,7,31,0.0,,2038,True
66073,2020,10,1,1.2,1.0,2100,True
66073,2020,10,2,0.0,,2101,True
66073,2020,10,3,0.0,,2102,True
66073,2020,10,4,0.0,,2103,True
66073,2020,10,5,0.0,,2104,True
66073,2020,10,6,0.0,,2105,True
66073,2020,10,7,0.0,,2106,True
66073,2020,10,8,0.6,1.0,2107,True
66073,2020,10,9,0.2,1.0,2108,True
66073,2020,10,10,0.0,,2109,True
66073,2020,10,11,0.0,,2110,True
66073,2020,10,12,0.0,,2111,True
66073,2020,10,13,0.0,,2112,True
66073,2020,10,14,0.0,,2113,True
66073,2020,10,15,0.0,,2114,True
66073,2020,10,16,0.0,,2115,True
66073,2020,10,17,0.5,1.0,2116,True
66073,2020,10,18,1.8,1.0,2117,True
66073,2020,10,19,9.0,1.0,2118,True
66073,2020,10,20,0.0,,2119,True
66073,2020,10,21,0.2,1.0,2120,True
66073,2020,10,22,0.0,,2121,True
66073,2020,10,23,0.0,,2122,True
66073,2020,10,24,4.2,1.0,2123,True
66073,2020,10,25,12.2,1.0,2124,True
66073,2020,10,26,22.2,1.0,2125,True
66073,2020,10,27,3.6,1.0,2126,True
66073,2020,10,28,0.2,1.0,2127,True
66073,2020,10,29,6.4,1.0,2128,True
66073,2020,10,30,0.2,1.0,2129,True
66073,2020,10,31,4.0,1.0,2130,True
66073,2020,11,1,14.2,1.0,2131,True
66073,2020,11,2,18.0,1.0,2132,True
66073,2020,11,3,0.0,,2133,True
66073,2020,11,4,0.0,,2134,True
66073,2020,11,5,3.8,1.0,2135,True
66073,2020,11,6,21.0,1.0,2136,True
66073,2020,11,7,0.0,,2137,True
66073,2020,11,8,0.0,,2138,True
66073,2020,11,9,0.0,,2139,True
66073,2020,11,10,0.0,,2140,True
66073,2020,11,11,0.0,,2141,True
66073,2020,11,12,0.0,,2142,True
66073,2020,11,13,3.6,1.0,2143,True
66073,2020,11,14,1.6,1.0,2144,True
66073,2020,11,15,0.0,,2145,True
66073,2020,11,16,0.0,,2146,True
66073,2020,11,17,0.0,,2147,True
66073,2020,11,18,1.5,1.0,2148,True
66073,2020,11,19,0.0,,2149,True
66073,2020,11,20,0.0,,2150,True
66073,2020,11,21,0.0,,2151,True
66073,2020,11,22,0.0,,2152,True
66073,2020,11,23,1.8,1.0,2153,True
66073,2020,11,24,1.1,1.0,2154,True
66073,2020,11,25,1.2,1.0,2155,True
66073,2020,11,26,0.0,,2156,True
66073,2020,11,27,0.0,,2157,True
66073,2020,11,28,0.0,,2158,True
66073,2020,11,29,0.0,,2159,True
66073,2020,11,30,0.0,,2160,True
66073,2020,12,1,0.0,,2161,False
66073,2020,12,2,6.0,1.0,2162,False
66073,2020,12,3,0.4,1.0,2163,False
66073,2020,12,4,0.2,1.0,2164,False
66073,2020,12,5,0.0,,2165,False
66073,2020,12,6,5.8,1.0,2166,False
66073,2020,12,7,0.0,,2167,False
66073,2020,12,8,0.0,,2168,False
66073,2020,12,9,0.0,,2169,False
66073,2020,12,10,0.0,,2170,False
66073,2020,12,11,0.0,,2171,False
66073,2020,12,12,1.0,1.0,2172,False
66073,2020,12,13,0.0,,2173,False
66073,2020,12,14,2.6,1.0,2174,False
66073,2020,12,15,9.8,1.0,2175,False
66073,2020,12,16,8.2,1.0,2176,False
66073,2020,12,17,0.2,1.0,2177,False
66073,2020,12,18,0.2,1.0,2178,False
66073,2020,12,19,1.0,1.0,2179,False
66073,2020,12,20,10.2,1.0,2180,False
66073,2020,12,21,0.4,1.0,2181,False
66073,2020,12,22,27.2,1.0,2182,False
66073,2020,12,23,0.0,,2183,False
66073,2020,12,24,0.0,,2184,False
66073,2020,12,25,4.2,1.0,2185,False
66073,2020,12,26,1.4,1.0,2186,False
66073,2020,12,27,12.0,1.0,2187,False
66073,2020,12,28,0.0,,2188,False
66073,2020,12,29,12.0,1.0,2189,False
66073,2020,12,30,22.0,1.0,2190,False
66073,2020,12,31,0.0,,2191,False
66073,2021,1,1,10.8,1.0,2192,False
66073,2021,1,2,1.8,1.0,2193,False
66073,2021,1,3,12.4,1.0,2194,False
66073,2021,1,4,0.2,1.0,2195,False
66073,2021,1,5,9.0,1.0,2196,False
66073,2021,1,6,1.0,1.0,2197,False
66073,2021,1,7,0.4,1.0,2198,False
66073,2021,1,8,5.6,1.0,2199,False
66073,2021,1,9,0.4,1.0,2200,False
66073,2021,1,10,0.0,,2201,False
66073,2021,1,11,0.0,,2202,False
66073,2021,1,12,0.0,,2203,False
66073,2021,1,13,0.0,,2204,False
66073,2021,1,14,0.0,,2205,False
66073,2021,1,15,0.4,1.0,2206,False
66073,2021,1,16,0.0,,2207,False
66073,2021,1,17,0.0,,2208,False
66073,2021,1,18,0.0,,2209,False
66073,2021,1,19,0.0,,2210,False
66073,2021,1,20,0.0,,2211,False
66073,2021,1,21,0.0,,2212,False
66073,2021,1,22,0.0,,2213,False
66073,2021,1,23,0.0,,2214,False
66073,2021,1,24,0.0,,2215,False
66073,2021,1,25,0.0,,2216,False
66073,2021,1,26,0.0,,2217,False
66073,2021,1,27,0.0,,2218,False
66073,2021,1,28,14.4,1.0,2219,False
66073,2021,1,29,6.6,1.0,2220,False
66073,2021,1,30,29.0,1.0,2221,False
66073,2021,1,31,0.4,1.0,2222,False
66073,2021,2,1,3.4,1.0,2223,False
66073,2021,2,2,15.2,1.0,2224,False
66073,2021,2,3,2.2,1.0,2225,False
66073,2021,2,4,0.0,,2226,False
66073,2021,2,5,0.0,,2227,False
66073,2021,2,6,0.0,,2228,False
66073,2021,2,7,1.8,1.0,2229,False
66073,2021,2,8,0.0,,2230,False
66073,2021,2,9,0.0,,2231,False
66073,2021,2,10,2.8,1.0,2232,False
66073,2021,2,11,0.0,,2233,False
66073,2021,2,12,0.0,,2234,False
66073,2021,2,13,0.0,,2235,False
66073,2021,2,14,7.6,1.0,2236,False
66073,2021,2,15,0.0,,2237,False
66073,2021,2,16,7.0,1.0,2238,False
66073,2021,2,17,4.0,1.0,2239,False
66073,2021,2,18,0.2,1.0,2240,False
66073,2021,2,19,3.6,1.0,2241,False
66073,2021,2,20,0.0,,2242,False
66073,2021,2,21,0.0,,2243,False
66073,2021,2,22,0.0,,2244,False
66073,2021,2,23,0.0,,2245,False
66073,2021,2,24,24.0,1.0,2246,False
66073,2021,2,25,6.8,1.0,2247,False
66073,2021,2,26,3.2,1.0,2248,False
66073,2021,2,27,0.0,,2249,False
66073,2021,2,28,0.2,1.0,2250,False
66073,2021,3,1,0.0,,2251,True
66073,2021,3,2,0.0,,2252,True
66073,2021,3,3,0.0,,2253,True
66073,2021,3,4,0.0,,2254,True
66073,2021,3,5,0.0,,2255,True
66073,2021,3,6,0.0,,2256,True
66073,2021,3,7,0.0,,2257,True
66073,2021,3,8,0.0,,2258,True
66073,2021,3,9,0.2,1.0,2259,True
66073,2021,3,10,2.4,1.0,2260,True
66073,2021,3,11,0.0,,2261,True
66073,2021,3,12,2.4,1.0,2262,True
66073,2021,3,13,19.8,1.0,2263,True
66073,2021,3,14,15.6,1.0,2264,True
66073,2021,3,15,18.2,1.0,2265,True
66073,2021,3,16,0.0,,2266,True
66073,2021,3,17,11.6,1.0,2267,True
66073,2021,3,18,4.8,1.0,2268,True
66073,2021,3,19,43.8,1.0,2269,True
66073,2021,3,20,42.0,1.0,2270,True
66073,2021,3,21,115.2,1.0,2271,True
66073,2021,3,22,28.0,1.0,2272,True
66073,2021,3,23,47.6,1.0,2273,True
66073,2021,3,24,26.0,1.0,2274,True
66073,2021,3,25,0.0,,2275,True
66073,2021,3,26,3.0,1.0,2276,True
66073,2021,3,27,0.0,,2277,True
66073,2021,3,28,0.0,,2278,True
66073,2021,3,29,0.0,,2279,True
66073,2021,3,30,4.8,1.0,2280,True
66073,2021,3,31,9.6,1.0,2281,True
66073,2021,4,1,8.0,1.0,2282,True
66073,2021,4,2,0.0,,2283,True
66073,2021,4,3,0.0,,2284,True
66073,2021,4,4,0.0,,2285,True
66073,2021,4,5,0.0,,2286,True
66073,2021,4,6,8.2,1.0,2287,True
66073,2021,4,7,11.6,1.0,2288,True
66073,2021,4,8,24.0,1.0,2289,True
66073,2021,4,9,0.0,,2290,True
66073,2021,4,10,0.6,1.0,2291,True
66073,2021,4,11,0.0,,2292,True
66073,2021,4,12,0.0,,2293,True
66073,2021,4,13,0.0,,2294,True
66073,2021,4,14,0.0,,2295,True
66073,2021,4,15,0.0,,2296,True
66073,2021,4,16,0.0,,2297,True
66073,2021,4,17,0.0,,2298,True
66073,2021,4,18,0.0,,2299,True
66073,2021,4,19,0.0,,2300,True
66073,2021,4,20,0.0,,2301,True
66073,2021,4,21,0.0,,2302,True
66073,2021,4,22,0.0,,2303,True
66073,2021,4,23,0.0,,2304,True
66073,2021,4,24,0.0,,2305,True
66073,2021,4,25,0.0,,2306,True
66073,2021,4,26,0.0,,2307,True
66073,2021,4,27,0.0,,2308,True
66073,2021,4,28,0.0,,2309,True
66073,2021,4,29,0.0,,2310,True
66073,2021,4,30,0.0,,2311,True
66073,2021,5,1,0.0,,2312,True
66073,2021,5,2,0.0,,2313,True
66073,2021,5,3,0.0,,2314,True
66073,2021,5,4,0.0,,2315,True
66073,2021,5,5,22.0,1.0,2316,True
66073,2021,5,6,17.2,1.0,2317,True
66073,2021,5,7,18.6,1.0,2318,True
66073,2021,5,8,0.2,1.0,2319,True
66073,2021,5,9,0.0,,2320,True
66073,2021,5,10,0.0,,2321,True
66073,2021,5,11,0.4,1.0,2322,True
66073,2021,5,12,1.8,1.0,2323,True
66073,2021,5,13,1.0,1.0,2324,True
66073,2021,5,14,0.0,,2325,True
66073,2021,5,15,0.0,,2326,True
66073,2021,5,16,0.0,,2327,True
66073,2021,5,17,0.0,,2328,True
66073,2021,5,18,0.0,,2329,True
66073,2021,5,19,0.0,,2330,True
66073,2021,5,20,0.0,,2331,True
66073,2021,5,21,0.0,,2332,True
66073,2021,5,22,1.4,1.0,2333,True
66073,2021,5,23,0.0,,2334,True
66073,2021,5,24,3.4,1.0,2335,True
66073,2021,5,25,4.6,1.0,2336,True
66073,2021,5,26,0.0,,2337,True
66073,2021,5,27,0.0,,2338,True
66073,2021,5,28,0.0,,2339,True
66073,2021,5,29,0.0,,2340,True
66073,2021,5,30,0.0,,2341,True
66073,2021,5,31,0.0,,2342,True
66073,2021,6,1,0.0,,2343,False
66073,2021,6,2,0.0,,2344,False
66073,2021,6,3,0.0,,2345,False
66073,2021,6,4,9.0,1.0,2346,False
66073,2021,6,5,0.0,,2347,False
66073,2021,6,6,0.0,,2348,False
66073,2021,6,7,0.0,,2349,False
66073,2021,6,8,0.0,,2350,False
66073,2021,6,9,7.0,1.0,2351,False
66073,2021,6,10,0.0,,2352,False
66073,2021,6,11,5.4,1.0,2353,False
66073,2021,6,12,0.0,,2354,False
66073,2021,6,13,0.0,,2355,False
66073,2021,6,14,0.0,,2356,False
66073,2021,6,15,0.4,1.0,2357,False
66073,2021,6,16,0.2,1.0,2358,False
66073,2021,6,17,6.6,1.0,2359,False
66073,2021,6,18,0.0,,2360,False
66073,2021,6,19,1.2,1.0,2361,False
66073,2021,6,20,12.6,1.0,2362,False
66073,2021,6,21,12.6,1.0,2363,False
66073,2021,6,22,1.8,1.0,2364,False
66073,2021,6,23,1.0,1.0,2365,False
66073,2021,6,24,0.0,,2366,False
66073,2021,6,25,0.2,1.0,2367,False
66073,2021,6,26,0.0,,2368,False
66073,2021,6,27,0.0,,2369,False
66073,2021,6,28,2.0,1.0,2370,False
66073,2021,6,29,5.2,1.0,2371,False
66073,2021,6,30,19.0,1.0,2372,False
66073,2021,7,1,6.4,1.0,2373,True
66073,2021,7,2,3.0,1.0,2374,True
66073,2021,7,3,0.0,,2375,True
66073,2021,7,4,0.0,,2376,True
66073,2021,7,5,0.0,,2377,True
66073,2021,7,6,0.0,,2378,True
66073,2021,7,7,0.0,,2379,True
66073,2021,7,8,0.0,,2380,True
66073,2021,7,9,0.0,,2381,True
66073,2021,7,10,7.4,1.0,2382,True
66073,2021,7,11,20.6,1.0,2383,True
66073,2021,7,12,0.5,1.0,2384,True
66073,2021,7,13,0.0,,2385,True
66073,2021,7,14,0.0,,2386,True
66073,2021,7,15,1.7,1.0,2387,True
66073,2021,7,16,1.8,1.0,2388,True
66073,2021,7,17,0.5,1.0,2389,True
66073,2021,7,18,0.0,,2390,True
66073,2021,7,19,0.0,,2391,True
66073,2021,7,20,0.0,,2392,True
66073,2021,7,21,0.0,,2393,True
66073,2021,7,22,0.0,,2394,True
66073,2021,7,23,0.4,1.0,2395,True
66073,2021,7,24,0.4,1.0,2396,True
66073,2021,7,25,0.0,,2397,True
66073,2021,7,26,0.0,,2398,True
66073,2021,7,27,0.0,,2399,True
66073,2021,7,28,0.0,,2400,True
66073,2021,7,29,0.0,,2401,True
66073,2021,7,30,0.0,,2402,True
66073,2021,7,31,0.0,,2403,True
66073,2021,8,1,0.0,,2404,False
66073,2021,8,2,0.0,,2405,False
66073,2021,8,3,3.6,1.0,2406,False
66073,2021,8,4,0.0,,2407,False
66073,2021,8,5,0.0,,2408,False
66073,2021,8,6,0.0,,2409,False
66073,2021,8,7,0.0,,2410,False
66073,2021,8,8,0.0,,2411,False
66073,2021,8,9,4.2,1.0,2412,False
66073,2021,8,10,0.0,,2413,False
66073,2021,8,11,0.0,,2414,False
66073,2021,8,12,0.0,,2415,False
66073,2021,8,13,0.0,,2416,False
66073,2021,8,14,0.0,,2417,False
66073,2021,8,15,0.0,,2418,False
66073,2021,8,16,0.0,,2419,False
66073,2021,8,17,0.0,,2420,False
66073,2021,8,18,0.0,,2421,False
66073,2021,8,19,0.0,,2422,False
66073,2021,8,20,0.0,,2423,False
66073,2021,8,21,0.1,1.0,2424,False
66073,2021,8,22,0.0,,2425,False
66073,2021,8,23,0.0,,2426,False
66073,2021,8,24,34.6,1.0,2427,False
66073,2021,8,25,48.4,1.0,2428,False
66073,2021,8,26,0.0,,2429,False
66073,2021,8,27,0.0,,2430,False
66073,2021,8,28,0.0,,2431,False
66073,2021,8,29,0.0,,2432,False
66073,2021,8,30,0.0,,2433,False
66073,2021,8,31,0.0,,2434,False
66073,2021,9,1,0.0,,2435,False
66073,2021,9,2,0.0,,2436,False
66073,2021,9,3,0.0,,2437,False
66073,2021,9,4,0.0,,2438,False
66073,2021,9,5,14.2,1.0,2439,False
66073,2021,9,6,0.8,1.0,2440,False
66073,2021,9,7,0.0,,2441,False
66073,2021,9,8,0.0,,2442,False
66073,2021,9,9,0.0,,2443,False
66073,2021,9,10,0.0,,2444,False
66073,2021,9,11,0.0,,2445,False
66073,2021,9,12,0.0,,2446,False
66073,2021,9,13,0.0,,2447,False
66073,2021,9,14,21.6,1.0,2448,False
66073,2021,9,15,4.6,1.0,2449,False
66073,2021,9,16,0.8,1.0,2450,False
66073,2021,9,17,0.0,,2451,False
66073,2021,9,18,0.0,,2452,False
66073,2021,9,19,0.0,,2453,False
66073,2021,9,20,0.0,,2454,False
66073,2021,9,21,0.0,,2455,False
66073,2021,9,22,2.6,1.0,2456,False
66073,2021,9,23,0.0,,2457,False
66073,2021,9,24,0.0,,2458,False
66073,2021,9,25,0.0,,2459,False
66073,2021,9,26,1.6,1.0,2460,False
66073,2021,9,27,0.4,1.0,2461,False
66073,2021,9,28,0.0,,2462,False
66073,2021,9,29,0.0,,2463,False
66073,2021,9,30,3.4,1.0,2464,False
66073,2021,10,1,0.2,1.0,2465,False
66073,2021,10,2,3.2,1.0,2466,False
66073,2021,10,3,4.6,1.0,2467,False
66073,2021,10,4,9.0,1.0,2468,False
66073,2021,10,5,0.0,,2469,False
66073,2021,10,6,0.0,,2470,False
66073,2021,10,7,0.0,,2471,False
66073,2021,10,8,0.0,,2472,False
66073,2021,10,9,0.0,,2473,False
66073,2021,10,10,0.0,,2474,False
66073,2021,10,11,9.0,1.0,2475,False
66073,2021,10,12,2.0,1.0,2476,False
66073,2021,10,13,2.0,1.0,2477,False
66073,2021,10,14,9.0,1.0,2478,False
66073,2021,10,15,9.5,1.0,2479,False
66073,2021,10,16,0.8,1.0,2480,False
66073,2021,10,17,0.0,,2481,False
66073,2021,10,18,0.0,,2482,False
66073,2021,10,19,0.0,,2483,False
66073,2021,10,20,0.0,,2484,False
66073,2021,10,21,0.0,,2485,False
66073,2021,10,22,4.8,1.0,2486,False
66073,2021,10,23,0.0,,2487,False
66073,2021,10,24,1.4,1.0,2488,False
66073,2021,10,25,1.2,1.0,2489,False
66073,2021,10,26,0.0,,2490,False
66073,2021,10,27,0.0,,2491,False
66073,2021,10,28,0.0,,2492,False
66073,2021,10,29,0.0,,2493,False
66073,2021,10,30,0.0,,2494,False
66073,2021,10,31,0.0,,2495,False
66073,2021,11,1,0.0,,2496,False
66073,2021,11,2,0.0,,2497,False
66073,2021,11,3,0.0,,2498,False
66073,2021,11,4,0.0,,2499,False
66073,2021,11,5,12.8,1.0,2500,False
66073,2021,11,6,0.0,,2501,False
66073,2021,11,7,0.0,,2502,False
66073,2021,11,8,9.2,1.0,2503,False
66073,2021,11,9,1.6,1.0,2504,False
66073,2021,11,10,0.0,,2505,False
66073,2021,11,11,16.0,1.0,2506,False
66073,2021,11,12,16.4,1.0,2507,False
66073,2021,11,13,0.2,1.0,2508,False
66073,2021,11,14,0.6,1.0,2509,False
66073,2021,11,15,1.6,1.0,2510,False
66073,2021,11,16,0.0,,2511,False
66073,2021,11,17,0.0,,2512,False
66073,2021,11,18,0.0,,2513,False
66073,2021,11,19,1.0,1.0,2514,False
66073,2021,11,20,0.0,,2515,False
66073,2021,11,21,0.0,,2516,False
66073,2021,11,22,18.2,1.0,2517,False
66073,2021,11,23,1.6,1.0,2518,False
66073,2021,11,24,0.6,1.0,2519,False
66073,2021,11,25,8.8,1.0,2520,False
66073,2021,11,26,21.0,1.0,2521,False
66073,2021,11,27,11.2,1.0,2522,False
66073,2021,11,28,1.6,1.0,2523,False
66073,2021,11,29,0.0,,2524,False
66073,2021,11,30,0.0,,2525,False
66073,2021,12,1,2.2,1.0,2526,False
66073,2021,12,2,0.0,,2527,False
66073,2021,12,3,0.0,,2528,False
66073,2021,12,4,0.2,1.0,2529,False
66073,2021,12,5,0.0,,2530,False
66073,2021,12,6,0.6,1.0,2531,False
66073,2021,12,7,0.0,,2532,False
66073,2021,12,8,7.6,1.0,2533,False
66073,2021,12,9,8.0,1.0,2534,False
66073,2021,12,10,22.0,1.0,2535,False
66073,2021,12,11,15.2,1.0,2536,False
66073,2021,12,12,0.0,,2537,False
66073,2021,12,13,0.0,,2538,False
66073,2021,12,14,0.0,,2539,False
66073,2021,12,15,0.0,,2540,False
66073,2021,12,16,5.0,1.0,2541,False
66073,2021,12,17,0.2,1.0,2542,False
66073,2021,12,18,0.0,,2543,False
66073,2021,12,19,1.4,1.0,2544,False
66073,2021,12,20,0.6,1.0,2545,False
66073,2021,12,21,0.0,,2546,False
66073,2021,12,22,0.0,,2547,False
66073,2021,12,23,21.0,1.0,2548,False
66073,2021,12,24,22.0,1.0,2549,False
66073,2021,12,25,0.0,,2550,False
66073,2021,12,26,0.0,,2551,False
66073,2021,12,27,4.4,1.0,2552,False
66073,2021,12,28,12.0,1.0,2553,False
66073,2021,12,29,9.6,1.0,2554,False
66073,2021,12,30,3.6,1.0,2555,False
66073,2021,12,31,0.0,,2556,False
66073,2022,1,1,0.0,,2557,False
66073,2022,1,2,0.0,,2558,False
66073,2022,1,3,0.0,,2559,False
66073,2022,1,4,0.6,1.0,2560,False
66073,2022,1,5,4.6,1.0,2561,False
66073,2022,1,6,17.2,1.0,2562,False
66073,2022,1,7,3.0,1.0,2563,False
66073,2022,1,8,23.2,1.0,2564,False
66073,2022,1,9,0.6,1.0,2565,False
66073,2022,1,10,1.0,1.0,2566,False
66073,2022,1,11,0.0,,2567,False
66073,2022,1,12,0.0,,2568,False
66073,2022,1,13,31.0,1.0,2569,False
66073,2022,1,14,4.0,1.0,2570,False
66073,2022,1,15,1.0,1.0,2571,False
66073,2022,1,16,0.0,,2572,False
66073,2022,1,17,0.0,,2573,False
66073,2022,1,18,0.0,,2574,False
66073,2022,1,19,7.8,1.0,2575,False
66073,2022,1,20,2.8,1.0,2576,False
66073,2022,1,21,0.0,,2577,False
66073,2022,1,22,0.4,1.0,2578,False
66073,2022,1,23,3.2,1.0,2579,False
66073,2022,1,24,2.8,1.0,2580,False
66073,2022,1,25,0.0,,2581,False
66073,2022,1,26,0.0,,2582,False
66073,2022,1,27,0.0,,2583,False
66073,2022,1,28,0.0,,2584,False
66073,2022,1,29,0.0,,2585,False
66073,2022,1,30,0.0,,2586,False
66073,2022,1,31,0.0,,2587,False
66073,2022,2,1,0.0,,2588,False
66073,2022,2,2,5.6,1.0,2589,False
66073,2022,2,3,4.6,1.0,2590,False
66073,2022,2,4,1.6,1.0,2591,False
66073,2022,2,5,11.0,1.0,2592,False
66073,2022,2,6,0.6,1.0,2593,False
66073,2022,2,7,17.8,1.0,2594,False
66073,2022,2,8,14.2,1.0,2595,False
66073,2022,2,9,3.2,1.0,2596,False
66073,2022,2,10,0.0,,2597,False
66073,2022,2,11,3.8,1.0,2598,False
66073,2022,2,12,0.0,,2599,False
66073,2022,2,13,3.6,1.0,2600,False
66073,2022,2,14,0.0,,2601,False
66073,2022,2,15,0.0,,2602,False
66073,2022,2,16,0.0,,2603,False
66073,2022,2,17,0.0,,2604,False
66073,2022,2,18,1.8,1.0,2605,False
66073,2022,2,19,0.8,1.0,2606,False
66073,2022,2,20,0.2,1.0,2607,False
66073,2022,2,21,0.0,,2608,False
66073,2022,2,22,0.0,,2609,False
66073,2022,2,23,135.6,1.0,2610,False
66073,2022,2,24,53.4,1.0,2611,False
66073,2022,2,25,26.0,1.0,2612,False
66073,2022,2,26,44.6,1.0,2613,False
66073,2022,2,27,37.5,1.0,2614,False
66073,2022,2,28,7.8,1.0,2615,False
66073,2022,3,1,23.1,1.0,2616,False
66073,2022,3,2,18.0,1.0,2617,False
66073,2022,3,3,41.2,1.0,2618,False
66073,2022,3,4,15.4,1.0,2619,False
66073,2022,3,5,6.0,1.0,2620,False
66073,2022,3,6,17.4,1.0,2621,False
66073,2022,3,7,28.0,1.0,2622,False
66073,2022,3,8,109.0,1.0,2623,False
66073,2022,3,9,49.0,1.0,2624,False
66073,2022,3,10,0.2,1.0,2625,False
66073,2022,3,11,0.0,,2626,False
66073,2022,3,12,0.0,,2627,False
66073,2022,3,13,0.8,1.0,2628,False
66073,2022,3,14,16.4,1.0,2629,False
66073,2022,3,15,18.4,1.0,2630,False
66073,2022,3,16,13.6,1.0,2631,False
66073,2022,3,17,9.4,1.0,2632,False
66073,2022,3,18,0.0,,2633,False
66073,2022,3,19,32.0,1.0,2634,False
66073,2022,3,20,0.0,,2635,False
66073,2022,3,21,0.0,,2636,False
66073,2022,3,22,0.2,1.0,2637,False
66073,2022,3,23,0.2,1.0,2638,False
66073,2022,3,24,3.2,1.0,2639,False
66073,2022,3,25,14.0,1.0,2640,False
66073,2022,3,26,6.8,1.0,2641,False
66073,2022,3,27,1.2,1.0,2642,False
66073,2022,3,28,14.6,1.0,2643,False
66073,2022,3,29,78.0,1.0,2644,False
66073,2022,3,30,27.0,1.0,2645,False
66073,2022,3,31,15.4,1.0,2646,False
66073,2022,4,1,21.4,1.0,2647,False
66073,2022,4,2,2.8,1.0,2648,False
66073,2022,4,3,0.0,,2649,False
66073,2022,4,4,0.0,,2650,False
66073,2022,4,5,0.0,,2651,False
66073,2022,4,6,12.2,1.0,2652,False
66073,2022,4,7,141.0,1.0,2653,False
66073,2022,4,8,29.0,1.0,2654,False
66073,2022,4,9,6.0,1.0,2655,False
66073,2022,4,10,4.8,1.0,2656,False
66073,2022,4,11,0.0,,2657,False
66073,2022,4,12,0.8,1.0,2658,False
66073,2022,4,13,0.8,1.0,2659,False
66073,2022,4,14,10.8,1.0,2660,False
66073,2022,4,15,0.6,1.0,2661,False
66073,2022,4,16,0.0,,2662,False
66073,2022,4,17,0.0,,2663,False
66073,2022,4,18,0.0,,2664,False
66073,2022,4,19,0.0,,2665,False
66073,2022,4,20,9.4,1.0,2666,False
66073,2022,4,21,0.0,,2667,False
66073,2022,4,22,5.6,1.0,2668,False
66073,2022,4,23,15.2,1.0,2669,False
66073,2022,4,24,0.8,1.0,2670,False
66073,2022,4,25,0.0,,2671,False
66073,2022,4,26,0.2,1.0,2672,False
66073,2022,4,27,2.6,1.0,2673,False
66073,2022,4,28,19.0,1.0,2674,False
66073,2022,4,29,5.8,1.0,2675,False
66073,2022,4,30,3.4,1.0,2676,False
66073,2022,5,1,3.4,1.0,2677,False
66073,2022,5,2,0.0,,2678,False
66073,2022,5,3,0.0,,2679,False
66073,2022,5,4,0.0,,2680,False
66073,2022,5,5,0.3,1.0,2681,False
66073,2022,5,6,0.0,,2682,False
66073,2022,5,7,0.0,,2683,False
66073,2022,5,8,0.0,,2684,False
66073,2022,5,9,2.2,1.0,2685,False
66073,2022,5,10,13.2,1.0,2686,False
66073,2022,5,11,1.6,1.0,2687,False
66073,2022,5,12,26.6,1.0,2688,False
66073,2022,5,13,10.4,1.0,2689,False
66073,2022,5,14,0.6,1.0,2690,False
66073,2022,5,15,0.0,,2691,False
66073,2022,5,16,0.2,1.0,2692,False
66073,2022,5,17,0.0,,2693,False
66073,2022,5,18,0.0,,2694,False
66073,2022,5,19,0.0,,2695,False
66073,2022,5,20,8.6,1.0,2696,False
66073,2022,5,21,28.0,1.0,2697,False
66073,2022,5,22,11.4,1.0,2698,False
66073,2022,5,23,19.0,1.0,2699,False
66073,2022,5,24,67.0,1.0,2700,False
66073,2022,5,25,13.2,1.0,2701,False
66073,2022,5,26,0.2,1.0,2702,False
66073,2022,5,27,0.0,,2703,False
66073,2022,5,28,0.0,,2704,False
66073,2022,5,29,0.0,,2705,False
66073,2022,5,30,0.0,,2706,False
66073,2022,5,31,5.1,1.0,2707,False
66073,2022,6,1,0.0,,2708,True
66073,2022,6,2,0.0,,2709,True
66073,2022,6,3,0.0,,2710,True
66073,2022,6,4,0.2,1.0,2711,True
66073,2022,6,5,0.0,,2712,True
66073,2022,6,6,0.0,,2713,True
66073,2022,6,7,0.0,,2714,True
66073,2022,6,8,0.0,,2715,True
66073,2022,6,9,0.0,,2716,True
66073,2022,6,10,0.0,,2717,True
66073,2022,6,11,0.0,,2718,True
66073,2022,6,12,0.0,,2719,True
66073,2022,6,13,0.0,,2720,True
66073,2022,6,14,0.0,,2721,True
66073,2022,6,15,0.0,,2722,True
66073,2022,6,16,0.0,,2723,True
66073,2022,6,17,0.0,,2724,True
66073,2022,6,18,0.0,,2725,True
66073,2022,6,19,0.8,1.0,2726,True
66073,2022,6,20,11.4,1.0,2727,True
66073,2022,6,21,0.4,1.0,2728,True
66073,2022,6,22,0.0,,2729,True
66073,2022,6,23,0.0,,2730,True
66073,2022,6,24,0.0,,2731,True
66073,2022,6,25,0.0,,2732,True
66073,2022,6,26,0.0,,2733,True
66073,2022,6,27,0.0,,2734,True
66073,2022,6,28,5.0,1.0,2735,True
66073,2022,6,29,2.0,1.0,2736,True
66073,2022,6,30,0.0,,2737,True
66073,2022,7,1,18.4,1.0,2738,False
66073,2022,7,2,22.1,1.0,2739,False
66073,2022,7,3,102.5,1.0,2740,False
66073,2022,7,4,16.2,1.0,2741,False
66073,2022,7,5,48.7,1.0,2742,False
66073,2022,7,6,2.6,1.0,2743,False
66073,2022,7,7,43.2,1.0,2744,False
66073,2022,7,8,0.0,,2745,False
66073,2022,7,9,0.0,,2746,False
66073,2022,7,10,15.8,1.0,2747,False
66073,2022,7,11,10.3,1.0,2748,False
66073,2022,7,12,8.4,1.0,2749,False
66073,2022,7,13,0.0,,2750,False
66073,2022,7,14,28.6,1.0,2751,False
66073,2022,7,15,4.1,1.0,2752,False
66073,2022,7,16,0.0,,2753,False
66073,2022,7,17,0.0,,2754,False
66073,2022,7,18,0.0,,2755,False
66073,2022,7,19,0.6,1.0,2756,False
66073,2022,7,20,14.2,1.0,2757,False
66073,2022,7,21,2.4,1.0,2758,False
66073,2022,7,22,10.8,1.0,2759,False
66073,2022,7,23,8.2,1.0,2760,False
66073,2022,7,24,4.2,1.0,2761,False
66073,2022,7,25,0.2,1.0,2762,False
66073,2022,7,26,4.0,1.0,2763,False
66073,2022,7,27,0.0,,2764,False
66073,2022,7,28,0.0,,2765,False
66073,2022,7,29,0.0,,2766,False
66073,2022,7,30,0.0,,2767,False
66073,2022,8,1,0.2,1.0,2769,False
66073,2022,8,2,0.0,,2770,False
66073,2022,8,3,0.0,,2771,False
66073,2022,8,4,0.0,,2772,False
66073,2022,8,5,1.1,1.0,2773,False
66073,2022,8,6,0.0,,2774,False
66073,2022,8,7,0.0,,2775,False
66073,2022,8,8,0.0,,2776,False
66073,2022,8,9,6.4,1.0,2777,False
66073,2022,8,10,17.9,1.0,2778,False
66073,2022,8,11,0.6,1.0,2779,False
66073,2022,8,12,0.8,1.0,2780,False
66073,2022,8,13,4.7,1.0,2781,False
66073,2022,8,14,0.0,,2782,False
66073,2022,8,15,0.0,,2783,False
66073,2022,8,16,0.0,,2784,False
