year,0:15,0:30,0:45,1:00,1:15,1:30,1:45,2:00,2:15,2:30,2:45,3:00,3:15,3:30,3:45,4:00,4:15,4:30,4:45,5:00,5:15,5:30,5:45,6:00,6:15,6:30,6:45,7:00,7:15,7:30,7:45,8:00,8:15,8:30,8:45,9:00,9:15,9:30,9:45,10:00,10:15,10:30,10:45,11:00,11:15,11:30,11:45,12:00,12:15,12:30,12:45,13:00,13:15,13:30,13:45,14:00,14:15,14:30,14:45,15:00,15:15,15:30,15:45,16:00,16:15,16:30,16:45,17:00,17:15,17:30,17:45,18:00,18:15,18:30,18:45,19:00,19:15,19:30,19:45,20:00,20:15,20:30,20:45,21:00,21:15,21:30,21:45,22:00,22:15,22:30,22:45,23:00,23:15,23:30,23:45,24:00,Date_02APR2013,Date_03APR2013,Date_04APR2013,Date_05APR2013,Date_06APR2013,Date_07APR2013,Date_08APR2013,Date_09APR2013,Date_10APR2013,Date_11APR2013,Date_12APR2013,Date_13APR2013,Date_14APR2013,Date_15APR2013,Date_16APR2013,Date_17APR2013,Date_18APR2013,Date_19APR2013,Date_20APR2013,Date_21APR2013,Date_22APR2013,Date_23APR2013,Date_25APR2013,Date_26APR2013,Date_27APR2013,Date_28APR2013,Date_29APR2013
2013,0.72857,0.72857,0.72857,0.72857,0.72857,0.72857,0.72857,0.72857,0.72857,0.72857,0.72857,0.72857,0.72857,0.72857,0.72857,0.72857,0.72857,0.72857,0.72857,0.72857,0.72857,0.72857,0.72857,0.72857,0.72857,0.72857,0.72857,0.72857,0.72857,0.72857,0.72857,0.72857,0.72857,0.72857,0.72857,0.72857,0.72857,0.72857,0.72857,0.72857,0.72857,0.72857,0.72857,0.72857,0.72857,0.72857,0.72857,0.72857,0.72857,0.72857,0.72857,0.72857,0.72857,0.72857,0.72857,0.72857,0.72857,0.72857,0.72857,0.72857,0.72857,0.72857,0.72857,0.72857,0.72857,0.72857,0.72857,0.72857,0.72857,0.72857,0.72857,0.72857,0.72857,0.72857,0.72857,0.72857,0.72857,0.72857,0.72857,0.72857,0.72857,0.72857,0.72857,0.72857,0.72857,0.72857,0.72857,0.72857,0.72857,0.72857,0.72857,0.72857,0.72857,0.72857,0.72857,0.72857,False,False,False,False,False,False,False,False,False,False,False,False,False,False,False,False,False,False,False,False,False,False,False,False,False,False,False
2013,0.72857,0.72857,0.72857,0.72857,0.72857,0.72857,0.72857,0.72857,0.72857,0.72857,0.72857,0.72857,0.72857,0.72857,0.72857,0.72857,0.72857,0.72857,0.72857,0.72857,0.72857,0.72857,0.72857,0.72857,0.72857,0.72857,0.72857,0.72857,0.72857,0.72857,0.72857,0.72857,0.72857,0.72857,0.72857,0.72857,0.72857,0.72857,0.72857,0.72857,0.72857,0.72857,0.72857,0.72857,0.72857,0.72857,0.72857,0.72857,0.72857,0.72857,0.72857,0.72857,0.72857,0.72857,0.72857,0.72857,0.72857,0.72857,0.72857,0.72857,0.72857,0.72857,0.72857,0.72857,0.72857,0.72857,0.72857,0.72857,0.72857,0.72857,0.72857,0.72857,0.72857,0.72857,0.72857,0.72857,0.72857,0.72857,0.72857,0.72857,0.72857,0.72857,0.72857,0.72857,0.72857,0.72857,0.72857,0.72857,0.72857,0.72857,0.72857,0.72857,0.72857,0.72857,0.72857,0.72857,True,False,False,False,False,False,False,False,False,False,False,False,False,False,False,False,False,False,False,False,False,False,False,False,False,False,False
2013,0.72857,0.72857,0.72857,0.72857,0.72857,0.72857,0.72857,0.72857,0.72857,0.72857,0.72857,0.72857,0.72857,0.72857,0.72857,0.72857,0.72857,0.72857,0.72857,0.72857,0.72857,0.72857,0.72857,0.72857,0.72857,0.72857,0.72857,0.72857,0.72857,0.72857,0.72857,0.72857,0.72857,0.72857,0.72857,0.72857,0.72857,0.72857,0.72857,0.72857,0.72857,0.72857,0.72857,0.72857,0.72857,0.72857,0.72857,0.72857,0.72857,0.72857,0.72857,0.72857,0.72857,0.72857,0.72857,0.72857,0.72857,0.72857,0.72857,0.72857,0.72857,0.72857,0.72857,0.72857,0.72857,0.72857,0.72857,0.72857,0.72857,0.72857,0.72857,0.72857,0.72857,0.72857,0.72857,0.72857,0.72857,0.72857,0.72857,0.72857,0.72857,0.72857,0.72857,0.72857,0.72857,0.72857,0.72857,0.72857,0.72857,0.72857,0.72857,0.72857,0.72857,0.72857,0.72857,0.72857,False,True,False,False,False,False,False,False,False,False,False,False,False,False,False,False,False,False,False,False,False,False,False,False,False,False,False
2013,0.72857,0.72857,0.72857,0.72857,0.72857,0.72857,0.72857,0.72857,0.72857,0.72857,0.72857,0.72857,0.72857,0.72857,0.72857,0.72857,0.72857,0.72857,0.72857,0.72857,0.72857,0.72857,0.72857,0.72857,0.72857,0.72857,0.72857,0.72857,0.72857,0.72857,0.72857,0.72857,0.72857,0.72857,0.72857,0.72857,0.72857,0.72857,0.72857,0.72857,0.72857,0.72857,0.72857,0.72857,0.72857,0.72857,0.72857,0.72857,0.72857,0.72857,0.72857,0.72857,0.72857,0.72857,0.72857,0.72857,0.72857,0.72857,0.72857,0.72857,0.72857,0.72857,0.72857,0.72857,0.72857,0.72857,0.72857,0.72857,0.72857,0.72857,0.72857,0.72857,0.72857,0.72857,0.72857,0.72857,0.72857,0.72857,0.72857,0.72857,0.72857,0.72857,0.72857,0.72857,0.72857,0.72857,0.72857,0.72857,0.72857,0.72857,0.72857,0.72857,0.72857,0.72857,0.72857,0.72857,False,False,True,False,False,False,False,False,False,False,False,False,False,False,False,False,False,False,False,False,False,False,False,False,False,False,False
2013,0.72857,0.72857,0.72857,0.72857,0.72857,0.72857,0.72857,0.72857,0.72857,0.72857,0.72857,0.72857,0.72857,0.72857,0.72857,0.72857,0.72857,0.72857,0.72857,0.72857,0.72857,0.72857,0.72857,0.72857,0.72857,0.72857,0.72857,0.72857,0.62886,0.53557,0.53557,0.53557,0.53557,0.53557,0.56667,0.52882,0.52882,0.52882,0.52882,0.52882,0.52882,0.52882,0.52882,0.52882,0.52882,0.52882,0.52882,0.52882,0.52882,0.52882,0.52882,0.52882,0.52882,0.58558,0.45258,0.45258,0.45258,0.45258,0.45258,0.45258,0.45258,0.45258,0.45258,0.45258,0.52915,0.49408,0.49408,0.49408,0.49408,0.49408,0.49408,0.49408,0.49408,0.49408,0.49408,0.49408,0.49408,0.49408,0.49408,0.49408,0.49408,0.49408,0.49408,0.49408,0.49408,0.49408,0.49408,0.49408,0.49408,0.49408,0.49408,0.49408,0.49408,0.49408,0.49408,0.49408,False,False,False,True,False,False,False,False,False,False,False,False,False,False,False,False,False,False,False,False,False,False,False,False,False,False,False
2013,0.49408,0.49408,0.49408,0.49408,0.49408,0.49408,0.49408,0.49408,0.49408,0.49408,0.49408,0.49408,0.49408,0.49408,0.49408,0.49408,0.49408,0.49408,0.49408,0.49408,0.49408,0.49408,0.49408,0.49408,0.49408,0.49408,0.49408,0.49408,0.49408,0.49408,0.49408,0.49408,0.49408,0.49408,0.49408,0.49408,0.49408,0.49408,0.49408,0.49408,0.49408,0.49408,0.49408,0.49408,0.49408,0.49408,0.49408,0.49408,0.49408,0.49408,0.49408,0.49408,0.49408,0.49408,0.49408,0.49408,0.49408,0.49408,0.49408,0.49408,0.49408,0.49408,0.49408,0.49408,0.49408,0.49408,0.49408,0.49408,0.49408,0.49408,0.49408,0.49408,0.49408,0.49408,0.49408,0.49408,0.49408,0.49408,0.49408,0.49408,0.49408,0.49408,0.49408,0.49408,0.49408,0.49408,0.49408,0.49408,0.49408,0.49408,0.49408,0.49408,0.49408,0.49408,0.49408,0.49408,False,False,False,False,True,False,False,False,False,False,False,False,False,False,False,False,False,False,False,False,False,False,False,False,False,False,False
2013,0.49408,0.49408,0.49408,0.49408,0.49408,0.49408,0.49408,0.49408,0.49408,0.49408,0.49408,0.49408,0.49408,0.49408,0.49408,0.49408,0.49408,0.49408,0.49408,0.49408,0.49408,0.49408,0.49408,0.49408,0.49408,0.49408,0.49408,0.49408,0.49408,0.49408,0.49408,0.49408,0.49408,0.49408,0.49408,0.49408,0.49408,0.49408,0.49408,0.49408,0.49408,0.49408,0.49408,0.49408,0.49408,0.49408,0.49408,0.49408,0.49408,0.49408,0.49408,0.49408,0.49408,0.49408,0.49408,0.49408,0.49408,0.49408,0.49408,0.49408,0.49408,0.49408,0.49408,0.49408,0.49408,0.49408,0.49408,0.49408,0.49408,0.49408,0.49408,0.49408,0.49408,0.49408,0.49408,0.49408,0.49408,0.49408,0.49408,0.49408,0.49408,0.49408,0.49408,0.49408,0.49408,0.49408,0.49408,0.49408,0.49408,0.49408,0.49408,0.49408,0.49408,0.49408,0.49408,0.49408,False,False,False,False,False,True,False,False,False,False,False,False,False,False,False,False,False,False,False,False,False,False,False,False,False,False,False
2013,0.49408,0.49408,0.49408,0.49408,0.49408,0.49408,0.49408,0.49408,0.49408,0.49408,0.49408,0.49408,0.49408,0.49408,0.49408,0.49408,0.49408,0.49408,0.49408,0.49408,0.49408,0.49408,0.49408,0.49408,0.49408,0.49408,0.49408,0.88975,0.61277,0.61277,0.61277,0.61277,0.61277,0.61277,0.61277,0.61277,0.61277,0.61277,0.61277,0.61277,0.61277,0.61277,0.61277,0.61277,0.61277,0.61277,0.61277,0.61277,0.61277,0.61277,0.61277,0.61277,0.61277,0.61277,0.61277,0.61277,0.61277,0.61277,0.61277,0.61277,0.61277,0.61277,0.61277,0.61277,0.61277,0.61277,0.61277,0.61277,0.61277,0.61277,0.61277,0.61277,0.61277,0.61277,0.61277,0.61277,0.61277,0.61277,0.61277,0.61277,0.61277,0.61277,0.61277,0.61277,0.61277,0.61277,0.61277,0.61277,0.61277,0.61277,0.61277,0.61277,0.61277,0.61277,0.61277,0.61277,False,False,False,False,False,False,True,False,False,False,False,False,False,False,False,False,False,False,False,False,False,False,False,False,False,False,False
2013,0.61277,0.61277,0.61277,0.61277,0.61277,0.61277,0.61277,0.61277,0.61277,0.61277,0.61277,0.61277,0.61277,0.61277,0.61277,0.61277,0.61277,0.61277,0.61277,0.61277,0.61277,0.61277,0.61277,0.61277,0.61277,0.61277,0.61277,0.61277,0.61277,0.61277,0.61277,0.61277,0.61277,0.61277,0.61277,0.61277,0.61277,0.61277,0.61277,0.61277,0.61277,0.61277,0.61277,0.61277,0.61277,0.61277,0.61277,0.61277,0.61277,0.61277,0.61277,0.61277,0.61277,0.61277,0.61277,0.61277,0.61277,0.61277,0.61277,0.61277,0.61277,0.61277,0.61277,0.61277,0.61277,0.61277,0.61277,0.61277,0.61277,0.61277,0.61277,0.61277,0.61277,0.61277,0.61277,0.61277,0.61277,0.61277,0.61277,0.61277,0.61277,0.61277,0.61277,0.61277,0.61277,0.61277,0.61277,0.61277,0.61277,0.61277,0.61277,0.61277,0.61277,0.61277,0.61277,0.61277,False,False,False,False,False,False,False,True,False,False,False,False,False,False,False,False,False,False,False,False,False,False,False,False,False,False,False
2013,0.61277,0.61277,0.61277,0.61277,0.61277,0.61277,0.61277,0.61277,0.61277,0.61277,0.61277,0.61277,0.61277,0.61277,0.61277,0.61277,0.61277,0.61277,0.61277,0.61277,0.61277,0.61277,0.61277,0.61277,0.61277,0.61277,0.61277,0.61277,0.61277,0.61277,0.61277,0.61277,0.61277,0.61277,0.61277,0.61277,0.61277,0.61277,0.61277,0.61277,0.61277,0.61277,0.61277,0.61277,0.61277,0.61277,0.61277,0.61277,0.61277,0.61277,0.61277,0.61277,0.61277,0.61277,0.61277,0.61277,0.61277,0.61277,0.61277,0.61277,0.61277,0.61277,0.61277,0.61277,0.61277,0.61277,0.61277,0.61277,0.61277,0.61277,0.61277,0.61277,0.61277,0.61277,0.61277,0.61277,0.61277,0.61277,0.61277,0.61277,0.61277,0.61277,0.61277,0.61277,0.61277,0.61277,0.61277,0.61277,0.61277,0.61277,0.61277,0.61277,0.61277,0.61277,0.61277,0.61277,False,False,False,False,False,False,False,False,True,False,False,False,False,False,False,False,False,False,False,False,False,False,False,False,False,False,False
2013,0.61277,0.61277,0.61277,0.61277,0.61277,0.61277,0.61277,0.61277,0.61277,0.61277,0.61277,0.61277,0.61277,0.61277,0.61277,0.61277,0.61277,0.61277,0.61277,0.61277,0.61277,0.61277,0.61277,0.61277,0.61277,0.61277,0.61277,0.61277,0.61277,0.61277,0.61277,0.61277,0.61277,0.61277,0.61277,0.61277,0.61277,0.61277,0.61277,0.61277,0.61277,0.61277,0.61277,0.61277,0.61277,0.61277,0.61277,0.61277,0.61277,0.61277,0.61277,0.61277,0.61277,0.61277,0.61277,0.61277,0.61277,0.61277,0.61277,0.61277,0.61277,0.61277,0.61277,0.61277,0.61277,0.61277,0.61277,0.61277,0.61277,0.61277,0.61277,0.61277,0.61277,0.61277,0.61277,0.61277,0.61277,0.61277,0.61277,0.61277,0.61277,0.61277,0.61277,0.61277,0.61277,0.61277,0.61277,0.61277,0.61277,0.61277,0.61277,0.61277,0.61277,0.61277,0.61277,0.61277,False,False,False,False,False,False,False,False,False,True,False,False,False,False,False,False,False,False,False,False,False,False,False,False,False,False,False
2013,0.61277,0.61277,0.61277,0.61277,0.61277,0.61277,0.61277,0.61277,0.61277,0.61277,0.61277,0.61277,0.61277,0.61277,0.61277,0.61277,0.61277,0.61277,0.61277,0.61277,0.61277,0.61277,0.61277,0.61277,0.61277,0.61277,0.61277,0.61277,0.61277,0.61277,0.61277,0.61277,0.61277,0.61277,0.61277,0.61277,0.61277,0.61277,0.61277,0.61277,0.61277,0.61277,0.61277,0.61277,0.61277,0.61277,0.61277,0.61277,0.61277,0.61277,0.61277,0.61277,0.61277,0.61277,0.61277,0.61277,0.61277,0.61277,0.61277,0.62862,0.70487,0.45644,0.45644,0.45644,0.45644,0.45644,0.45644,0.45644,0.45644,0.45644,0.45644,0.45644,0.45644,0.45644,0.45644,0.45644,0.45644,0.45644,0.45644,0.45644,0.45644,0.45644,0.45644,0.45644,0.45644,0.45644,0.45644,0.45644,0.45644,0.45644,0.45644,0.45644,0.45644,0.45644,0.45644,0.45644,False,False,False,False,False,False,False,False,False,False,True,False,False,False,False,False,False,False,False,False,False,False,False,False,False,False,False
2013,0.45644,0.45644,0.45644,0.45644,0.45644,0.45644,0.45644,0.45644,0.45644,0.45644,0.45644,0.45644,0.45644,0.45644,0.45644,0.45644,0.45644,0.45644,0.45644,0.45644,0.45644,0.45644,0.45644,0.45644,0.45644,0.45644,0.45644,0.45644,0.45644,0.45644,0.45644,0.45644,0.45644,0.45644,0.45644,0.45644,0.45644,0.45644,0.45644,0.45644,0.45644,0.45644,0.45644,0.45644,0.45644,0.45644,0.45644,0.45644,0.45644,0.45644,0.45644,0.45644,0.45644,0.45644,0.45644,0.45644,0.45644,0.45644,0.45644,0.45644,0.45644,0.45644,0.45644,0.45644,0.45644,0.45644,0.45644,0.45644,0.45644,0.45644,0.45644,0.45644,0.45644,0.45644,0.45644,0.45644,0.45644,0.45644,0.45644,0.45644,0.45644,0.45644,0.45644,0.45644,0.45644,0.45644,0.45644,0.45644,0.45644,0.45644,0.45644,0.45644,0.45644,0.45644,0.45644,0.45644,False,False,False,False,False,False,False,False,False,False,False,True,False,False,False,False,False,False,False,False,False,False,False,False,False,False,False
2013,0.45644,0.45644,0.45644,0.45644,0.45644,0.45644,0.45644,0.45644,0.45644,0.45644,0.45644,0.45644,0.45644,0.45644,0.45644,0.45644,0.45644,0.45644,0.45644,0.45644,0.45644,0.45644,0.45644,0.45644,0.45644,0.45644,0.45644,0.45644,0.45644,0.45644,0.45644,0.45644,0.45644,0.45644,0.45644,0.45644,0.45644,0.45644,0.45644,0.45644,0.45644,0.45644,0.45644,0.45644,0.45644,0.45644,0.45644,0.45644,0.45644,0.45644,0.45644,0.45644,0.45644,0.45644,0.45644,0.45644,0.45644,0.45644,0.45644,0.45644,0.45644,0.45644,0.45644,0.45644,0.45644,0.45644,0.45644,0.45644,0.45644,0.45644,0.45644,0.45644,0.45644,0.45644,0.45644,0.45644,0.45644,0.45644,0.45644,0.45644,0.45644,0.45644,0.45644,0.45644,0.45644,0.45644,0.45644,0.45644,0.45644,0.45644,0.45644,0.45644,0.45644,0.45644,0.45644,0.45644,False,False,False,False,False,False,False,False,False,False,False,False,True,False,False,False,False,False,False,False,False,False,False,False,False,False,False
2013,0.45644,0.45644,0.45644,0.45644,0.45644,0.45644,0.45644,0.45644,0.45644,0.45644,0.45644,0.45644,0.45644,0.45644,0.45644,0.45644,0.45644,0.45644,0.45644,0.45644,0.45644,0.45644,0.45644,0.45644,0.45644,0.45644,0.45644,0.45644,0.45644,0.45644,0.45644,0.45644,0.45644,0.45644,0.45644,0.45644,0.45644,0.45644,0.45644,0.45644,0.45644,0.45644,0.45644,0.45644,0.45644,0.45644,0.45644,0.45644,0.45644,0.45644,0.45644,0.45644,0.45644,0.45644,0.45644,0.45644,0.45644,0.45644,0.45644,0.45644,0.45644,0.45644,0.45644,0.45644,0.45644,0.45644,0.45644,0.45644,0.45644,0.45644,0.45644,0.45644,0.45644,0.45644,0.45644,0.45644,0.45644,0.45644,0.45644,0.45644,0.45644,0.45644,0.45644,0.45644,0.45644,0.45644,0.45644,0.45644,0.45644,0.45644,0.45644,0.45644,0.45644,0.45644,0.45644,0.45644,False,False,False,False,False,False,False,False,False,False,False,False,False,True,False,False,False,False,False,False,False,False,False,False,False,False,False
2013,0.45644,0.45644,0.45644,0.45644,0.45644,0.45644,0.45644,0.45644,0.45644,0.45644,0.45644,0.45644,0.45644,0.45644,0.45644,0.45644,0.45644,0.45644,0.45644,0.45644,0.45644,0.45644,0.45644,0.45644,0.45644,0.45644,0.45644,0.45644,0.45644,0.45644,0.45644,0.45644,0.45644,0.45644,0.45644,0.45644,0.45644,0.45644,0.45644,0.45644,0.45644,0.45644,0.45644,0.45644,0.45644,0.45644,0.45644,0.45644,0.45644,0.45644,0.45644,0.45644,0.45644,0.45644,0.45644,0.45644,0.45644,0.45644,0.45644,0.45644,0.45644,0.45644,0.45644,0.45644,0.45644,0.45644,0.45644,0.45644,0.45644,0.45644,0.45644,0.45644,0.45644,0.45644,0.45644,0.45644,0.45644,0.45644,0.45644,0.45644,0.45644,0.45644,0.45644,0.45644,0.45644,0.45644,0.45644,0.45644,0.45644,0.45644,0.45644,0.45644,0.45644,0.45644,0.45644,0.45644,False,False,False,False,False,False,False,False,False,False,False,False,False,False,True,False,False,False,False,False,False,False,False,False,False,False,False
2013,0.45644,0.45644,0.45644,0.45644,0.45644,0.45644,0.45644,0.45644,0.45644,0.45644,0.45644,0.45644,0.45644,0.45644,0.45644,0.45644,0.45644,0.45644,0.45644,0.45644,0.45644,0.45644,0.45644,0.45644,0.45644,0.45644,0.45644,0.45644,0.45644,0.45644,0.45644,0.45644,0.45644,0.45644,0.45644,0.45644,0.45644,0.45644,0.45644,0.45644,0.45644,0.45644,0.45644,0.45644,0.45644,0.45644,0.45644,0.45644,0.45644,0.45644,0.45644,0.45644,0.45644,0.45644,0.45644,0.45644,0.45644,0.45644,0.45644,0.45644,0.45644,0.45644,0.45644,0.45644,0.45644,0.45644,0.45644,0.45644,0.45644,0.45644,0.45644,0.45644,0.45644,0.45644,0.45644,0.45644,0.45644,0.45644,0.45644,0.45644,0.45644,0.45644,0.45644,0.45644,0.45644,0.45644,0.45644,0.45644,0.45644,0.45644,0.45644,0.45644,0.45644,0.45644,0.45644,0.45644,False,False,False,False,False,False,False,False,False,False,False,False,False,False,False,True,False,False,False,False,False,False,False,False,False,False,False
2013,0.45644,0.45644,0.45644,0.45644,0.45644,0.45644,0.45644,0.45644,0.45644,0.45644,0.45644,0.45644,0.45644,0.45644,0.45644,0.45644,0.45644,0.45644,0.45644,0.45644,0.45644,0.45644,0.45644,0.45644,0.45644,0.45644,0.45644,0.45644,0.45644,0.45644,0.45644,0.45644,0.45644,0.45644,0.45644,0.45644,0.45644,0.45644,0.45644,0.45644,0.45644,0.45644,0.45644,0.45644,0.45644,0.45644,0.45644,0.45644,0.45644,0.45644,0.45644,0.45644,0.45644,0.45644,0.45644,0.45644,0.45644,0.45644,0.45644,0.45644,0.45644,0.45644,0.45644,0.45644,0.45644,0.45644,0.45644,0.45644,0.45644,0.45644,0.45644,0.45644,0.45644,0.45644,0.45644,0.45644,0.45644,0.45644,0.45644,0.45644,0.45644,0.45644,0.45644,0.45644,0.45644,0.45644,0.45644,0.45644,0.45644,0.45644,0.45644,0.45644,0.45644,0.45644,0.45644,0.45644,False,False,False,False,False,False,False,False,False,False,False,False,False,False,False,False,True,False,False,False,False,False,False,False,False,False,False
2013,0.45644,0.45644,0.45644,0.45644,0.45644,0.45644,0.45644,0.45644,0.45644,0.45644,0.45644,0.45644,0.45644,0.45644,0.45644,0.45644,0.45644,0.45644,0.45644,0.45644,0.45644,0.45644,0.45644,0.45644,0.45644,0.45644,0.45644,0.45644,0.45644,0.57214,0.827,0.827,0.827,0.827,0.827,0.827,0.827,0.827,0.80134,0.4603,0.4603,0.4603,0.4603,0.4603,0.4603,0.4603,0.4603,0.4603,0.4603,0.4603,0.4603,0.4603,0.4603,0.4603,0.4603,0.4603,0.4603,0.4603,0.4603,0.4603,0.4603,0.4603,0.4603,0.4603,0.4603,0.4603,0.4603,0.4603,0.4603,0.4603,0.4603,0.4603,0.4603,0.4603,0.4603,0.4603,0.4603,0.4603,0.4603,0.4603,0.4603,0.4603,0.4603,0.4603,0.4603,0.4603,0.4603,0.4603,0.4603,0.4603,0.4603,0.4603,0.4603,0.4603,0.4603,0.4603,False,False,False,False,False,False,False,False,False,False,False,False,False,False,False,False,False,True,False,False,False,False,False,False,False,False,False
2013,0.69071,0.82797,0.82797,0.82797,0.82797,0.82797,0.82797,0.82797,0.82797,0.82797,0.82797,0.82797,0.82797,0.82797,0.82797,0.82797,0.82797,0.82797,0.82797,0.82797,0.82797,0.82797,0.82797,0.82797,0.82797,0.82797,0.82797,0.82797,0.82797,0.82797,0.82797,0.82797,0.82797,0.82797,0.82797,0.82797,0.82797,0.82797,0.82797,0.82797,0.82797,0.82797,0.82797,0.82797,0.82797,0.82797,0.82797,0.82797,0.82797,0.82797,0.82797,0.82797,0.82797,0.82797,0.82797,0.82797,0.82797,0.82797,0.82797,0.82797,0.82797,0.82797,0.82797,0.82797,0.82797,0.82797,0.82797,0.82797,0.82797,0.82797,0.82797,0.82797,0.82797,0.82797,0.82797,0.82797,0.82797,0.82797,0.82797,0.82797,0.82797,0.82797,0.82797,0.82797,0.82797,0.82797,0.82797,0.82797,0.82797,0.82797,0.82797,0.82797,0.82797,0.82797,0.82797,0.82797,False,False,False,False,False,False,False,False,False,False,False,False,False,False,False,False,False,False,True,False,False,False,False,False,False,False,False
2013,0.82797,0.82797,0.82797,0.82797,0.82797,0.82797,0.82797,0.82797,0.82797,0.82797,0.82797,0.82797,0.82797,0.82797,0.82797,0.82797,0.82797,0.82797,0.82797,0.82797,0.82797,0.82797,0.82797,0.82797,0.82797,0.82797,0.82797,0.82797,0.82797,0.82797,0.82797,0.82797,0.82797,0.82797,0.82797,0.82797,0.82797,0.82797,0.82797,0.82797,0.82797,0.82797,0.82797,0.82797,0.82797,0.82797,0.82797,0.82797,0.82797,0.82797,0.82797,0.82797,0.82797,0.82797,0.82797,0.82797,0.49713,0.46127,0.46127,0.46127,0.46127,0.46127,0.46127,0.46127,0.46127,0.46127,0.46127,0.46127,0.46127,0.46127,0.46127,0.46127,0.46127,0.46127,0.46127,0.46127,0.46127,0.46127,0.46127,0.46127,0.46127,0.46127,0.46127,0.46127,0.46127,0.46127,0.46127,0.46127,0.46127,0.46127,0.46127,0.46127,0.46127,0.46127,0.46127,0.46127,False,False,False,False,False,False,False,False,False,False,False,False,False,False,False,False,False,False,False,True,False,False,False,False,False,False,False
2013,0.46127,0.46127,0.46127,0.46127,0.46127,0.46127,0.46127,0.46127,0.46127,0.46127,0.46127,0.46127,0.46127,0.46127,0.46127,0.46127,0.46127,0.46127,0.46127,0.46127,0.46127,0.46127,0.46127,0.46127,0.46127,0.46127,0.46127,0.46127,0.46127,0.46127,0.46127,0.46127,0.46127,0.46127,0.46127,0.46127,0.46127,0.46127,0.46127,0.46127,0.46127,0.46127,0.46127,0.46127,0.8721,1.05667,0.84357,0.63883,0.63883,0.63883,0.63883,0.63883,0.63883,0.63883,0.63883,0.63883,0.63883,0.63883,0.63883,0.63883,0.63883,0.63883,0.63883,0.63883,0.63883,0.63883,0.63883,0.63883,0.63883,0.63883,0.63883,0.63883,0.92234,1.00649,1.00649,1.00649,1.00649,1.00649,1.00649,1.00649,1.00649,1.00649,1.00649,1.00649,1.00649,1.00649,1.00649,1.00649,1.00649,1.00649,1.00649,1.00649,1.00649,1.00649,1.00649,1.00649,False,False,False,False,False,False,False,False,False,False,False,False,False,False,False,False,False,False,False,False,True,False,False,False,False,False,False
2013,1.00649,1.00649,1.00649,1.00649,1.00649,1.00649,1.00649,1.00649,1.00649,1.00649,1.00649,1.00649,1.00649,1.00649,1.00649,1.00649,1.00649,1.00649,1.00649,1.00649,1.00649,1.00649,1.00649,1.00649,1.00649,1.00649,1.00649,1.00649,1.00649,1.00649,1.00649,1.00649,1.00649,1.00649,1.00649,1.00649,1.00649,1.00649,1.00649,1.00649,1.00649,1.00649,1.00649,1.00649,1.00649,1.00649,1.00649,1.00649,1.00649,1.00649,1.00649,1.00649,1.00649,1.00649,1.00649,1.00649,1.00649,1.00649,1.00649,1.00649,1.00649,1.00649,1.00649,1.00649,1.00649,1.00649,1.00649,1.00649,1.00649,1.00649,1.00649,1.00649,1.00649,1.00649,1.00649,1.00649,1.00649,1.00649,1.00649,1.00649,1.00649,1.00649,1.00649,1.00649,1.00649,1.00649,1.00649,1.00649,1.00649,1.00649,1.00649,1.00649,1.00649,1.00649,1.00649,1.00649,False,False,False,False,False,False,False,False,False,False,False,False,False,False,False,False,False,False,False,False,False,True,False,False,False,False,False
2013,0.83086,0.83086,0.83086,0.83086,0.83086,0.83086,0.83086,0.83086,0.83086,0.83086,0.83086,0.83086,0.83086,0.83086,0.83086,0.83086,0.83086,0.83086,0.83086,0.83086,0.83086,0.83086,0.83086,0.83086,0.83086,0.83086,0.83086,0.83086,0.83086,0.83086,0.83086,0.83086,0.83086,0.83086,0.83086,0.83086,0.83086,0.83086,0.83086,0.83086,0.83086,0.83086,0.83086,0.83086,0.83086,0.83086,0.83086,0.83086,0.83086,0.83086,0.83086,0.83086,0.83086,0.83086,0.83086,0.83086,0.83086,0.83086,0.83086,0.83086,0.83086,0.83086,0.83086,0.83086,0.83086,0.83086,0.83086,0.83086,0.83086,0.83086,0.83086,0.83086,0.83086,0.83086,0.83086,0.83086,0.83086,0.83086,0.83086,0.83086,0.83086,0.83086,0.83086,0.83086,0.83086,0.83086,0.83086,0.83086,0.83086,0.83086,0.83086,0.83086,0.83086,0.83086,0.83086,0.83086,False,False,False,False,False,False,False,False,False,False,False,False,False,False,False,False,False,False,False,False,False,False,True,False,False,False,False
2013,0.83086,0.83086,0.83086,0.83086,0.83086,0.83086,0.83086,0.83086,0.83086,0.83086,0.83086,0.83086,0.83086,0.83086,0.83086,0.83086,0.83086,0.83086,0.83086,0.83086,0.83086,0.83086,0.83086,0.83086,0.83086,0.83086,0.83086,0.83086,0.83086,0.83086,0.83086,0.83086,0.83086,0.83086,0.83086,0.83086,0.83086,0.83086,0.83086,0.83086,0.83086,0.83086,0.83086,0.83086,0.83086,0.83086,0.83086,0.83086,0.83086,0.83086,0.83086,0.83086,0.83086,0.83086,0.83086,0.83086,0.83086,0.83086,0.83086,0.83086,0.83086,0.83086,0.83086,0.83086,0.83086,0.83086,0.83086,0.83086,0.83086,0.83086,0.83086,0.83086,0.83086,0.83086,0.83086,0.83086,0.83086,0.83086,0.83086,0.83086,0.83086,0.83086,0.83086,0.83086,0.83086,0.83086,0.83086,0.83086,0.83086,0.83086,0.83086,0.83086,0.83086,0.83086,0.83086,0.83086,False,False,False,False,False,False,False,False,False,False,False,False,False,False,False,False,False,False,False,False,False,False,False,True,False,False,False
2013,0.83086,0.83086,0.83086,0.83086,0.83086,0.83086,0.83086,0.83086,0.83086,0.83086,0.83086,0.83086,0.83086,0.83086,0.83086,0.83086,0.83086,0.83086,0.83086,0.83086,0.83086,0.83086,0.83086,0.83086,0.83086,0.83086,0.83086,0.83086,0.83086,0.83086,0.83086,0.83086,0.83086,0.83086,0.83086,0.83086,0.83086,0.83086,0.83086,0.83086,0.83086,0.83086,0.83086,0.83086,0.83086,0.83086,0.83086,0.83086,0.83086,0.83086,0.83086,0.83086,0.83086,0.83086,0.83086,0.83086,0.83086,0.83086,0.83086,0.83086,0.83086,0.83086,0.83086,0.83086,0.83086,0.83086,0.83086,0.83086,0.83086,0.83086,0.83086,0.83086,0.83086,0.83086,0.83086,0.83086,0.83086,0.83086,0.83086,0.83086,0.83086,0.83086,0.83086,0.83086,0.83086,0.83086,0.83086,0.83086,0.83086,0.83086,0.83086,0.83086,0.83086,0.83086,0.83086,0.83086,False,False,False,False,False,False,False,False,False,False,False,False,False,False,False,False,False,False,False,False,False,False,False,False,True,False,False
2013,0.83086,0.83086,0.83086,0.83086,0.83086,0.83086,0.83086,0.83086,0.83086,0.83086,0.83086,0.83086,0.83086,0.83086,0.83086,0.83086,0.83086,0.83086,0.83086,0.83086,0.83086,0.83086,0.83086,0.83086,0.83086,0.83086,0.83086,0.83086,0.83086,0.83086,0.83086,0.83086,0.83086,0.83086,0.83086,0.83086,0.83086,0.83086,0.83086,0.83086,0.83086,0.83086,0.83086,0.83086,0.83086,0.83086,0.83086,0.83086,0.83086,0.83086,0.83086,0.83086,0.83086,0.83086,0.83086,0.83086,0.83086,0.83086,0.83086,0.83086,0.83086,0.83086,0.83086,0.83086,0.83086,0.83086,0.83086,0.83086,0.83086,0.83086,0.83086,0.83086,0.83086,0.83086,0.83086,0.83086,0.83086,0.83086,0.83086,0.83086,0.83086,0.83086,0.83086,0.83086,0.83086,0.83086,0.83086,0.83086,0.83086,0.83086,0.83086,0.83086,0.83086,0.83086,0.83086,0.83086,False,False,False,False,False,False,False,False,False,False,False,False,False,False,False,False,False,False,False,False,False,False,False,False,False,True,False
2013,0.83086,0.83086,0.83086,0.83086,0.83086,0.83086,0.83086,0.83086,0.83086,0.83086,0.83086,0.83086,0.83086,0.83086,0.83086,0.83086,0.83086,0.83086,0.83086,0.83086,0.83086,0.83086,0.83086,0.83086,0.83086,0.83086,0.83086,0.83086,0.83086,0.83086,0.83086,0.68676,0.51531,0.51531,0.51531,0.51531,0.51531,0.51531,0.51531,0.51531,0.51531,0.51531,0.51531,0.51531,0.51531,0.51531,0.51531,0.51531,0.51531,0.51531,0.51531,0.51531,0.51531,0.51531,0.51531,0.51531,0.51531,0.51531,0.51531,0.51531,0.51531,0.51531,0.51531,0.53154,1.21107,1.21107,1.21107,1.21107,1.21107,1.21107,1.21107,1.21107,1.21107,1.21107,1.21107,1.21107,1.21107,1.21107,1.21107,1.21107,1.21107,1.21107,1.21107,1.21107,1.21107,1.21107,1.21107,1.21107,1.21107,1.21107,1.21107,1.21107,1.21107,1.21107,1.21107,1.21107,False,False,False,False,False,False,False,False,False,False,False,False,False,False,False,False,False,False,False,False,False,False,False,False,False,False,True
